checkpoint,mapa,entrada_por_fluxo_real,retorno_por_fluxo_real,scripts_ativos,save_carregado,batalhas_reais_do_grupo,anomalias,evidencia_rom_save_emulador
07A,BattleFrontier_BattleTowerLobby,pendente,pendente,obrigatório,pendente,pendente,,
07A,BattleFrontier_BattleTowerElevator,pendente,pendente,obrigatório,pendente,pendente,,
07A,BattleFrontier_BattleTowerCorridor,pendente,pendente,obrigatório,pendente,pendente,,
07A,BattleFrontier_BattleTowerBattleRoom,pendente,pendente,obrigatório,pendente,pendente,,
07A,BattleFrontier_BattleTowerMultiPartnerRoom,pendente,pendente,obrigatório,pendente,pendente,,
07A,BattleFrontier_BattleTowerMultiCorridor,pendente,pendente,obrigatório,pendente,pendente,,
07A,BattleFrontier_BattleTowerMultiBattleRoom,pendente,pendente,obrigatório,pendente,pendente,,
07B,BattleFrontier_BattleDomeBattleRoom,pendente,pendente,obrigatório,pendente,pendente,,
07B,BattleFrontier_BattleDomeCorridor,pendente,pendente,obrigatório,pendente,pendente,,
07B,BattleFrontier_BattleDomeLobby,pendente,pendente,obrigatório,pendente,pendente,,
07B,BattleFrontier_BattleDomePreBattleRoom,pendente,pendente,obrigatório,pendente,pendente,,
07C,BattleFrontier_BattleArenaBattleRoom,pendente,pendente,obrigatório,pendente,pendente,,
07C,BattleFrontier_BattleArenaCorridor,pendente,pendente,obrigatório,pendente,pendente,,
07C,BattleFrontier_BattleArenaLobby,pendente,pendente,obrigatório,pendente,pendente,,
07C,BattleFrontier_BattlePalaceBattleRoom,pendente,pendente,obrigatório,pendente,pendente,,
07C,BattleFrontier_BattlePalaceCorridor,pendente,pendente,obrigatório,pendente,pendente,,
07C,BattleFrontier_BattlePalaceLobby,pendente,pendente,obrigatório,pendente,pendente,,
07D,BattleFrontier_BattleFactoryBattleRoom,pendente,pendente,obrigatório,pendente,pendente,,
07D,BattleFrontier_BattleFactoryLobby,pendente,pendente,obrigatório,pendente,pendente,,
07D,BattleFrontier_BattleFactoryPreBattleRoom,pendente,pendente,obrigatório,pendente,pendente,,
07E,BattleFrontier_BattlePikeCorridor,pendente,pendente,obrigatório,pendente,pendente,,
07E,BattleFrontier_BattlePikeLobby,pendente,pendente,obrigatório,pendente,pendente,,
07E,BattleFrontier_BattlePikeRoomFinal,pendente,pendente,obrigatório,pendente,pendente,,
07E,BattleFrontier_BattlePikeRoomNormal,pendente,pendente,obrigatório,pendente,pendente,,
07E,BattleFrontier_BattlePikeRoomWildMons,pendente,pendente,obrigatório,pendente,pendente,,
07E,BattleFrontier_BattlePikeThreePathRoom,pendente,pendente,obrigatório,pendente,pendente,,
07F,BattleFrontier_BattlePyramidFloor,pendente,pendente,obrigatório,pendente,pendente,,
07F,BattleFrontier_BattlePyramidLobby,pendente,pendente,obrigatório,pendente,pendente,,
07F,BattleFrontier_BattlePyramidTop,pendente,pendente,obrigatório,pendente,pendente,,
07G,BattleFrontier_Lounge1,pendente,pendente,obrigatório,pendente,não se aplica,,
07G,BattleFrontier_Lounge2,pendente,pendente,obrigatório,pendente,não se aplica,,
07G,BattleFrontier_Lounge3,pendente,pendente,obrigatório,pendente,não se aplica,,
07G,BattleFrontier_Lounge4,pendente,pendente,obrigatório,pendente,não se aplica,,
07G,BattleFrontier_Lounge5,pendente,pendente,obrigatório,pendente,não se aplica,,
07G,BattleFrontier_Lounge6,pendente,pendente,obrigatório,pendente,não se aplica,,
07G,BattleFrontier_Lounge7,pendente,pendente,obrigatório,pendente,não se aplica,,
07G,BattleFrontier_Lounge8,pendente,pendente,obrigatório,pendente,não se aplica,,
07G,BattleFrontier_Lounge9,pendente,pendente,obrigatório,pendente,não se aplica,,
07G,BattleFrontier_ScottsHouse,pendente,pendente,obrigatório,pendente,não se aplica,,
07H,BattleFrontier_ExchangeServiceCorner,pendente,pendente,obrigatório,pendente,não se aplica,,
07H,BattleFrontier_Mart,pendente,pendente,obrigatório,pendente,não se aplica,,
07H,BattleFrontier_PokemonCenter_1F,pendente,pendente,obrigatório,pendente,não se aplica,,
07H,BattleFrontier_PokemonCenter_2F,pendente,pendente,obrigatório,pendente,não se aplica,,
07H,BattleFrontier_RankingHall,pendente,pendente,obrigatório,pendente,não se aplica,,
07I,BattleFrontier_OutsideEast,pendente,pendente,obrigatório,pendente,não se aplica,,
07I,BattleFrontier_OutsideWest,pendente,pendente,obrigatório,pendente,não se aplica,,
07I,BattleFrontier_ReceptionGate,pendente,pendente,obrigatório,pendente,não se aplica,,
