id,name,engine_species,types,ability1,ability2,hidden_ability,egg_group1,egg_group2,gender_ratio,egg_cycles,growth_rate,catch_rate,exp_yield,source_abilities
001,Caramelo,SPECIES_TORCHIC,fire,ABILITY_BLAZE,ABILITY_KEEN_EYE,ABILITY_FLASH_FIRE,EGG_GROUP_FIELD,EGG_GROUP_FIELD,PERCENT_FEMALE(50),20,GROWTH_MEDIUM_SLOW,45,108,Chama / Faro Fiel
002,Caramelão,SPECIES_COMBUSKEN,fire,ABILITY_BLAZE,ABILITY_INTIMIDATE,ABILITY_FLASH_FIRE,EGG_GROUP_FIELD,EGG_GROUP_FIELD,PERCENT_FEMALE(50),20,GROWTH_MEDIUM_SLOW,45,142,Chama / Intimidação
003,Draguará,SPECIES_BLAZIKEN,fire/dragon,ABILITY_BLAZE,ABILITY_INTIMIDATE,ABILITY_MULTISCALE,EGG_GROUP_FIELD,EGG_GROUP_DRAGON,PERCENT_FEMALE(50),20,GROWTH_MEDIUM_SLOW,45,198,Chama / Escama Dracônica
004,Querô,SPECIES_MUDKIP,water,ABILITY_TORRENT,ABILITY_KEEN_EYE,ABILITY_ANTICIPATION,EGG_GROUP_WATER_1,EGG_GROUP_WATER_1,PERCENT_FEMALE(50),20,GROWTH_MEDIUM_SLOW,45,113,Torrente / Alerta
005,Queribela,SPECIES_MARSHTOMP,water/bug,ABILITY_TORRENT,ABILITY_COMPOUND_EYES,ABILITY_SWARM,EGG_GROUP_WATER_1,EGG_GROUP_BUG,PERCENT_FEMALE(50),20,GROWTH_MEDIUM_SLOW,45,145,Torrente / Olho Composto
006,Terolibra,SPECIES_SWAMPERT,water/bug,ABILITY_TORRENT,ABILITY_SWARM,ABILITY_TINTED_LENS,EGG_GROUP_WATER_1,EGG_GROUP_BUG,PERCENT_FEMALE(50),20,GROWTH_MEDIUM_SLOW,45,198,Torrente / Enxame
007,Pimpau,SPECIES_TREECKO,grass,ABILITY_OVERGROW,ABILITY_OWN_TEMPO,ABILITY_SKILL_LINK,EGG_GROUP_GRASS,EGG_GROUP_GRASS,PERCENT_FEMALE(50),20,GROWTH_MEDIUM_SLOW,45,111,Espessura / Ritmo
008,Bicopau,SPECIES_GROVYLE,grass,ABILITY_OVERGROW,ABILITY_DEFIANT,ABILITY_KEEN_EYE,EGG_GROUP_GRASS,EGG_GROUP_GRASS,PERCENT_FEMALE(50),20,GROWTH_MEDIUM_SLOW,45,144,Espessura / Determinação
009,Petropico,SPECIES_SCEPTILE,grass/rock,ABILITY_OVERGROW,ABILITY_ROCK_HEAD,ABILITY_STURDY,EGG_GROUP_GRASS,EGG_GROUP_MINERAL,PERCENT_FEMALE(50),20,GROWTH_MEDIUM_SLOW,45,191,Espessura / Corpo Rochoso
010,Formilim,SPECIES_BULBASAUR,bug,ABILITY_SWARM,ABILITY_COMPOUND_EYES,ABILITY_QUICK_FEET,EGG_GROUP_BUG,EGG_GROUP_BUG,PERCENT_FEMALE(50),20,GROWTH_MEDIUM_FAST,180,83,Enxame
011,Saúvarco,SPECIES_IVYSAUR,bug/ground,ABILITY_SWARM,ABILITY_ARENA_TRAP,ABILITY_SHEER_FORCE,EGG_GROUP_BUG,EGG_GROUP_FIELD,PERCENT_FEMALE(50),20,GROWTH_MEDIUM_FAST,90,158,Enxame / Escavador
012,Capivim,SPECIES_VENUSAUR,water/normal,ABILITY_TORRENT,ABILITY_PICKUP,ABILITY_REGENERATOR,EGG_GROUP_WATER_1,EGG_GROUP_FIELD,PERCENT_FEMALE(50),20,GROWTH_MEDIUM_FAST,180,120,Corpo Molhado / Placidez
013,Tucanhão,SPECIES_CHARMANDER,flying/grass,ABILITY_KEEN_EYE,ABILITY_CHLOROPHYLL,ABILITY_QUICK_FEET,EGG_GROUP_FLYING,EGG_GROUP_GRASS,PERCENT_FEMALE(50),20,GROWTH_MEDIUM_FAST,180,146,Vista Aguçada / Colheita
014,Sagüim,SPECIES_CHARMELEON,normal,ABILITY_RUN_AWAY,ABILITY_PICKUP,ABILITY_QUICK_FEET,EGG_GROUP_FIELD,EGG_GROUP_FIELD,PERCENT_FEMALE(50),20,GROWTH_MEDIUM_FAST,180,103,Fura-mão / Corredor
015,Micuiras,SPECIES_CHARIZARD,normal/psychic,ABILITY_RUN_AWAY,ABILITY_TELEPATHY,ABILITY_COMPETITIVE,EGG_GROUP_FIELD,EGG_GROUP_AMORPHOUS,PERCENT_FEMALE(50),20,GROWTH_MEDIUM_FAST,90,156,Sincronia / Presságio
016,Boitatá,SPECIES_SQUIRTLE,fire/ghost,ABILITY_BLAZE,ABILITY_CURSED_BODY,ABILITY_COMPETITIVE,EGG_GROUP_FIELD,EGG_GROUP_AMORPHOUS,PERCENT_FEMALE(50),20,GROWTH_MEDIUM_FAST,90,171,Corpo Flamejante / Levitação
017,Curupim,SPECIES_WARTORTLE,grass/fairy,ABILITY_OVERGROW,ABILITY_MAGIC_GUARD,ABILITY_QUICK_FEET,EGG_GROUP_GRASS,EGG_GROUP_FAIRY,PERCENT_FEMALE(50),20,GROWTH_MEDIUM_FAST,180,148,Véu Vegetal / Brincalhão
018,Curupira,SPECIES_BLASTOISE,grass/fairy,ABILITY_OVERGROW,ABILITY_MAGIC_GUARD,ABILITY_QUICK_FEET,EGG_GROUP_GRASS,EGG_GROUP_FAIRY,PERCENT_FEMALE(50),40,GROWTH_SLOW,45,201,Véu Vegetal / Alma Antiga
019,Iaraço,SPECIES_CATERPIE,water/fairy,ABILITY_TORRENT,ABILITY_MAGIC_GUARD,ABILITY_COMPETITIVE,EGG_GROUP_WATER_1,EGG_GROUP_FAIRY,PERCENT_FEMALE(50),20,GROWTH_MEDIUM_FAST,90,183,Encanto / Corpo Molhado
020,Sacizinho,SPECIES_METAPOD,dark/flying,ABILITY_INTIMIDATE,ABILITY_BIG_PECKS,ABILITY_QUICK_FEET,EGG_GROUP_FIELD,EGG_GROUP_FLYING,PERCENT_FEMALE(50),20,GROWTH_MEDIUM_FAST,180,154,Vento Veloz / Travessura
021,Cactula,SPECIES_BUTTERFREE,grass/poison,ABILITY_OVERGROW,ABILITY_LIQUID_OOZE,ABILITY_BATTLE_ARMOR,EGG_GROUP_GRASS,EGG_GROUP_AMORPHOUS,PERCENT_FEMALE(50),20,GROWTH_MEDIUM_FAST,180,127,Corpo Seco / Ponto Cego
022,Muriçoco,SPECIES_WEEDLE,bug/poison,ABILITY_SWARM,ABILITY_LIQUID_OOZE,ABILITY_QUICK_FEET,EGG_GROUP_BUG,EGG_GROUP_AMORPHOUS,PERCENT_FEMALE(50),20,GROWTH_MEDIUM_FAST,180,96,Enxame / Ponto Cego
023,Onçaléu,SPECIES_KAKUNA,dark,ABILITY_INTIMIDATE,ABILITY_PRANKSTER,ABILITY_SHEER_FORCE,EGG_GROUP_FIELD,EGG_GROUP_FIELD,PERCENT_FEMALE(50),20,GROWTH_MEDIUM_FAST,90,175,Intimidação / Rasgo Rápido
024,Tamanduá,SPECIES_BEEDRILL,ground/steel,ABILITY_SAND_VEIL,ABILITY_BATTLE_ARMOR,ABILITY_SHEER_FORCE,EGG_GROUP_FIELD,EGG_GROUP_MINERAL,PERCENT_FEMALE(50),20,GROWTH_MEDIUM_FAST,180,157,Escavador / Garra Dura
025,Botim,SPECIES_PIDGEY,water,ABILITY_TORRENT,ABILITY_SWIFT_SWIM,ABILITY_QUICK_FEET,EGG_GROUP_WATER_1,EGG_GROUP_WATER_1,PERCENT_FEMALE(50),20,GROWTH_MEDIUM_FAST,180,94,Torrente / Corpo Molhado
026,Botão,SPECIES_PIDGEOTTO,water/psychic,ABILITY_TORRENT,ABILITY_TELEPATHY,ABILITY_SHEER_FORCE,EGG_GROUP_WATER_1,EGG_GROUP_AMORPHOUS,PERCENT_FEMALE(50),20,GROWTH_MEDIUM_FAST,90,135,Torrente / Corpo Molhado
027,Botogaláu,SPECIES_PIDGEOT,water/psychic,ABILITY_TORRENT,ABILITY_TELEPATHY,ABILITY_SHEER_FORCE,EGG_GROUP_WATER_1,EGG_GROUP_AMORPHOUS,PERCENT_FEMALE(50),20,GROWTH_MEDIUM_FAST,45,185,Torrente / Corpo Molhado
028,Tatuim,SPECIES_RATTATA,ground,ABILITY_SAND_VEIL,ABILITY_ARENA_TRAP,ABILITY_QUICK_FEET,EGG_GROUP_FIELD,EGG_GROUP_FIELD,PERCENT_FEMALE(50),20,GROWTH_MEDIUM_FAST,180,94,Escavador / Nuvem de Areia
029,Tatubola,SPECIES_RATICATE,ground/steel,ABILITY_SAND_VEIL,ABILITY_BATTLE_ARMOR,ABILITY_QUICK_FEET,EGG_GROUP_FIELD,EGG_GROUP_MINERAL,PERCENT_FEMALE(50),20,GROWTH_MEDIUM_FAST,90,135,Escavador / Nuvem de Areia
030,Tatuçu,SPECIES_SPEAROW,ground/steel,ABILITY_SAND_VEIL,ABILITY_BATTLE_ARMOR,ABILITY_SHEER_FORCE,EGG_GROUP_FIELD,EGG_GROUP_MINERAL,PERCENT_FEMALE(50),20,GROWTH_MEDIUM_FAST,45,185,Escavador / Nuvem de Areia
031,Ararinha,SPECIES_FEAROW,flying,ABILITY_KEEN_EYE,ABILITY_BIG_PECKS,ABILITY_QUICK_FEET,EGG_GROUP_FLYING,EGG_GROUP_FLYING,PERCENT_FEMALE(50),20,GROWTH_MEDIUM_FAST,180,95,Vista Aguçada / Vento Veloz
032,Arará,SPECIES_EKANS,flying/fire,ABILITY_KEEN_EYE,ABILITY_FLASH_FIRE,ABILITY_QUICK_FEET,EGG_GROUP_FLYING,EGG_GROUP_FIELD,PERCENT_FEMALE(50),20,GROWTH_MEDIUM_FAST,90,135,Vista Aguçada / Vento Veloz
033,Araracanga,SPECIES_ARBOK,flying/fire,ABILITY_KEEN_EYE,ABILITY_FLASH_FIRE,ABILITY_SHEER_FORCE,EGG_GROUP_FLYING,EGG_GROUP_FIELD,PERCENT_FEMALE(50),20,GROWTH_MEDIUM_FAST,45,183,Vista Aguçada / Vento Veloz
034,Jacarim,SPECIES_PIKACHU,water,ABILITY_TORRENT,ABILITY_SWIFT_SWIM,ABILITY_QUICK_FEET,EGG_GROUP_WATER_1,EGG_GROUP_WATER_1,PERCENT_FEMALE(50),20,GROWTH_MEDIUM_FAST,180,95,Torrente / Corpo Molhado
035,Jacarão,SPECIES_RAICHU,water/dark,ABILITY_TORRENT,ABILITY_PRANKSTER,ABILITY_QUICK_FEET,EGG_GROUP_WATER_1,EGG_GROUP_FIELD,PERCENT_FEMALE(50),20,GROWTH_MEDIUM_FAST,90,135,Torrente / Corpo Molhado
036,Jacarodon,SPECIES_SANDSHREW,water/dragon,ABILITY_TORRENT,ABILITY_SHED_SKIN,ABILITY_SHEER_FORCE,EGG_GROUP_WATER_1,EGG_GROUP_DRAGON,PERCENT_FEMALE(50),20,GROWTH_MEDIUM_FAST,45,184,Torrente / Corpo Molhado
037,Preguicim,SPECIES_SANDSLASH,grass,ABILITY_OVERGROW,ABILITY_CHLOROPHYLL,ABILITY_QUICK_FEET,EGG_GROUP_GRASS,EGG_GROUP_GRASS,PERCENT_FEMALE(50),20,GROWTH_MEDIUM_FAST,180,95,Espessura / Colheita
038,Preguicão,SPECIES_NIDORAN_F,grass/psychic,ABILITY_OVERGROW,ABILITY_TELEPATHY,ABILITY_QUICK_FEET,EGG_GROUP_GRASS,EGG_GROUP_AMORPHOUS,PERCENT_FEMALE(50),20,GROWTH_MEDIUM_FAST,90,135,Espessura / Colheita
039,Bicho-Preguiça,SPECIES_NIDORINA,grass/psychic,ABILITY_OVERGROW,ABILITY_TELEPATHY,ABILITY_SHEER_FORCE,EGG_GROUP_GRASS,EGG_GROUP_AMORPHOUS,PERCENT_FEMALE(50),20,GROWTH_MEDIUM_FAST,45,184,Espessura / Colheita
040,Papaguim,SPECIES_NIDOQUEEN,flying,ABILITY_KEEN_EYE,ABILITY_BIG_PECKS,ABILITY_QUICK_FEET,EGG_GROUP_FLYING,EGG_GROUP_FLYING,PERCENT_FEMALE(50),20,GROWTH_MEDIUM_FAST,180,95,Vista Aguçada / Vento Veloz
041,Papagaio,SPECIES_NIDORAN_M,flying/psychic,ABILITY_KEEN_EYE,ABILITY_TELEPATHY,ABILITY_QUICK_FEET,EGG_GROUP_FLYING,EGG_GROUP_AMORPHOUS,PERCENT_FEMALE(50),20,GROWTH_MEDIUM_FAST,90,135,Vista Aguçada / Vento Veloz
042,Papagaião,SPECIES_NIDORINO,flying/psychic,ABILITY_KEEN_EYE,ABILITY_TELEPATHY,ABILITY_SHEER_FORCE,EGG_GROUP_FLYING,EGG_GROUP_AMORPHOUS,PERCENT_FEMALE(50),20,GROWTH_MEDIUM_FAST,45,184,Vista Aguçada / Vento Veloz
043,Antinha,SPECIES_NIDOKING,normal,ABILITY_RUN_AWAY,ABILITY_PICKUP,ABILITY_QUICK_FEET,EGG_GROUP_FIELD,EGG_GROUP_FIELD,PERCENT_FEMALE(50),20,GROWTH_MEDIUM_FAST,180,95,Faro / Placidez
044,Anta,SPECIES_CLEFAIRY,normal/water,ABILITY_RUN_AWAY,ABILITY_SWIFT_SWIM,ABILITY_SHEER_FORCE,EGG_GROUP_FIELD,EGG_GROUP_WATER_1,PERCENT_FEMALE(50),20,GROWTH_MEDIUM_FAST,45,183,Faro / Placidez
045,Antaraú,SPECIES_CLEFABLE,normal/water,ABILITY_RUN_AWAY,ABILITY_SWIFT_SWIM,ABILITY_SHEER_FORCE,EGG_GROUP_FIELD,EGG_GROUP_WATER_1,PERCENT_FEMALE(50),20,GROWTH_MEDIUM_FAST,180,149,Faro / Placidez
046,Sucurim,SPECIES_VULPIX,water/poison,ABILITY_TORRENT,ABILITY_LIQUID_OOZE,ABILITY_QUICK_FEET,EGG_GROUP_WATER_1,EGG_GROUP_AMORPHOUS,PERCENT_FEMALE(50),20,GROWTH_MEDIUM_FAST,180,95,Torrente / Corpo Molhado
047,Sucuri,SPECIES_NINETALES,water/poison,ABILITY_TORRENT,ABILITY_LIQUID_OOZE,ABILITY_SHEER_FORCE,EGG_GROUP_WATER_1,EGG_GROUP_AMORPHOUS,PERCENT_FEMALE(50),20,GROWTH_MEDIUM_FAST,90,160,Muda / Faro
048,Boiuna,SPECIES_JIGGLYPUFF,water/dragon,ABILITY_TORRENT,ABILITY_SHED_SKIN,ABILITY_SHEER_FORCE,EGG_GROUP_WATER_1,EGG_GROUP_DRAGON,PERCENT_FEMALE(50),40,GROWTH_SLOW,45,200,Muda / Intimidação
049,Borbolim,SPECIES_WIGGLYTUFF,bug,ABILITY_SWARM,ABILITY_COMPOUND_EYES,ABILITY_QUICK_FEET,EGG_GROUP_BUG,EGG_GROUP_BUG,PERCENT_FEMALE(50),20,GROWTH_MEDIUM_FAST,180,96,Enxame / Olho Composto
050,Casulete,SPECIES_ZUBAT,bug,ABILITY_SWARM,ABILITY_COMPOUND_EYES,ABILITY_QUICK_FEET,EGG_GROUP_BUG,EGG_GROUP_BUG,PERCENT_FEMALE(50),20,GROWTH_MEDIUM_FAST,90,94,Enxame / Olho Composto
051,Morphália,SPECIES_GOLBAT,bug/fairy,ABILITY_SWARM,ABILITY_MAGIC_GUARD,ABILITY_SHEER_FORCE,EGG_GROUP_BUG,EGG_GROUP_FAIRY,PERCENT_FEMALE(50),20,GROWTH_MEDIUM_FAST,45,184,Enxame / Olho Composto
052,Guaracim,SPECIES_ODDISH,fire,ABILITY_BLAZE,ABILITY_FLASH_FIRE,ABILITY_QUICK_FEET,EGG_GROUP_FIELD,EGG_GROUP_FIELD,PERCENT_FEMALE(50),20,GROWTH_MEDIUM_FAST,180,96,Chama / Corpo Flamejante
053,Guará,SPECIES_GLOOM,fire/normal,ABILITY_BLAZE,ABILITY_PICKUP,ABILITY_SHEER_FORCE,EGG_GROUP_FIELD,EGG_GROUP_FIELD,PERCENT_FEMALE(50),20,GROWTH_MEDIUM_FAST,45,184,Chama / Corpo Flamejante
054,Guaraflama,SPECIES_VILEPLUME,fire/ghost,ABILITY_BLAZE,ABILITY_CURSED_BODY,ABILITY_QUICK_FEET,EGG_GROUP_FIELD,EGG_GROUP_AMORPHOUS,PERCENT_FEMALE(50),20,GROWTH_MEDIUM_FAST,180,149,Chama / Corpo Flamejante
055,Peixim,SPECIES_PARAS,water,ABILITY_TORRENT,ABILITY_SWIFT_SWIM,ABILITY_SHEER_FORCE,EGG_GROUP_WATER_2,EGG_GROUP_WATER_2,PERCENT_FEMALE(50),20,GROWTH_MEDIUM_FAST,180,94,Torrente / Corpo Molhado
056,Peixeboi,SPECIES_PARASECT,water,ABILITY_TORRENT,ABILITY_SWIFT_SWIM,ABILITY_SHEER_FORCE,EGG_GROUP_WATER_2,EGG_GROUP_WATER_2,PERCENT_FEMALE(50),20,GROWTH_MEDIUM_FAST,45,184,Torrente / Corpo Molhado
057,Mãe-d'Água,SPECIES_VENONAT,water/fairy,ABILITY_TORRENT,ABILITY_MAGIC_GUARD,ABILITY_QUICK_FEET,EGG_GROUP_WATER_2,EGG_GROUP_FAIRY,PERCENT_FEMALE(50),20,GROWTH_MEDIUM_FAST,180,149,Torrente / Corpo Molhado
058,Mandim,SPECIES_VENOMOTH,water,ABILITY_TORRENT,ABILITY_SWIFT_SWIM,ABILITY_QUICK_FEET,EGG_GROUP_WATER_1,EGG_GROUP_WATER_1,PERCENT_FEMALE(50),20,GROWTH_MEDIUM_FAST,180,94,Torrente / Corpo Molhado
059,Mandí,SPECIES_DIGLETT,water/poison,ABILITY_TORRENT,ABILITY_LIQUID_OOZE,ABILITY_SHEER_FORCE,EGG_GROUP_WATER_1,EGG_GROUP_AMORPHOUS,PERCENT_FEMALE(50),20,GROWTH_MEDIUM_FAST,90,135,Torrente / Corpo Molhado
060,Mandubé,SPECIES_DUGTRIO,water/dark,ABILITY_TORRENT,ABILITY_PRANKSTER,ABILITY_SHEER_FORCE,EGG_GROUP_WATER_1,EGG_GROUP_FIELD,PERCENT_FEMALE(50),20,GROWTH_MEDIUM_FAST,45,185,Torrente / Corpo Molhado
061,Preguim,SPECIES_MEOWTH,normal,ABILITY_RUN_AWAY,ABILITY_PICKUP,ABILITY_QUICK_FEET,EGG_GROUP_FIELD,EGG_GROUP_FIELD,PERCENT_FEMALE(50),20,GROWTH_MEDIUM_FAST,180,94,Faro / Placidez
062,Prego,SPECIES_PERSIAN,fighting/normal,ABILITY_GUTS,ABILITY_PICKUP,ABILITY_QUICK_FEET,EGG_GROUP_HUMAN_LIKE,EGG_GROUP_FIELD,PERCENT_FEMALE(50),20,GROWTH_MEDIUM_FAST,90,135,Determinação / Coragem
063,Pregarcanjo,SPECIES_PSYDUCK,fighting/psychic,ABILITY_GUTS,ABILITY_TELEPATHY,ABILITY_SHEER_FORCE,EGG_GROUP_HUMAN_LIKE,EGG_GROUP_AMORPHOUS,PERCENT_FEMALE(50),20,GROWTH_MEDIUM_FAST,45,185,Determinação / Coragem
064,Aranin,SPECIES_GOLDUCK,bug,ABILITY_SWARM,ABILITY_COMPOUND_EYES,ABILITY_QUICK_FEET,EGG_GROUP_BUG,EGG_GROUP_BUG,PERCENT_FEMALE(50),20,GROWTH_MEDIUM_FAST,180,95,Enxame / Olho Composto
065,Caraninha,SPECIES_MANKEY,bug/poison,ABILITY_SWARM,ABILITY_LIQUID_OOZE,ABILITY_QUICK_FEET,EGG_GROUP_BUG,EGG_GROUP_AMORPHOUS,PERCENT_FEMALE(50),20,GROWTH_MEDIUM_FAST,90,135,Enxame / Olho Composto
066,Caranga,SPECIES_PRIMEAPE,bug/poison,ABILITY_SWARM,ABILITY_LIQUID_OOZE,ABILITY_SHEER_FORCE,EGG_GROUP_BUG,EGG_GROUP_AMORPHOUS,PERCENT_FEMALE(50),20,GROWTH_MEDIUM_FAST,45,183,Enxame / Olho Composto
067,Gatim,SPECIES_GROWLITHE,normal,ABILITY_RUN_AWAY,ABILITY_PICKUP,ABILITY_QUICK_FEET,EGG_GROUP_FIELD,EGG_GROUP_FIELD,PERCENT_FEMALE(50),20,GROWTH_MEDIUM_FAST,180,95,Faro / Placidez
068,Gato-do-mato,SPECIES_ARCANINE,normal/dark,ABILITY_RUN_AWAY,ABILITY_PRANKSTER,ABILITY_SHEER_FORCE,EGG_GROUP_FIELD,EGG_GROUP_FIELD,PERCENT_FEMALE(50),20,GROWTH_MEDIUM_FAST,45,185,Faro / Placidez
069,Jaguatirica,SPECIES_POLIWAG,dark/normal,ABILITY_INTIMIDATE,ABILITY_PICKUP,ABILITY_SHEER_FORCE,EGG_GROUP_FIELD,EGG_GROUP_FIELD,PERCENT_FEMALE(50),20,GROWTH_MEDIUM_FAST,180,148,Intimidação / Cara de Mau
070,Cutim,SPECIES_POLIWHIRL,normal,ABILITY_RUN_AWAY,ABILITY_PICKUP,ABILITY_QUICK_FEET,EGG_GROUP_FIELD,EGG_GROUP_FIELD,PERCENT_FEMALE(50),20,GROWTH_MEDIUM_FAST,180,95,Faro / Placidez
071,Cutia,SPECIES_POLIWRATH,normal,ABILITY_RUN_AWAY,ABILITY_PICKUP,ABILITY_SHEER_FORCE,EGG_GROUP_FIELD,EGG_GROUP_FIELD,PERCENT_FEMALE(50),20,GROWTH_MEDIUM_FAST,45,185,Faro / Placidez
072,Paca,SPECIES_ABRA,normal/dark,ABILITY_RUN_AWAY,ABILITY_PRANKSTER,ABILITY_SHEER_FORCE,EGG_GROUP_FIELD,EGG_GROUP_FIELD,PERCENT_FEMALE(50),20,GROWTH_MEDIUM_FAST,180,148,Faro / Placidez
073,Formigão,SPECIES_KADABRA,bug/fighting,ABILITY_SWARM,ABILITY_INNER_FOCUS,ABILITY_QUICK_FEET,EGG_GROUP_BUG,EGG_GROUP_HUMAN_LIKE,PERCENT_FEMALE(50),20,GROWTH_MEDIUM_FAST,180,149,Enxame / Olho Composto
074,Marimbondo,SPECIES_ALAKAZAM,bug/poison,ABILITY_SWARM,ABILITY_LIQUID_OOZE,ABILITY_QUICK_FEET,EGG_GROUP_BUG,EGG_GROUP_AMORPHOUS,PERCENT_FEMALE(50),20,GROWTH_MEDIUM_FAST,180,150,Enxame / Olho Composto
075,Abelhinha,SPECIES_MACHOP,bug/flying,ABILITY_SWARM,ABILITY_BIG_PECKS,ABILITY_SHEER_FORCE,EGG_GROUP_BUG,EGG_GROUP_FLYING,PERCENT_FEMALE(50),20,GROWTH_MEDIUM_FAST,180,149,Enxame / Olho Composto
076,Quatim,SPECIES_MACHOKE,normal,ABILITY_RUN_AWAY,ABILITY_PICKUP,ABILITY_QUICK_FEET,EGG_GROUP_FIELD,EGG_GROUP_FIELD,PERCENT_FEMALE(50),20,GROWTH_MEDIUM_FAST,180,95,Faro / Placidez
077,Quati,SPECIES_MACHAMP,normal/dark,ABILITY_RUN_AWAY,ABILITY_PRANKSTER,ABILITY_SHEER_FORCE,EGG_GROUP_FIELD,EGG_GROUP_FIELD,PERCENT_FEMALE(50),20,GROWTH_MEDIUM_FAST,45,183,Faro / Placidez
078,Coati,SPECIES_BELLSPROUT,dark/ground,ABILITY_INTIMIDATE,ABILITY_ARENA_TRAP,ABILITY_SHEER_FORCE,EGG_GROUP_FIELD,EGG_GROUP_FIELD,PERCENT_FEMALE(50),20,GROWTH_MEDIUM_FAST,180,149,Intimidação / Cara de Mau
079,Gambá,SPECIES_WEEPINBELL,poison/normal,ABILITY_POISON_POINT,ABILITY_PICKUP,ABILITY_QUICK_FEET,EGG_GROUP_AMORPHOUS,EGG_GROUP_FIELD,PERCENT_FEMALE(50),20,GROWTH_MEDIUM_FAST,180,95,Ponto Cego / Corpo Fedido
080,Cangambá,SPECIES_VICTREEBEL,poison/dark,ABILITY_POISON_POINT,ABILITY_PRANKSTER,ABILITY_SHEER_FORCE,EGG_GROUP_AMORPHOUS,EGG_GROUP_FIELD,PERCENT_FEMALE(50),20,GROWTH_MEDIUM_FAST,45,184,Ponto Cego / Corpo Fedido
081,Sarué,SPECIES_TENTACOOL,poison/ghost,ABILITY_POISON_POINT,ABILITY_CURSED_BODY,ABILITY_SHEER_FORCE,EGG_GROUP_AMORPHOUS,EGG_GROUP_AMORPHOUS,PERCENT_FEMALE(50),20,GROWTH_MEDIUM_FAST,180,149,Ponto Cego / Corpo Fedido
082,Tuquinho,SPECIES_TENTACRUEL,flying,ABILITY_KEEN_EYE,ABILITY_BIG_PECKS,ABILITY_QUICK_FEET,EGG_GROUP_FLYING,EGG_GROUP_FLYING,PERCENT_FEMALE(50),20,GROWTH_MEDIUM_FAST,180,96,Vista Aguçada / Vento Veloz
083,Aracari,SPECIES_GEODUDE,flying/grass,ABILITY_KEEN_EYE,ABILITY_CHLOROPHYLL,ABILITY_SHEER_FORCE,EGG_GROUP_FLYING,EGG_GROUP_GRASS,PERCENT_FEMALE(50),20,GROWTH_MEDIUM_FAST,45,184,Vista Aguçada / Vento Veloz
084,Curicaca,SPECIES_GRAVELER,flying/normal,ABILITY_KEEN_EYE,ABILITY_PICKUP,ABILITY_QUICK_FEET,EGG_GROUP_FLYING,EGG_GROUP_FIELD,PERCENT_FEMALE(50),20,GROWTH_MEDIUM_FAST,180,149,Vista Aguçada / Vento Veloz
085,Sapim,SPECIES_GOLEM,water,ABILITY_TORRENT,ABILITY_SWIFT_SWIM,ABILITY_QUICK_FEET,EGG_GROUP_WATER_1,EGG_GROUP_WATER_1,PERCENT_FEMALE(50),20,GROWTH_MEDIUM_FAST,180,96,Torrente / Corpo Molhado
086,Sapão,SPECIES_PONYTA,water/poison,ABILITY_TORRENT,ABILITY_LIQUID_OOZE,ABILITY_SHEER_FORCE,EGG_GROUP_WATER_1,EGG_GROUP_AMORPHOUS,PERCENT_FEMALE(50),20,GROWTH_MEDIUM_FAST,90,134,Torrente / Corpo Molhado
087,Cururu,SPECIES_RAPIDASH,poison/ground,ABILITY_POISON_POINT,ABILITY_ARENA_TRAP,ABILITY_SHEER_FORCE,EGG_GROUP_AMORPHOUS,EGG_GROUP_FIELD,PERCENT_FEMALE(50),20,GROWTH_MEDIUM_FAST,45,185,Ponto Cego / Corpo Fedido
088,Teiuzim,SPECIES_SLOWPOKE,normal,ABILITY_RUN_AWAY,ABILITY_PICKUP,ABILITY_SHEER_FORCE,EGG_GROUP_FIELD,EGG_GROUP_FIELD,PERCENT_FEMALE(50),20,GROWTH_MEDIUM_FAST,180,94,Faro / Placidez
089,Teiú,SPECIES_SLOWBRO,normal/dark,ABILITY_RUN_AWAY,ABILITY_PRANKSTER,ABILITY_SHEER_FORCE,EGG_GROUP_FIELD,EGG_GROUP_FIELD,PERCENT_FEMALE(50),20,GROWTH_MEDIUM_FAST,45,184,Faro / Placidez
090,Camaleão,SPECIES_MAGNEMITE,normal/psychic,ABILITY_RUN_AWAY,ABILITY_TELEPATHY,ABILITY_QUICK_FEET,EGG_GROUP_FIELD,EGG_GROUP_AMORPHOUS,PERCENT_FEMALE(50),20,GROWTH_MEDIUM_FAST,180,149,Faro / Placidez
091,Morcim,SPECIES_MAGNETON,flying,ABILITY_KEEN_EYE,ABILITY_BIG_PECKS,ABILITY_QUICK_FEET,EGG_GROUP_FLYING,EGG_GROUP_FLYING,PERCENT_FEMALE(50),20,GROWTH_MEDIUM_FAST,180,94,Vista Aguçada / Vento Veloz
092,Morcego,SPECIES_FARFETCHD,flying/psychic,ABILITY_KEEN_EYE,ABILITY_TELEPATHY,ABILITY_SHEER_FORCE,EGG_GROUP_FLYING,EGG_GROUP_AMORPHOUS,PERCENT_FEMALE(50),20,GROWTH_MEDIUM_FAST,90,135,Vista Aguçada / Vento Veloz
093,Vampiro,SPECIES_DODUO,flying/dark,ABILITY_KEEN_EYE,ABILITY_PRANKSTER,ABILITY_SHEER_FORCE,EGG_GROUP_FLYING,EGG_GROUP_FIELD,PERCENT_FEMALE(50),20,GROWTH_MEDIUM_FAST,45,185,Vista Aguçada / Vento Veloz
094,Piuiuim,SPECIES_DODRIO,flying,ABILITY_KEEN_EYE,ABILITY_BIG_PECKS,ABILITY_QUICK_FEET,EGG_GROUP_FLYING,EGG_GROUP_FLYING,PERCENT_FEMALE(50),20,GROWTH_MEDIUM_FAST,180,94,Vista Aguçada / Vento Veloz
095,Tuiuiú,SPECIES_SEEL,flying/water,ABILITY_KEEN_EYE,ABILITY_SWIFT_SWIM,ABILITY_SHEER_FORCE,EGG_GROUP_FLYING,EGG_GROUP_WATER_1,PERCENT_FEMALE(50),20,GROWTH_MEDIUM_FAST,45,184,Vista Aguçada / Vento Veloz
096,Colhereiro,SPECIES_DEWGONG,flying/fairy,ABILITY_KEEN_EYE,ABILITY_MAGIC_GUARD,ABILITY_QUICK_FEET,EGG_GROUP_FLYING,EGG_GROUP_FAIRY,PERCENT_FEMALE(50),20,GROWTH_MEDIUM_FAST,180,150,Vista Aguçada / Vento Veloz
097,Mulinha,SPECIES_GRIMER,normal,ABILITY_RUN_AWAY,ABILITY_PICKUP,ABILITY_QUICK_FEET,EGG_GROUP_FIELD,EGG_GROUP_FIELD,PERCENT_FEMALE(50),20,GROWTH_MEDIUM_FAST,180,95,Faro / Placidez
098,Mula,SPECIES_MUK,normal/fire,ABILITY_RUN_AWAY,ABILITY_FLASH_FIRE,ABILITY_QUICK_FEET,EGG_GROUP_FIELD,EGG_GROUP_FIELD,PERCENT_FEMALE(50),20,GROWTH_MEDIUM_FAST,90,135,Faro / Placidez
099,Mula-sem-Cabeça,SPECIES_SHELLDER,fire/ghost,ABILITY_BLAZE,ABILITY_CURSED_BODY,ABILITY_SHEER_FORCE,EGG_GROUP_FIELD,EGG_GROUP_AMORPHOUS,PERCENT_FEMALE(50),20,GROWTH_MEDIUM_FAST,45,183,Chama / Corpo Flamejante
100,Corcovado,SPECIES_CLOYSTER,rock/dragon,ABILITY_STURDY,ABILITY_SHED_SKIN,ABILITY_SHEER_FORCE,EGG_GROUP_MINERAL,EGG_GROUP_DRAGON,PERCENT_FEMALE(50),40,GROWTH_SLOW,45,201,Corpo Rochoso / Poeira
101,Cerválo,SPECIES_GASTLY,normal,ABILITY_RUN_AWAY,ABILITY_PICKUP,ABILITY_QUICK_FEET,EGG_GROUP_FIELD,EGG_GROUP_FIELD,PERCENT_FEMALE(50),20,GROWTH_MEDIUM_FAST,180,95,Faro / Placidez
102,Catingueiro,SPECIES_HAUNTER,normal/grass,ABILITY_RUN_AWAY,ABILITY_CHLOROPHYLL,ABILITY_SHEER_FORCE,EGG_GROUP_FIELD,EGG_GROUP_GRASS,PERCENT_FEMALE(50),20,GROWTH_MEDIUM_FAST,45,184,Faro / Placidez
103,Suçuapara,SPECIES_GENGAR,normal/fighting,ABILITY_RUN_AWAY,ABILITY_INNER_FOCUS,ABILITY_SHEER_FORCE,EGG_GROUP_FIELD,EGG_GROUP_HUMAN_LIKE,PERCENT_FEMALE(50),20,GROWTH_MEDIUM_FAST,180,149,Faro / Placidez
104,Cabocim,SPECIES_ONIX,water,ABILITY_TORRENT,ABILITY_SWIFT_SWIM,ABILITY_QUICK_FEET,EGG_GROUP_WATER_1,EGG_GROUP_WATER_1,PERCENT_FEMALE(50),20,GROWTH_MEDIUM_FAST,180,96,Torrente / Corpo Molhado
105,Caboclo,SPECIES_DROWZEE,water/fighting,ABILITY_TORRENT,ABILITY_INNER_FOCUS,ABILITY_SHEER_FORCE,EGG_GROUP_WATER_1,EGG_GROUP_HUMAN_LIKE,PERCENT_FEMALE(50),20,GROWTH_MEDIUM_FAST,45,184,Torrente / Corpo Molhado
106,Cangaço,SPECIES_HYPNO,dark/flying,ABILITY_INTIMIDATE,ABILITY_BIG_PECKS,ABILITY_QUICK_FEET,EGG_GROUP_FIELD,EGG_GROUP_FLYING,PERCENT_FEMALE(50),20,GROWTH_MEDIUM_FAST,180,149,Intimidação / Cara de Mau
107,Xangô,SPECIES_KRABBY,electric/fighting,ABILITY_STATIC,ABILITY_INNER_FOCUS,ABILITY_QUICK_FEET,EGG_GROUP_FIELD,EGG_GROUP_HUMAN_LIKE,PERCENT_FEMALE(50),20,GROWTH_MEDIUM_FAST,180,150,Estática / Motor Elétrico
108,Iemanjá,SPECIES_KINGLER,water/fairy,ABILITY_TORRENT,ABILITY_MAGIC_GUARD,ABILITY_SHEER_FORCE,EGG_GROUP_WATER_1,EGG_GROUP_FAIRY,PERCENT_FEMALE(50),40,GROWTH_SLOW,45,201,Torrente / Corpo Molhado
109,Oxum,SPECIES_VOLTORB,water/fairy,ABILITY_TORRENT,ABILITY_MAGIC_GUARD,ABILITY_COMPETITIVE,EGG_GROUP_WATER_1,EGG_GROUP_FAIRY,PERCENT_FEMALE(50),40,GROWTH_SLOW,45,202,Torrente / Corpo Molhado
110,Ogum,SPECIES_ELECTRODE,steel/fire,ABILITY_CLEAR_BODY,ABILITY_FLASH_FIRE,ABILITY_SHEER_FORCE,EGG_GROUP_MINERAL,EGG_GROUP_FIELD,PERCENT_FEMALE(50),40,GROWTH_SLOW,45,201,Corpo Metálico / Ponto Fraco
111,Cavalim,SPECIES_EXEGGCUTE,normal,ABILITY_RUN_AWAY,ABILITY_PICKUP,ABILITY_QUICK_FEET,EGG_GROUP_FIELD,EGG_GROUP_FIELD,PERCENT_FEMALE(50),20,GROWTH_MEDIUM_FAST,180,95,Faro / Placidez
112,Cavalgado,SPECIES_EXEGGUTOR,normal/fighting,ABILITY_RUN_AWAY,ABILITY_INNER_FOCUS,ABILITY_SHEER_FORCE,EGG_GROUP_FIELD,EGG_GROUP_HUMAN_LIKE,PERCENT_FEMALE(50),20,GROWTH_MEDIUM_FAST,45,185,Faro / Placidez
113,Zebuim,SPECIES_CUBONE,normal,ABILITY_RUN_AWAY,ABILITY_PICKUP,ABILITY_QUICK_FEET,EGG_GROUP_FIELD,EGG_GROUP_FIELD,PERCENT_FEMALE(50),20,GROWTH_MEDIUM_FAST,180,94,Faro / Placidez
114,Zebu,SPECIES_MAROWAK,normal/fighting,ABILITY_RUN_AWAY,ABILITY_INNER_FOCUS,ABILITY_SHEER_FORCE,EGG_GROUP_FIELD,EGG_GROUP_HUMAN_LIKE,PERCENT_FEMALE(50),20,GROWTH_MEDIUM_FAST,45,184,Faro / Placidez
115,Ovelhinha,SPECIES_HITMONLEE,normal/fairy,ABILITY_RUN_AWAY,ABILITY_MAGIC_GUARD,ABILITY_QUICK_FEET,EGG_GROUP_FIELD,EGG_GROUP_FAIRY,PERCENT_FEMALE(50),20,GROWTH_MEDIUM_FAST,180,150,Faro / Placidez
116,Cabrita,SPECIES_HITMONCHAN,normal/rock,ABILITY_RUN_AWAY,ABILITY_ROCK_HEAD,ABILITY_SHEER_FORCE,EGG_GROUP_FIELD,EGG_GROUP_MINERAL,PERCENT_FEMALE(50),20,GROWTH_MEDIUM_FAST,180,148,Faro / Placidez
117,Chocalhão,SPECIES_LICKITUNG,poison,ABILITY_POISON_POINT,ABILITY_LIQUID_OOZE,ABILITY_QUICK_FEET,EGG_GROUP_AMORPHOUS,EGG_GROUP_AMORPHOUS,PERCENT_FEMALE(50),20,GROWTH_MEDIUM_FAST,180,95,Ponto Cego / Corpo Fedido
118,Cascavelim,SPECIES_KOFFING,poison,ABILITY_POISON_POINT,ABILITY_LIQUID_OOZE,ABILITY_QUICK_FEET,EGG_GROUP_AMORPHOUS,EGG_GROUP_AMORPHOUS,PERCENT_FEMALE(50),20,GROWTH_MEDIUM_FAST,90,135,Ponto Cego / Corpo Fedido
119,Cascavão,SPECIES_WEEZING,poison/dark,ABILITY_POISON_POINT,ABILITY_PRANKSTER,ABILITY_SHEER_FORCE,EGG_GROUP_AMORPHOUS,EGG_GROUP_FIELD,PERCENT_FEMALE(50),20,GROWTH_MEDIUM_FAST,45,184,Ponto Cego / Corpo Fedido
120,Jararaca,SPECIES_RHYHORN,poison/grass,ABILITY_POISON_POINT,ABILITY_CHLOROPHYLL,ABILITY_QUICK_FEET,EGG_GROUP_AMORPHOUS,EGG_GROUP_GRASS,PERCENT_FEMALE(50),20,GROWTH_MEDIUM_FAST,180,149,Ponto Cego / Corpo Fedido
121,Pirarim,SPECIES_RHYDON,water,ABILITY_TORRENT,ABILITY_SWIFT_SWIM,ABILITY_SHEER_FORCE,EGG_GROUP_WATER_2,EGG_GROUP_WATER_2,PERCENT_FEMALE(50),20,GROWTH_MEDIUM_FAST,180,94,Torrente / Corpo Molhado
122,Pirarucu,SPECIES_CHANSEY,water/dragon,ABILITY_TORRENT,ABILITY_SHED_SKIN,ABILITY_SHEER_FORCE,EGG_GROUP_WATER_2,EGG_GROUP_DRAGON,PERCENT_FEMALE(50),20,GROWTH_MEDIUM_FAST,45,184,Torrente / Corpo Molhado
123,Piranha,SPECIES_TANGELA,water/dark,ABILITY_TORRENT,ABILITY_PRANKSTER,ABILITY_QUICK_FEET,EGG_GROUP_WATER_2,EGG_GROUP_FIELD,PERCENT_FEMALE(50),20,GROWTH_MEDIUM_FAST,180,149,Torrente / Corpo Molhado
124,Tambaqui,SPECIES_KANGASKHAN,water/normal,ABILITY_TORRENT,ABILITY_PICKUP,ABILITY_SHEER_FORCE,EGG_GROUP_WATER_2,EGG_GROUP_FIELD,PERCENT_FEMALE(50),20,GROWTH_MEDIUM_FAST,180,148,Torrente / Corpo Molhado
125,Aruanã,SPECIES_HORSEA,water/flying,ABILITY_TORRENT,ABILITY_BIG_PECKS,ABILITY_SHEER_FORCE,EGG_GROUP_WATER_2,EGG_GROUP_FLYING,PERCENT_FEMALE(50),20,GROWTH_MEDIUM_FAST,180,149,Torrente / Corpo Molhado
126,Poraquê,SPECIES_SEADRA,electric/water,ABILITY_STATIC,ABILITY_SWIFT_SWIM,ABILITY_QUICK_FEET,EGG_GROUP_FIELD,EGG_GROUP_WATER_2,PERCENT_FEMALE(50),20,GROWTH_MEDIUM_FAST,180,150,Estática / Motor Elétrico
127,Curimbatá,SPECIES_GOLDEEN,water/ground,ABILITY_TORRENT,ABILITY_ARENA_TRAP,ABILITY_SHEER_FORCE,EGG_GROUP_WATER_2,EGG_GROUP_FIELD,PERCENT_FEMALE(50),20,GROWTH_MEDIUM_FAST,180,148,Torrente / Corpo Molhado
128,Traíra,SPECIES_SEAKING,water/dark,ABILITY_TORRENT,ABILITY_PRANKSTER,ABILITY_QUICK_FEET,EGG_GROUP_WATER_2,EGG_GROUP_FIELD,PERCENT_FEMALE(50),20,GROWTH_MEDIUM_FAST,180,149,Torrente / Corpo Molhado
129,Dourado,SPECIES_STARYU,water/fighting,ABILITY_TORRENT,ABILITY_INNER_FOCUS,ABILITY_QUICK_FEET,EGG_GROUP_WATER_2,EGG_GROUP_HUMAN_LIKE,PERCENT_FEMALE(50),20,GROWTH_MEDIUM_FAST,180,150,Torrente / Corpo Molhado
130,Tucunaré,SPECIES_STARMIE,water/dark,ABILITY_TORRENT,ABILITY_PRANKSTER,ABILITY_SHEER_FORCE,EGG_GROUP_WATER_2,EGG_GROUP_FIELD,PERCENT_FEMALE(50),20,GROWTH_MEDIUM_FAST,180,149,Torrente / Corpo Molhado
131,Pacu,SPECIES_MR_MIME,water/grass,ABILITY_TORRENT,ABILITY_CHLOROPHYLL,ABILITY_QUICK_FEET,EGG_GROUP_WATER_2,EGG_GROUP_GRASS,PERCENT_FEMALE(50),20,GROWTH_MEDIUM_FAST,180,149,Torrente / Corpo Molhado
132,Matrinxã,SPECIES_SCYTHER,water/normal,ABILITY_TORRENT,ABILITY_PICKUP,ABILITY_SHEER_FORCE,EGG_GROUP_WATER_2,EGG_GROUP_FIELD,PERCENT_FEMALE(50),20,GROWTH_MEDIUM_FAST,180,148,Torrente / Corpo Molhado
133,Piau,SPECIES_JYNX,water/normal,ABILITY_TORRENT,ABILITY_PICKUP,ABILITY_SHEER_FORCE,EGG_GROUP_WATER_2,EGG_GROUP_FIELD,PERCENT_FEMALE(50),20,GROWTH_MEDIUM_FAST,180,149,Torrente / Corpo Molhado
134,Cascudo,SPECIES_ELECTABUZZ,water/rock,ABILITY_TORRENT,ABILITY_ROCK_HEAD,ABILITY_QUICK_FEET,EGG_GROUP_WATER_2,EGG_GROUP_MINERAL,PERCENT_FEMALE(50),20,GROWTH_MEDIUM_FAST,180,149,Torrente / Corpo Molhado
135,Acará,SPECIES_MAGMAR,water/psychic,ABILITY_TORRENT,ABILITY_TELEPATHY,ABILITY_SHEER_FORCE,EGG_GROUP_WATER_1,EGG_GROUP_AMORPHOUS,PERCENT_FEMALE(50),20,GROWTH_MEDIUM_FAST,180,148,Torrente / Corpo Molhado
136,Vagalumim,SPECIES_PINSIR,bug/electric,ABILITY_SWARM,ABILITY_LIGHTNING_ROD,ABILITY_QUICK_FEET,EGG_GROUP_BUG,EGG_GROUP_FIELD,PERCENT_FEMALE(50),20,GROWTH_MEDIUM_FAST,180,95,Enxame / Olho Composto
137,Vagalume,SPECIES_TAUROS,bug/electric,ABILITY_SWARM,ABILITY_LIGHTNING_ROD,ABILITY_SHEER_FORCE,EGG_GROUP_BUG,EGG_GROUP_FIELD,PERCENT_FEMALE(50),20,GROWTH_MEDIUM_FAST,45,185,Enxame / Olho Composto
138,Cigarrinho,SPECIES_MAGIKARP,bug,ABILITY_SWARM,ABILITY_COMPOUND_EYES,ABILITY_QUICK_FEET,EGG_GROUP_BUG,EGG_GROUP_BUG,PERCENT_FEMALE(50),20,GROWTH_MEDIUM_FAST,180,94,Enxame / Olho Composto
139,Cigarrão,SPECIES_GYARADOS,bug/flying,ABILITY_SWARM,ABILITY_BIG_PECKS,ABILITY_SHEER_FORCE,EGG_GROUP_BUG,EGG_GROUP_FLYING,PERCENT_FEMALE(50),20,GROWTH_MEDIUM_FAST,45,184,Enxame / Olho Composto
140,Louvadinha,SPECIES_LAPRAS,bug,ABILITY_SWARM,ABILITY_COMPOUND_EYES,ABILITY_QUICK_FEET,EGG_GROUP_BUG,EGG_GROUP_BUG,PERCENT_FEMALE(50),20,GROWTH_MEDIUM_FAST,180,96,Enxame / Olho Composto
141,Louvadeus,SPECIES_DITTO,bug/psychic,ABILITY_SWARM,ABILITY_TELEPATHY,ABILITY_SHEER_FORCE,EGG_GROUP_BUG,EGG_GROUP_AMORPHOUS,PERCENT_FEMALE(50),20,GROWTH_MEDIUM_FAST,45,184,Enxame / Olho Composto
142,Escorpim,SPECIES_EEVEE,poison,ABILITY_POISON_POINT,ABILITY_LIQUID_OOZE,ABILITY_QUICK_FEET,EGG_GROUP_AMORPHOUS,EGG_GROUP_AMORPHOUS,PERCENT_FEMALE(50),20,GROWTH_MEDIUM_FAST,180,95,Ponto Cego / Corpo Fedido
143,Escorpião,SPECIES_VAPOREON,poison/dark,ABILITY_POISON_POINT,ABILITY_PRANKSTER,ABILITY_SHEER_FORCE,EGG_GROUP_AMORPHOUS,EGG_GROUP_FIELD,PERCENT_FEMALE(50),20,GROWTH_MEDIUM_FAST,45,183,Ponto Cego / Corpo Fedido
144,Caramulão,SPECIES_JOLTEON,bug/water,ABILITY_SWARM,ABILITY_SWIFT_SWIM,ABILITY_SHEER_FORCE,EGG_GROUP_BUG,EGG_GROUP_WATER_1,PERCENT_FEMALE(50),20,GROWTH_MEDIUM_FAST,180,149,Enxame / Olho Composto
145,Piolhão,SPECIES_FLAREON,bug/poison,ABILITY_SWARM,ABILITY_LIQUID_OOZE,ABILITY_QUICK_FEET,EGG_GROUP_BUG,EGG_GROUP_AMORPHOUS,PERCENT_FEMALE(50),20,GROWTH_MEDIUM_FAST,180,149,Enxame / Olho Composto
146,Barata,SPECIES_PORYGON,bug/dark,ABILITY_SWARM,ABILITY_PRANKSTER,ABILITY_SHEER_FORCE,EGG_GROUP_BUG,EGG_GROUP_FIELD,PERCENT_FEMALE(50),20,GROWTH_MEDIUM_FAST,180,148,Enxame / Olho Composto
147,Grilim,SPECIES_OMANYTE,bug,ABILITY_SWARM,ABILITY_COMPOUND_EYES,ABILITY_QUICK_FEET,EGG_GROUP_BUG,EGG_GROUP_BUG,PERCENT_FEMALE(50),20,GROWTH_MEDIUM_FAST,180,95,Enxame / Olho Composto
148,Grilão,SPECIES_OMASTAR,bug/normal,ABILITY_SWARM,ABILITY_PICKUP,ABILITY_SHEER_FORCE,EGG_GROUP_BUG,EGG_GROUP_FIELD,PERCENT_FEMALE(50),20,GROWTH_MEDIUM_FAST,45,185,Enxame / Olho Composto
149,Aranhão,SPECIES_KABUTO,bug/poison,ABILITY_SWARM,ABILITY_LIQUID_OOZE,ABILITY_SHEER_FORCE,EGG_GROUP_BUG,EGG_GROUP_AMORPHOUS,PERCENT_FEMALE(50),20,GROWTH_MEDIUM_FAST,180,148,Enxame / Olho Composto
150,Vespão,SPECIES_KABUTOPS,bug/flying,ABILITY_SWARM,ABILITY_BIG_PECKS,ABILITY_QUICK_FEET,EGG_GROUP_BUG,EGG_GROUP_FLYING,PERCENT_FEMALE(50),20,GROWTH_MEDIUM_FAST,180,149,Enxame / Olho Composto
151,Marimbondão,SPECIES_AERODACTYL,bug/poison,ABILITY_SWARM,ABILITY_LIQUID_OOZE,ABILITY_QUICK_FEET,EGG_GROUP_BUG,EGG_GROUP_AMORPHOUS,PERCENT_FEMALE(50),20,GROWTH_MEDIUM_FAST,180,150,Enxame / Olho Composto
152,Traça,SPECIES_SNORLAX,bug/normal,ABILITY_SWARM,ABILITY_PICKUP,ABILITY_SHEER_FORCE,EGG_GROUP_BUG,EGG_GROUP_FIELD,PERCENT_FEMALE(50),20,GROWTH_MEDIUM_FAST,180,149,Enxame / Olho Composto
153,Corupião,SPECIES_ARTICUNO,bug/ground,ABILITY_SWARM,ABILITY_ARENA_TRAP,ABILITY_QUICK_FEET,EGG_GROUP_BUG,EGG_GROUP_FIELD,PERCENT_FEMALE(50),20,GROWTH_MEDIUM_FAST,180,149,Enxame / Olho Composto
154,Cupinzim,SPECIES_ZAPDOS,bug/ground,ABILITY_SWARM,ABILITY_ARENA_TRAP,ABILITY_SHEER_FORCE,EGG_GROUP_BUG,EGG_GROUP_FIELD,PERCENT_FEMALE(50),20,GROWTH_MEDIUM_FAST,180,148,Enxame / Olho Composto
155,Formigão-Preto,SPECIES_MOLTRES,bug/dark,ABILITY_SWARM,ABILITY_PRANKSTER,ABILITY_SHEER_FORCE,EGG_GROUP_BUG,EGG_GROUP_FIELD,PERCENT_FEMALE(50),20,GROWTH_MEDIUM_FAST,180,149,Enxame / Olho Composto
156,Beija-flor,SPECIES_DRATINI,flying/fairy,ABILITY_KEEN_EYE,ABILITY_MAGIC_GUARD,ABILITY_QUICK_FEET,EGG_GROUP_FLYING,EGG_GROUP_FAIRY,PERCENT_FEMALE(50),20,GROWTH_MEDIUM_FAST,180,149,Vista Aguçada / Vento Veloz
157,Sabiá,SPECIES_DRAGONAIR,flying/normal,ABILITY_KEEN_EYE,ABILITY_PICKUP,ABILITY_SHEER_FORCE,EGG_GROUP_FLYING,EGG_GROUP_FIELD,PERCENT_FEMALE(50),20,GROWTH_MEDIUM_FAST,180,148,Vista Aguçada / Vento Veloz
158,Bem-te-vi,SPECIES_DRAGONITE,flying/normal,ABILITY_KEEN_EYE,ABILITY_PICKUP,ABILITY_SHEER_FORCE,EGG_GROUP_FLYING,EGG_GROUP_FIELD,PERCENT_FEMALE(50),20,GROWTH_MEDIUM_FAST,180,149,Vista Aguçada / Vento Veloz
159,Urutau,SPECIES_MEWTWO,flying/ghost,ABILITY_KEEN_EYE,ABILITY_CURSED_BODY,ABILITY_QUICK_FEET,EGG_GROUP_FLYING,EGG_GROUP_AMORPHOUS,PERCENT_FEMALE(50),20,GROWTH_MEDIUM_FAST,180,150,Vista Aguçada / Vento Veloz
160,Carcará,SPECIES_MEW,flying/dark,ABILITY_KEEN_EYE,ABILITY_PRANKSTER,ABILITY_SHEER_FORCE,EGG_GROUP_FLYING,EGG_GROUP_FIELD,PERCENT_FEMALE(50),20,GROWTH_MEDIUM_FAST,180,148,Vista Aguçada / Vento Veloz
161,Gavião,SPECIES_CHIKORITA,flying/fighting,ABILITY_KEEN_EYE,ABILITY_INNER_FOCUS,ABILITY_QUICK_FEET,EGG_GROUP_FLYING,EGG_GROUP_HUMAN_LIKE,PERCENT_FEMALE(50),20,GROWTH_MEDIUM_FAST,180,149,Vista Aguçada / Vento Veloz
162,Urubu,SPECIES_BAYLEEF,flying/dark,ABILITY_KEEN_EYE,ABILITY_PRANKSTER,ABILITY_SHEER_FORCE,EGG_GROUP_FLYING,EGG_GROUP_FIELD,PERCENT_FEMALE(50),20,GROWTH_MEDIUM_FAST,90,185,Vista Aguçada / Vento Veloz
163,Corurupim,SPECIES_MEGANIUM,flying/psychic,ABILITY_KEEN_EYE,ABILITY_TELEPATHY,ABILITY_QUICK_FEET,EGG_GROUP_FLYING,EGG_GROUP_AMORPHOUS,PERCENT_FEMALE(50),20,GROWTH_MEDIUM_FAST,90,95,Vista Aguçada / Vento Veloz
164,Coruja,SPECIES_CYNDAQUIL,flying/psychic,ABILITY_KEEN_EYE,ABILITY_TELEPATHY,ABILITY_SHEER_FORCE,EGG_GROUP_FLYING,EGG_GROUP_AMORPHOUS,PERCENT_FEMALE(50),20,GROWTH_MEDIUM_FAST,90,185,Vista Aguçada / Vento Veloz
165,Jaburu,SPECIES_QUILAVA,flying/water,ABILITY_KEEN_EYE,ABILITY_SWIFT_SWIM,ABILITY_SHEER_FORCE,EGG_GROUP_FLYING,EGG_GROUP_WATER_1,PERCENT_FEMALE(50),20,GROWTH_MEDIUM_FAST,180,148,Vista Aguçada / Vento Veloz
166,Ema,SPECIES_TYPHLOSION,normal/flying,ABILITY_RUN_AWAY,ABILITY_BIG_PECKS,ABILITY_SHEER_FORCE,EGG_GROUP_FIELD,EGG_GROUP_FLYING,PERCENT_FEMALE(50),20,GROWTH_MEDIUM_FAST,180,149,Faro / Placidez
167,Seriema,SPECIES_TOTODILE,flying/fighting,ABILITY_KEEN_EYE,ABILITY_INNER_FOCUS,ABILITY_QUICK_FEET,EGG_GROUP_FLYING,EGG_GROUP_HUMAN_LIKE,PERCENT_FEMALE(50),20,GROWTH_MEDIUM_FAST,180,149,Vista Aguçada / Vento Veloz
168,Anú,SPECIES_CROCONAW,flying/dark,ABILITY_KEEN_EYE,ABILITY_PRANKSTER,ABILITY_SHEER_FORCE,EGG_GROUP_FLYING,EGG_GROUP_FIELD,PERCENT_FEMALE(50),20,GROWTH_MEDIUM_FAST,180,148,Vista Aguçada / Vento Veloz
169,Trinca-Ferro,SPECIES_FERALIGATR,flying/steel,ABILITY_KEEN_EYE,ABILITY_BATTLE_ARMOR,ABILITY_SHEER_FORCE,EGG_GROUP_FLYING,EGG_GROUP_MINERAL,PERCENT_FEMALE(50),20,GROWTH_MEDIUM_FAST,180,149,Vista Aguçada / Vento Veloz
170,Curió,SPECIES_SENTRET,flying/normal,ABILITY_KEEN_EYE,ABILITY_PICKUP,ABILITY_QUICK_FEET,EGG_GROUP_FLYING,EGG_GROUP_FIELD,PERCENT_FEMALE(50),20,GROWTH_MEDIUM_FAST,180,150,Vista Aguçada / Vento Veloz
171,Sanhaço,SPECIES_FURRET,flying/fairy,ABILITY_KEEN_EYE,ABILITY_MAGIC_GUARD,ABILITY_SHEER_FORCE,EGG_GROUP_FLYING,EGG_GROUP_FAIRY,PERCENT_FEMALE(50),20,GROWTH_MEDIUM_FAST,180,148,Vista Aguçada / Vento Veloz
172,Papa-Formiga,SPECIES_HOOTHOOT,flying/bug,ABILITY_KEEN_EYE,ABILITY_COMPOUND_EYES,ABILITY_QUICK_FEET,EGG_GROUP_FLYING,EGG_GROUP_BUG,PERCENT_FEMALE(50),20,GROWTH_MEDIUM_FAST,180,149,Vista Aguçada / Vento Veloz
173,Choca,SPECIES_NOCTOWL,flying/normal,ABILITY_KEEN_EYE,ABILITY_PICKUP,ABILITY_QUICK_FEET,EGG_GROUP_FLYING,EGG_GROUP_FIELD,PERCENT_FEMALE(50),20,GROWTH_MEDIUM_FAST,180,150,Vista Aguçada / Vento Veloz
174,Bacurau,SPECIES_LEDYBA,flying/dark,ABILITY_KEEN_EYE,ABILITY_PRANKSTER,ABILITY_SHEER_FORCE,EGG_GROUP_FLYING,EGG_GROUP_FIELD,PERCENT_FEMALE(50),20,GROWTH_MEDIUM_FAST,180,149,Vista Aguçada / Vento Veloz
175,João-de-Barro,SPECIES_LEDIAN,flying/ground,ABILITY_KEEN_EYE,ABILITY_ARENA_TRAP,ABILITY_QUICK_FEET,EGG_GROUP_FLYING,EGG_GROUP_FIELD,PERCENT_FEMALE(50),20,GROWTH_MEDIUM_FAST,180,149,Vista Aguçada / Vento Veloz
176,Sementim,SPECIES_SPINARAK,grass,ABILITY_OVERGROW,ABILITY_CHLOROPHYLL,ABILITY_SHEER_FORCE,EGG_GROUP_GRASS,EGG_GROUP_GRASS,PERCENT_FEMALE(50),20,GROWTH_MEDIUM_FAST,180,94,Espessura / Colheita
177,Muda,SPECIES_ARIADOS,grass,ABILITY_OVERGROW,ABILITY_CHLOROPHYLL,ABILITY_SHEER_FORCE,EGG_GROUP_GRASS,EGG_GROUP_GRASS,PERCENT_FEMALE(50),20,GROWTH_MEDIUM_FAST,90,134,Espessura / Colheita
178,Jequitibá,SPECIES_CROBAT,grass/rock,ABILITY_OVERGROW,ABILITY_ROCK_HEAD,ABILITY_SHEER_FORCE,EGG_GROUP_GRASS,EGG_GROUP_MINERAL,PERCENT_FEMALE(50),20,GROWTH_MEDIUM_FAST,45,185,Espessura / Colheita
179,Bromelinha,SPECIES_CHINCHOU,grass/water,ABILITY_OVERGROW,ABILITY_SWIFT_SWIM,ABILITY_SHEER_FORCE,EGG_GROUP_GRASS,EGG_GROUP_WATER_1,PERCENT_FEMALE(50),20,GROWTH_MEDIUM_FAST,180,148,Espessura / Colheita
180,Orquidina,SPECIES_LANTURN,grass/fairy,ABILITY_OVERGROW,ABILITY_MAGIC_GUARD,ABILITY_SHEER_FORCE,EGG_GROUP_GRASS,EGG_GROUP_FAIRY,PERCENT_FEMALE(50),20,GROWTH_MEDIUM_FAST,180,149,Espessura / Colheita
181,Vitóriarégia,SPECIES_PICHU,grass/water,ABILITY_OVERGROW,ABILITY_SWIFT_SWIM,ABILITY_QUICK_FEET,EGG_GROUP_GRASS,EGG_GROUP_WATER_1,PERCENT_FEMALE(50),20,GROWTH_MEDIUM_FAST,180,150,Espessura / Colheita
182,Ipê,SPECIES_CLEFFA,grass/fairy,ABILITY_OVERGROW,ABILITY_MAGIC_GUARD,ABILITY_SHEER_FORCE,EGG_GROUP_GRASS,EGG_GROUP_FAIRY,PERCENT_FEMALE(50),20,GROWTH_MEDIUM_FAST,180,148,Espessura / Colheita
183,Cipó,SPECIES_IGGLYBUFF,grass/poison,ABILITY_OVERGROW,ABILITY_LIQUID_OOZE,ABILITY_QUICK_FEET,EGG_GROUP_GRASS,EGG_GROUP_AMORPHOUS,PERCENT_FEMALE(50),20,GROWTH_MEDIUM_FAST,180,149,Espessura / Colheita
184,Palmito,SPECIES_TOGEPI,grass/fighting,ABILITY_OVERGROW,ABILITY_INNER_FOCUS,ABILITY_QUICK_FEET,EGG_GROUP_GRASS,EGG_GROUP_HUMAN_LIKE,PERCENT_FEMALE(50),20,GROWTH_MEDIUM_FAST,180,150,Espessura / Colheita
185,Babaçu,SPECIES_TOGETIC,grass/ground,ABILITY_OVERGROW,ABILITY_ARENA_TRAP,ABILITY_SHEER_FORCE,EGG_GROUP_GRASS,EGG_GROUP_FIELD,PERCENT_FEMALE(50),20,GROWTH_MEDIUM_FAST,180,149,Espessura / Colheita
186,Buriti,SPECIES_NATU,grass/water,ABILITY_OVERGROW,ABILITY_SWIFT_SWIM,ABILITY_QUICK_FEET,EGG_GROUP_GRASS,EGG_GROUP_WATER_1,PERCENT_FEMALE(50),20,GROWTH_MEDIUM_FAST,180,149,Espessura / Colheita
187,Cajuzim,SPECIES_XATU,grass,ABILITY_OVERGROW,ABILITY_CHLOROPHYLL,ABILITY_SHEER_FORCE,EGG_GROUP_GRASS,EGG_GROUP_GRASS,PERCENT_FEMALE(50),20,GROWTH_MEDIUM_FAST,180,94,Espessura / Colheita
188,Cajueiro,SPECIES_MAREEP,grass/fire,ABILITY_OVERGROW,ABILITY_FLASH_FIRE,ABILITY_SHEER_FORCE,EGG_GROUP_GRASS,EGG_GROUP_FIELD,PERCENT_FEMALE(50),20,GROWTH_MEDIUM_FAST,45,184,Espessura / Colheita
189,Açaí,SPECIES_FLAAFFY,grass/dark,ABILITY_OVERGROW,ABILITY_PRANKSTER,ABILITY_QUICK_FEET,EGG_GROUP_GRASS,EGG_GROUP_FIELD,PERCENT_FEMALE(50),20,GROWTH_MEDIUM_FAST,180,149,Espessura / Colheita
190,Cacauim,SPECIES_AMPHAROS,grass,ABILITY_OVERGROW,ABILITY_CHLOROPHYLL,ABILITY_QUICK_FEET,EGG_GROUP_GRASS,EGG_GROUP_GRASS,PERCENT_FEMALE(50),20,GROWTH_MEDIUM_FAST,180,94,Espessura / Colheita
191,Cacaueiro,SPECIES_BELLOSSOM,grass/normal,ABILITY_OVERGROW,ABILITY_PICKUP,ABILITY_SHEER_FORCE,EGG_GROUP_GRASS,EGG_GROUP_FIELD,PERCENT_FEMALE(50),20,GROWTH_MEDIUM_FAST,45,184,Espessura / Colheita
192,Guaraná,SPECIES_MARILL,grass/electric,ABILITY_OVERGROW,ABILITY_LIGHTNING_ROD,ABILITY_QUICK_FEET,EGG_GROUP_GRASS,EGG_GROUP_FIELD,PERCENT_FEMALE(50),20,GROWTH_MEDIUM_FAST,180,150,Espessura / Colheita
193,Mate,SPECIES_AZUMARILL,grass/water,ABILITY_OVERGROW,ABILITY_SWIFT_SWIM,ABILITY_SHEER_FORCE,EGG_GROUP_GRASS,EGG_GROUP_WATER_1,PERCENT_FEMALE(50),20,GROWTH_MEDIUM_FAST,180,148,Espessura / Colheita
194,Milho,SPECIES_SUDOWOODO,grass/normal,ABILITY_OVERGROW,ABILITY_PICKUP,ABILITY_QUICK_FEET,EGG_GROUP_GRASS,EGG_GROUP_FIELD,PERCENT_FEMALE(50),20,GROWTH_MEDIUM_FAST,180,149,Espessura / Colheita
195,Mandioca,SPECIES_POLITOED,grass/ground,ABILITY_OVERGROW,ABILITY_ARENA_TRAP,ABILITY_QUICK_FEET,EGG_GROUP_GRASS,EGG_GROUP_FIELD,PERCENT_FEMALE(50),20,GROWTH_MEDIUM_FAST,180,150,Espessura / Colheita
196,Pedrinha,SPECIES_HOPPIP,rock,ABILITY_STURDY,ABILITY_ROCK_HEAD,ABILITY_QUICK_FEET,EGG_GROUP_MINERAL,EGG_GROUP_MINERAL,PERCENT_FEMALE(50),20,GROWTH_MEDIUM_FAST,180,95,Corpo Rochoso / Poeira
197,Rochão,SPECIES_SKIPLOOM,rock,ABILITY_STURDY,ABILITY_ROCK_HEAD,ABILITY_SHEER_FORCE,EGG_GROUP_MINERAL,EGG_GROUP_MINERAL,PERCENT_FEMALE(50),20,GROWTH_MEDIUM_FAST,45,185,Corpo Rochoso / Poeira
198,Cristalim,SPECIES_JUMPLUFF,rock/fairy,ABILITY_STURDY,ABILITY_MAGIC_GUARD,ABILITY_SHEER_FORCE,EGG_GROUP_MINERAL,EGG_GROUP_FAIRY,PERCENT_FEMALE(50),20,GROWTH_MEDIUM_FAST,180,94,Corpo Rochoso / Poeira
199,Ametista,SPECIES_AIPOM,rock/psychic,ABILITY_STURDY,ABILITY_TELEPATHY,ABILITY_SHEER_FORCE,EGG_GROUP_MINERAL,EGG_GROUP_AMORPHOUS,PERCENT_FEMALE(50),20,GROWTH_MEDIUM_FAST,45,184,Corpo Rochoso / Poeira
200,Ouríço,SPECIES_SUNKERN,steel/electric,ABILITY_CLEAR_BODY,ABILITY_LIGHTNING_ROD,ABILITY_QUICK_FEET,EGG_GROUP_MINERAL,EGG_GROUP_FIELD,PERCENT_FEMALE(50),20,GROWTH_MEDIUM_FAST,180,149,Corpo Metálico / Ponto Fraco
201,Ferrolho,SPECIES_SUNFLORA,steel/ground,ABILITY_CLEAR_BODY,ABILITY_ARENA_TRAP,ABILITY_SHEER_FORCE,EGG_GROUP_MINERAL,EGG_GROUP_FIELD,PERCENT_FEMALE(50),20,GROWTH_MEDIUM_FAST,180,148,Corpo Metálico / Ponto Fraco
202,Diamantina,SPECIES_YANMA,rock/fairy,ABILITY_STURDY,ABILITY_MAGIC_GUARD,ABILITY_SHEER_FORCE,EGG_GROUP_MINERAL,EGG_GROUP_FAIRY,PERCENT_FEMALE(50),40,GROWTH_SLOW,45,202,Corpo Rochoso / Poeira
203,Bauxito,SPECIES_WOOPER,steel/ground,ABILITY_CLEAR_BODY,ABILITY_ARENA_TRAP,ABILITY_QUICK_FEET,EGG_GROUP_MINERAL,EGG_GROUP_FIELD,PERCENT_FEMALE(50),20,GROWTH_MEDIUM_FAST,180,150,Corpo Metálico / Ponto Fraco
204,Manganim,SPECIES_QUAGSIRE,steel/dark,ABILITY_CLEAR_BODY,ABILITY_PRANKSTER,ABILITY_SHEER_FORCE,EGG_GROUP_MINERAL,EGG_GROUP_FIELD,PERCENT_FEMALE(50),20,GROWTH_MEDIUM_FAST,180,148,Corpo Metálico / Ponto Fraco
205,Salitre,SPECIES_ESPEON,rock/water,ABILITY_STURDY,ABILITY_SWIFT_SWIM,ABILITY_QUICK_FEET,EGG_GROUP_MINERAL,EGG_GROUP_WATER_1,PERCENT_FEMALE(50),20,GROWTH_MEDIUM_FAST,180,149,Corpo Rochoso / Poeira
206,Enxofrino,SPECIES_UMBREON,fire/poison,ABILITY_BLAZE,ABILITY_LIQUID_OOZE,ABILITY_QUICK_FEET,EGG_GROUP_FIELD,EGG_GROUP_AMORPHOUS,PERCENT_FEMALE(50),20,GROWTH_MEDIUM_FAST,180,150,Chama / Corpo Flamejante
207,Argilim,SPECIES_MURKROW,ground,ABILITY_SAND_VEIL,ABILITY_ARENA_TRAP,ABILITY_QUICK_FEET,EGG_GROUP_FIELD,EGG_GROUP_FIELD,PERCENT_FEMALE(50),20,GROWTH_MEDIUM_FAST,180,95,Escavador / Nuvem de Areia
208,Boneco,SPECIES_SLOWKING,ground/psychic,ABILITY_SAND_VEIL,ABILITY_TELEPATHY,ABILITY_SHEER_FORCE,EGG_GROUP_FIELD,EGG_GROUP_AMORPHOUS,PERCENT_FEMALE(50),20,GROWTH_MEDIUM_FAST,45,185,Escavador / Nuvem de Areia
209,Estalactite,SPECIES_MISDREAVUS,rock/water,ABILITY_STURDY,ABILITY_SWIFT_SWIM,ABILITY_SHEER_FORCE,EGG_GROUP_MINERAL,EGG_GROUP_WATER_1,PERCENT_FEMALE(50),20,GROWTH_MEDIUM_FAST,180,148,Corpo Rochoso / Poeira
210,Estalagmite,SPECIES_UNOWN,rock/ground,ABILITY_STURDY,ABILITY_ARENA_TRAP,ABILITY_SHEER_FORCE,EGG_GROUP_MINERAL,EGG_GROUP_FIELD,PERCENT_FEMALE(50),20,GROWTH_MEDIUM_FAST,180,149,Corpo Rochoso / Poeira
211,Fóssil,SPECIES_WOBBUFFET,rock/dragon,ABILITY_STURDY,ABILITY_SHED_SKIN,ABILITY_QUICK_FEET,EGG_GROUP_MINERAL,EGG_GROUP_DRAGON,PERCENT_FEMALE(50),20,GROWTH_MEDIUM_FAST,180,149,Corpo Rochoso / Poeira
212,Meteorito,SPECIES_GIRAFARIG,rock/psychic,ABILITY_STURDY,ABILITY_TELEPATHY,ABILITY_SHEER_FORCE,EGG_GROUP_MINERAL,EGG_GROUP_AMORPHOUS,PERCENT_FEMALE(50),40,GROWTH_SLOW,45,201,Corpo Rochoso / Poeira
213,Vulcanite,SPECIES_PINECO,fire/rock,ABILITY_BLAZE,ABILITY_ROCK_HEAD,ABILITY_SHEER_FORCE,EGG_GROUP_FIELD,EGG_GROUP_MINERAL,PERCENT_FEMALE(50),20,GROWTH_MEDIUM_FAST,180,149,Chama / Corpo Flamejante
214,Marmim,SPECIES_FORRETRESS,rock/fairy,ABILITY_STURDY,ABILITY_MAGIC_GUARD,ABILITY_QUICK_FEET,EGG_GROUP_MINERAL,EGG_GROUP_FAIRY,PERCENT_FEMALE(50),20,GROWTH_MEDIUM_FAST,180,150,Corpo Rochoso / Poeira
215,Granito,SPECIES_DUNSPARCE,rock/fighting,ABILITY_STURDY,ABILITY_INNER_FOCUS,ABILITY_SHEER_FORCE,EGG_GROUP_MINERAL,EGG_GROUP_HUMAN_LIKE,PERCENT_FEMALE(50),20,GROWTH_MEDIUM_FAST,180,148,Corpo Rochoso / Poeira
216,Caranguim,SPECIES_GLIGAR,water,ABILITY_TORRENT,ABILITY_SWIFT_SWIM,ABILITY_QUICK_FEET,EGG_GROUP_WATER_3,EGG_GROUP_WATER_3,PERCENT_FEMALE(50),20,GROWTH_MEDIUM_FAST,180,95,Torrente / Corpo Molhado
217,Guaiamum,SPECIES_STEELIX,water/ground,ABILITY_TORRENT,ABILITY_ARENA_TRAP,ABILITY_SHEER_FORCE,EGG_GROUP_WATER_3,EGG_GROUP_FIELD,PERCENT_FEMALE(50),20,GROWTH_MEDIUM_FAST,45,185,Torrente / Corpo Molhado
218,Siri,SPECIES_SNUBBULL,water/fighting,ABILITY_TORRENT,ABILITY_INNER_FOCUS,ABILITY_SHEER_FORCE,EGG_GROUP_WATER_1,EGG_GROUP_HUMAN_LIKE,PERCENT_FEMALE(50),20,GROWTH_MEDIUM_FAST,180,149,Torrente / Corpo Molhado
219,Camarão,SPECIES_GRANBULL,water,ABILITY_TORRENT,ABILITY_SWIFT_SWIM,ABILITY_QUICK_FEET,EGG_GROUP_WATER_3,EGG_GROUP_WATER_3,PERCENT_FEMALE(50),20,GROWTH_MEDIUM_FAST,180,149,Torrente / Corpo Molhado
220,Polvim,SPECIES_QWILFISH,water/psychic,ABILITY_TORRENT,ABILITY_TELEPATHY,ABILITY_SHEER_FORCE,EGG_GROUP_WATER_1,EGG_GROUP_AMORPHOUS,PERCENT_FEMALE(50),20,GROWTH_MEDIUM_FAST,180,94,Torrente / Corpo Molhado
221,Polvão,SPECIES_SCIZOR,water/psychic,ABILITY_TORRENT,ABILITY_TELEPATHY,ABILITY_SHEER_FORCE,EGG_GROUP_WATER_1,EGG_GROUP_AMORPHOUS,PERCENT_FEMALE(50),20,GROWTH_MEDIUM_FAST,90,184,Torrente / Corpo Molhado
222,Águaviva,SPECIES_SHUCKLE,water/poison,ABILITY_TORRENT,ABILITY_LIQUID_OOZE,ABILITY_QUICK_FEET,EGG_GROUP_WATER_1,EGG_GROUP_AMORPHOUS,PERCENT_FEMALE(50),20,GROWTH_MEDIUM_FAST,90,149,Torrente / Corpo Molhado
223,Cavalim-Marinho,SPECIES_HERACROSS,water/fairy,ABILITY_TORRENT,ABILITY_MAGIC_GUARD,ABILITY_SHEER_FORCE,EGG_GROUP_WATER_2,EGG_GROUP_FAIRY,PERCENT_FEMALE(50),20,GROWTH_MEDIUM_FAST,180,148,Torrente / Corpo Molhado
224,Tartaruguim,SPECIES_SNEASEL,water,ABILITY_TORRENT,ABILITY_SWIFT_SWIM,ABILITY_QUICK_FEET,EGG_GROUP_WATER_1,EGG_GROUP_WATER_1,PERCENT_FEMALE(50),20,GROWTH_MEDIUM_FAST,180,95,Torrente / Corpo Molhado
225,Tartaruga,SPECIES_TEDDIURSA,water/rock,ABILITY_TORRENT,ABILITY_ROCK_HEAD,ABILITY_SHEER_FORCE,EGG_GROUP_WATER_1,EGG_GROUP_MINERAL,PERCENT_FEMALE(50),20,GROWTH_MEDIUM_FAST,90,185,Torrente / Corpo Molhado
226,Golfinho,SPECIES_URSARING,water/psychic,ABILITY_TORRENT,ABILITY_TELEPATHY,ABILITY_SHEER_FORCE,EGG_GROUP_WATER_1,EGG_GROUP_AMORPHOUS,PERCENT_FEMALE(50),20,GROWTH_MEDIUM_FAST,90,148,Torrente / Corpo Molhado
227,Baleia,SPECIES_SLUGMA,water/normal,ABILITY_TORRENT,ABILITY_PICKUP,ABILITY_QUICK_FEET,EGG_GROUP_WATER_1,EGG_GROUP_FIELD,PERCENT_FEMALE(50),20,GROWTH_MEDIUM_FAST,180,149,Torrente / Corpo Molhado
228,Tubarim,SPECIES_MAGCARGO,water/dark,ABILITY_TORRENT,ABILITY_PRANKSTER,ABILITY_QUICK_FEET,EGG_GROUP_WATER_2,EGG_GROUP_FIELD,PERCENT_FEMALE(50),20,GROWTH_MEDIUM_FAST,180,96,Torrente / Corpo Molhado
229,Tubarão,SPECIES_SWINUB,water/dark,ABILITY_TORRENT,ABILITY_PRANKSTER,ABILITY_SHEER_FORCE,EGG_GROUP_WATER_2,EGG_GROUP_FIELD,PERCENT_FEMALE(50),20,GROWTH_MEDIUM_FAST,90,184,Torrente / Corpo Molhado
230,Arraia,SPECIES_PILOSWINE,water/electric,ABILITY_TORRENT,ABILITY_LIGHTNING_ROD,ABILITY_QUICK_FEET,EGG_GROUP_WATER_2,EGG_GROUP_FIELD,PERCENT_FEMALE(50),20,GROWTH_MEDIUM_FAST,90,149,Torrente / Corpo Molhado
231,Peixe-Espada,SPECIES_CORSOLA,water/steel,ABILITY_TORRENT,ABILITY_BATTLE_ARMOR,ABILITY_SHEER_FORCE,EGG_GROUP_WATER_2,EGG_GROUP_MINERAL,PERCENT_FEMALE(50),20,GROWTH_MEDIUM_FAST,180,148,Torrente / Corpo Molhado
232,Pargo,SPECIES_REMORAID,water/fire,ABILITY_TORRENT,ABILITY_FLASH_FIRE,ABILITY_SHEER_FORCE,EGG_GROUP_WATER_1,EGG_GROUP_FIELD,PERCENT_FEMALE(50),20,GROWTH_MEDIUM_FAST,180,149,Torrente / Corpo Molhado
233,Pescadão,SPECIES_OCTILLERY,water/dark,ABILITY_TORRENT,ABILITY_PRANKSTER,ABILITY_QUICK_FEET,EGG_GROUP_WATER_2,EGG_GROUP_FIELD,PERCENT_FEMALE(50),20,GROWTH_MEDIUM_FAST,180,149,Torrente / Corpo Molhado
234,Loirinha,SPECIES_DELIBIRD,ghost/fairy,ABILITY_LEVITATE,ABILITY_MAGIC_GUARD,ABILITY_SHEER_FORCE,EGG_GROUP_AMORPHOUS,EGG_GROUP_FAIRY,PERCENT_FEMALE(50),20,GROWTH_MEDIUM_FAST,180,148,Levitação / Alma Antiga
235,Cuca,SPECIES_MANTINE,dark/psychic,ABILITY_INTIMIDATE,ABILITY_TELEPATHY,ABILITY_SHEER_FORCE,EGG_GROUP_FIELD,EGG_GROUP_AMORPHOUS,PERCENT_FEMALE(50),20,GROWTH_MEDIUM_FAST,180,149,Intimidação / Cara de Mau
236,Bicho-Papão,SPECIES_SKARMORY,dark/ghost,ABILITY_INTIMIDATE,ABILITY_CURSED_BODY,ABILITY_QUICK_FEET,EGG_GROUP_FIELD,EGG_GROUP_AMORPHOUS,PERCENT_FEMALE(50),20,GROWTH_MEDIUM_FAST,180,150,Intimidação / Cara de Mau
237,Lobisomem,SPECIES_HOUNDOUR,dark/normal,ABILITY_INTIMIDATE,ABILITY_PICKUP,ABILITY_SHEER_FORCE,EGG_GROUP_FIELD,EGG_GROUP_FIELD,PERCENT_FEMALE(50),20,GROWTH_MEDIUM_FAST,180,148,Intimidação / Cara de Mau
238,Corpo-Seco,SPECIES_HOUNDOOM,ghost/dark,ABILITY_LEVITATE,ABILITY_PRANKSTER,ABILITY_QUICK_FEET,EGG_GROUP_AMORPHOUS,EGG_GROUP_FIELD,PERCENT_FEMALE(50),20,GROWTH_MEDIUM_FAST,180,149,Levitação / Alma Antiga
239,Mão-Peluda,SPECIES_KINGDRA,ghost/fighting,ABILITY_LEVITATE,ABILITY_INNER_FOCUS,ABILITY_QUICK_FEET,EGG_GROUP_AMORPHOUS,EGG_GROUP_HUMAN_LIKE,PERCENT_FEMALE(50),20,GROWTH_MEDIUM_FAST,180,150,Levitação / Alma Antiga
240,Perna-Cabeluda,SPECIES_PHANPY,ghost/normal,ABILITY_LEVITATE,ABILITY_PICKUP,ABILITY_SHEER_FORCE,EGG_GROUP_AMORPHOUS,EGG_GROUP_FIELD,PERCENT_FEMALE(50),20,GROWTH_MEDIUM_FAST,180,149,Levitação / Alma Antiga
241,Comadre,SPECIES_DONPHAN,ghost/fairy,ABILITY_LEVITATE,ABILITY_MAGIC_GUARD,ABILITY_QUICK_FEET,EGG_GROUP_AMORPHOUS,EGG_GROUP_FAIRY,PERCENT_FEMALE(50),20,GROWTH_MEDIUM_FAST,180,149,Levitação / Alma Antiga
242,Anhangá,SPECIES_PORYGON2,ghost/grass,ABILITY_LEVITATE,ABILITY_CHLOROPHYLL,ABILITY_SHEER_FORCE,EGG_GROUP_AMORPHOUS,EGG_GROUP_GRASS,PERCENT_FEMALE(50),20,GROWTH_MEDIUM_FAST,180,148,Levitação / Alma Antiga
243,Jurupari,SPECIES_STANTLER,dark/fairy,ABILITY_INTIMIDATE,ABILITY_MAGIC_GUARD,ABILITY_SHEER_FORCE,EGG_GROUP_FIELD,EGG_GROUP_FAIRY,PERCENT_FEMALE(50),40,GROWTH_SLOW,45,201,Intimidação / Cara de Mau
244,Tupã,SPECIES_SMEARGLE,electric/dragon,ABILITY_STATIC,ABILITY_SHED_SKIN,ABILITY_COMPETITIVE,EGG_GROUP_FIELD,EGG_GROUP_DRAGON,PERCENT_FEMALE(50),40,GROWTH_SLOW,45,202,Estática / Motor Elétrico
245,Jaci,SPECIES_TYROGUE,fairy/psychic,ABILITY_CUTE_CHARM,ABILITY_TELEPATHY,ABILITY_SHEER_FORCE,EGG_GROUP_FAIRY,EGG_GROUP_AMORPHOUS,PERCENT_FEMALE(50),40,GROWTH_SLOW,45,201,Encanto / Véu Mágico
246,Guaraci,SPECIES_HITMONTOP,fire/fairy,ABILITY_BLAZE,ABILITY_MAGIC_GUARD,ABILITY_SHEER_FORCE,EGG_GROUP_FIELD,EGG_GROUP_FAIRY,PERCENT_FEMALE(50),40,GROWTH_SLOW,45,202,Chama / Corpo Flamejante
247,Rudá,SPECIES_SMOOCHUM,fairy/psychic,ABILITY_CUTE_CHARM,ABILITY_TELEPATHY,ABILITY_QUICK_FEET,EGG_GROUP_FAIRY,EGG_GROUP_AMORPHOUS,PERCENT_FEMALE(50),20,GROWTH_MEDIUM_FAST,180,150,Encanto / Véu Mágico
248,Aluá,SPECIES_ELEKID,water/poison,ABILITY_TORRENT,ABILITY_LIQUID_OOZE,ABILITY_SHEER_FORCE,EGG_GROUP_WATER_1,EGG_GROUP_AMORPHOUS,PERCENT_FEMALE(50),20,GROWTH_MEDIUM_FAST,180,148,Torrente / Corpo Molhado
249,Jenipapo,SPECIES_MAGBY,dark/grass,ABILITY_INTIMIDATE,ABILITY_CHLOROPHYLL,ABILITY_QUICK_FEET,EGG_GROUP_FIELD,EGG_GROUP_GRASS,PERCENT_FEMALE(50),20,GROWTH_MEDIUM_FAST,180,149,Intimidação / Cara de Mau
250,Urucum,SPECIES_MILTANK,fire/grass,ABILITY_BLAZE,ABILITY_CHLOROPHYLL,ABILITY_QUICK_FEET,EGG_GROUP_FIELD,EGG_GROUP_GRASS,PERCENT_FEMALE(50),20,GROWTH_MEDIUM_FAST,180,150,Chama / Corpo Flamejante
251,Caipora,SPECIES_BLISSEY,grass/fighting,ABILITY_OVERGROW,ABILITY_INNER_FOCUS,ABILITY_SHEER_FORCE,EGG_GROUP_GRASS,EGG_GROUP_HUMAN_LIKE,PERCENT_FEMALE(50),20,GROWTH_MEDIUM_FAST,90,184,Espessura / Colheita
252,Anhangá-Pitã,SPECIES_RAIKOU,ghost/fire,ABILITY_LEVITATE,ABILITY_FLASH_FIRE,ABILITY_QUICK_FEET,EGG_GROUP_AMORPHOUS,EGG_GROUP_FIELD,PERCENT_FEMALE(50),20,GROWTH_MEDIUM_FAST,180,149,Levitação / Alma Antiga
253,Yara-Pindá,SPECIES_ENTEI,water/fairy,ABILITY_TORRENT,ABILITY_MAGIC_GUARD,ABILITY_SHEER_FORCE,EGG_GROUP_WATER_1,EGG_GROUP_FAIRY,PERCENT_FEMALE(50),20,GROWTH_MEDIUM_FAST,180,148,Torrente / Corpo Molhado
254,Pisadeira,SPECIES_SUICUNE,ghost/fighting,ABILITY_LEVITATE,ABILITY_INNER_FOCUS,ABILITY_SHEER_FORCE,EGG_GROUP_AMORPHOUS,EGG_GROUP_HUMAN_LIKE,PERCENT_FEMALE(50),20,GROWTH_MEDIUM_FAST,180,149,Levitação / Alma Antiga
255,Zumbi,SPECIES_LARVITAR,ghost/fighting,ABILITY_LEVITATE,ABILITY_INNER_FOCUS,ABILITY_COMPETITIVE,EGG_GROUP_AMORPHOUS,EGG_GROUP_HUMAN_LIKE,PERCENT_FEMALE(50),40,GROWTH_SLOW,45,202,Levitação / Alma Antiga
256,Iemanjá-Pequena,SPECIES_PUPITAR,water/fairy,ABILITY_TORRENT,ABILITY_MAGIC_GUARD,ABILITY_SHEER_FORCE,EGG_GROUP_WATER_1,EGG_GROUP_FAIRY,PERCENT_FEMALE(50),20,GROWTH_MEDIUM_FAST,180,148,Torrente / Corpo Molhado
257,Ossanha,SPECIES_TYRANITAR,grass/fairy,ABILITY_OVERGROW,ABILITY_MAGIC_GUARD,ABILITY_SHEER_FORCE,EGG_GROUP_GRASS,EGG_GROUP_FAIRY,PERCENT_FEMALE(50),20,GROWTH_MEDIUM_FAST,180,149,Espessura / Colheita
258,Oxalá,SPECIES_LUGIA,normal/fairy,ABILITY_RUN_AWAY,ABILITY_MAGIC_GUARD,ABILITY_COMPETITIVE,EGG_GROUP_FIELD,EGG_GROUP_FAIRY,PERCENT_FEMALE(50),40,GROWTH_SLOW,45,202,Faro / Placidez
259,Saciamigo,SPECIES_HO_OH,dark/fairy,ABILITY_INTIMIDATE,ABILITY_MAGIC_GUARD,ABILITY_SHEER_FORCE,EGG_GROUP_FIELD,EGG_GROUP_FAIRY,PERCENT_FEMALE(50),20,GROWTH_MEDIUM_FAST,180,148,Intimidação / Cara de Mau
260,Sacipererê,SPECIES_CELEBI,dark/fairy,ABILITY_INTIMIDATE,ABILITY_MAGIC_GUARD,ABILITY_COMPETITIVE,EGG_GROUP_FIELD,EGG_GROUP_FAIRY,PERCENT_FEMALE(50),40,GROWTH_SLOW,45,202,Intimidação / Cara de Mau
261,Curupira-Ancião,SPECIES_POOCHYENA,grass/fairy,ABILITY_OVERGROW,ABILITY_MAGIC_GUARD,ABILITY_QUICK_FEET,EGG_GROUP_GRASS,EGG_GROUP_FAIRY,PERCENT_FEMALE(50),20,GROWTH_MEDIUM_FAST,180,150,Espessura / Colheita
262,Caipora-Fêmea,SPECIES_MIGHTYENA,grass/fighting,ABILITY_OVERGROW,ABILITY_INNER_FOCUS,ABILITY_SHEER_FORCE,EGG_GROUP_GRASS,EGG_GROUP_HUMAN_LIKE,PERCENT_FEMALE(50),20,GROWTH_MEDIUM_FAST,180,149,Espessura / Colheita
263,Pomba-Gira,SPECIES_ZIGZAGOON,dark/fairy,ABILITY_INTIMIDATE,ABILITY_MAGIC_GUARD,ABILITY_QUICK_FEET,EGG_GROUP_FIELD,EGG_GROUP_FAIRY,PERCENT_FEMALE(50),20,GROWTH_MEDIUM_FAST,180,149,Intimidação / Cara de Mau
264,Exu,SPECIES_LINOONE,dark/fighting,ABILITY_INTIMIDATE,ABILITY_INNER_FOCUS,ABILITY_SHEER_FORCE,EGG_GROUP_FIELD,EGG_GROUP_HUMAN_LIKE,PERCENT_FEMALE(50),20,GROWTH_MEDIUM_FAST,180,148,Intimidação / Cara de Mau
265,Preto-Velho,SPECIES_WURMPLE,ghost/psychic,ABILITY_LEVITATE,ABILITY_TELEPATHY,ABILITY_SHEER_FORCE,EGG_GROUP_NO_EGGS_DISCOVERED,EGG_GROUP_NO_EGGS_DISCOVERED,MON_GENDERLESS,40,GROWTH_SLOW,0,201,Levitação / Alma Antiga
266,Caboclo-Guerreiro,SPECIES_SILCOON,grass/fighting,ABILITY_OVERGROW,ABILITY_INNER_FOCUS,ABILITY_QUICK_FEET,EGG_GROUP_GRASS,EGG_GROUP_HUMAN_LIKE,PERCENT_FEMALE(50),20,GROWTH_MEDIUM_FAST,180,149,Espessura / Colheita
267,Marinheiro,SPECIES_BEAUTIFLY,water/dark,ABILITY_TORRENT,ABILITY_PRANKSTER,ABILITY_SHEER_FORCE,EGG_GROUP_WATER_1,EGG_GROUP_FIELD,PERCENT_FEMALE(50),20,GROWTH_MEDIUM_FAST,180,148,Torrente / Corpo Molhado
268,Baiano,SPECIES_CASCOON,fire/fighting,ABILITY_BLAZE,ABILITY_INNER_FOCUS,ABILITY_SHEER_FORCE,EGG_GROUP_FIELD,EGG_GROUP_HUMAN_LIKE,PERCENT_FEMALE(50),20,GROWTH_MEDIUM_FAST,180,149,Chama / Corpo Flamejante
269,Cangaceiro,SPECIES_DUSTOX,dark/fighting,ABILITY_INTIMIDATE,ABILITY_INNER_FOCUS,ABILITY_QUICK_FEET,EGG_GROUP_FIELD,EGG_GROUP_HUMAN_LIKE,PERCENT_FEMALE(50),20,GROWTH_MEDIUM_FAST,180,150,Intimidação / Cara de Mau
270,Beata,SPECIES_LOTAD,fairy/psychic,ABILITY_CUTE_CHARM,ABILITY_TELEPATHY,ABILITY_SHEER_FORCE,EGG_GROUP_FAIRY,EGG_GROUP_AMORPHOUS,PERCENT_FEMALE(50),20,GROWTH_MEDIUM_FAST,180,148,Encanto / Véu Mágico
271,Menino-Deus,SPECIES_LOMBRE,fairy/normal,ABILITY_CUTE_CHARM,ABILITY_PICKUP,ABILITY_QUICK_FEET,EGG_GROUP_FAIRY,EGG_GROUP_FIELD,PERCENT_FEMALE(50),20,GROWTH_MEDIUM_FAST,180,149,Encanto / Véu Mágico
272,Rei-Momo,SPECIES_LUDICOLO,normal/fire,ABILITY_RUN_AWAY,ABILITY_FLASH_FIRE,ABILITY_QUICK_FEET,EGG_GROUP_FIELD,EGG_GROUP_FIELD,PERCENT_FEMALE(50),20,GROWTH_MEDIUM_FAST,180,150,Faro / Placidez
273,Bumba-Meu-Boi,SPECIES_SEEDOT,normal/fire,ABILITY_RUN_AWAY,ABILITY_FLASH_FIRE,ABILITY_SHEER_FORCE,EGG_GROUP_FIELD,EGG_GROUP_FIELD,PERCENT_FEMALE(50),20,GROWTH_MEDIUM_FAST,180,149,Faro / Placidez
274,Reisado,SPECIES_NUZLEAF,fairy/normal,ABILITY_CUTE_CHARM,ABILITY_PICKUP,ABILITY_QUICK_FEET,EGG_GROUP_FAIRY,EGG_GROUP_FIELD,PERCENT_FEMALE(50),20,GROWTH_MEDIUM_FAST,180,149,Encanto / Véu Mágico
275,Frevinho,SPECIES_SHIFTRY,fighting/fire,ABILITY_GUTS,ABILITY_FLASH_FIRE,ABILITY_SHEER_FORCE,EGG_GROUP_HUMAN_LIKE,EGG_GROUP_FIELD,PERCENT_FEMALE(50),20,GROWTH_MEDIUM_FAST,180,148,Determinação / Coragem
276,Maracatu,SPECIES_TAILLOW,dark/fairy,ABILITY_INTIMIDATE,ABILITY_MAGIC_GUARD,ABILITY_SHEER_FORCE,EGG_GROUP_FIELD,EGG_GROUP_FAIRY,PERCENT_FEMALE(50),20,GROWTH_MEDIUM_FAST,180,149,Intimidação / Cara de Mau
277,Congada,SPECIES_SWELLOW,fighting/fire,ABILITY_GUTS,ABILITY_FLASH_FIRE,ABILITY_QUICK_FEET,EGG_GROUP_HUMAN_LIKE,EGG_GROUP_FIELD,PERCENT_FEMALE(50),20,GROWTH_MEDIUM_FAST,180,149,Determinação / Coragem
278,Folião,SPECIES_WINGULL,normal/fairy,ABILITY_RUN_AWAY,ABILITY_MAGIC_GUARD,ABILITY_SHEER_FORCE,EGG_GROUP_FIELD,EGG_GROUP_FAIRY,PERCENT_FEMALE(50),20,GROWTH_MEDIUM_FAST,180,148,Faro / Placidez
279,Onçuma,SPECIES_PELIPPER,dark/ghost,ABILITY_INTIMIDATE,ABILITY_CURSED_BODY,ABILITY_SHEER_FORCE,EGG_GROUP_FIELD,EGG_GROUP_AMORPHOUS,PERCENT_FEMALE(50),40,GROWTH_SLOW,45,202,Intimidação / Cara de Mau
280,Sucuriaçu,SPECIES_RALTS,water/dragon,ABILITY_TORRENT,ABILITY_SHED_SKIN,ABILITY_COMPETITIVE,EGG_GROUP_WATER_1,EGG_GROUP_DRAGON,PERCENT_FEMALE(50),40,GROWTH_SLOW,45,202,Torrente / Corpo Molhado
281,Pirarumbá,SPECIES_KIRLIA,water/dragon,ABILITY_TORRENT,ABILITY_SHED_SKIN,ABILITY_SHEER_FORCE,EGG_GROUP_WATER_2,EGG_GROUP_DRAGON,PERCENT_FEMALE(50),40,GROWTH_SLOW,45,201,Torrente / Corpo Molhado
282,Draguará-Alfa,SPECIES_GARDEVOIR,fire/dragon,ABILITY_BLAZE,ABILITY_SHED_SKIN,ABILITY_COMPETITIVE,EGG_GROUP_FIELD,EGG_GROUP_DRAGON,PERCENT_FEMALE(50),40,GROWTH_SLOW,45,202,Chama / Corpo Flamejante
283,Terolibra-Rainha,SPECIES_SURSKIT,water/bug,ABILITY_TORRENT,ABILITY_COMPOUND_EYES,ABILITY_COMPETITIVE,EGG_GROUP_WATER_1,EGG_GROUP_BUG,PERCENT_FEMALE(50),40,GROWTH_SLOW,45,202,Torrente / Corpo Molhado
284,Petropico-Ancião,SPECIES_MASQUERAIN,grass/rock,ABILITY_OVERGROW,ABILITY_ROCK_HEAD,ABILITY_SHEER_FORCE,EGG_GROUP_GRASS,EGG_GROUP_MINERAL,PERCENT_FEMALE(50),40,GROWTH_SLOW,45,201,Espessura / Colheita
285,Boitatá-Puro,SPECIES_SHROOMISH,fire/dragon,ABILITY_BLAZE,ABILITY_SHED_SKIN,ABILITY_COMPETITIVE,EGG_GROUP_FIELD,EGG_GROUP_DRAGON,PERCENT_FEMALE(50),40,GROWTH_SLOW,45,202,Chama / Corpo Flamejante
286,Iara-Mãe,SPECIES_BRELOOM,water/fairy,ABILITY_TORRENT,ABILITY_MAGIC_GUARD,ABILITY_SHEER_FORCE,EGG_GROUP_WATER_1,EGG_GROUP_FAIRY,PERCENT_FEMALE(50),40,GROWTH_SLOW,45,201,Torrente / Corpo Molhado
287,Curupira-Rei,SPECIES_SLAKOTH,grass/fairy,ABILITY_OVERGROW,ABILITY_MAGIC_GUARD,ABILITY_SHEER_FORCE,EGG_GROUP_GRASS,EGG_GROUP_FAIRY,PERCENT_FEMALE(50),40,GROWTH_SLOW,45,201,Espessura / Colheita
288,Saci-Rei,SPECIES_VIGOROTH,dark/fairy,ABILITY_INTIMIDATE,ABILITY_MAGIC_GUARD,ABILITY_COMPETITIVE,EGG_GROUP_FIELD,EGG_GROUP_FAIRY,PERCENT_FEMALE(50),40,GROWTH_SLOW,45,202,Intimidação / Cara de Mau
289,Anhangaú,SPECIES_SLAKING,ghost/grass,ABILITY_LEVITATE,ABILITY_CHLOROPHYLL,ABILITY_SHEER_FORCE,EGG_GROUP_AMORPHOUS,EGG_GROUP_GRASS,PERCENT_FEMALE(50),40,GROWTH_SLOW,45,201,Levitação / Alma Antiga
290,Muirá-Kytã,SPECIES_NINCADA,grass/fairy,ABILITY_OVERGROW,ABILITY_MAGIC_GUARD,ABILITY_SHEER_FORCE,EGG_GROUP_GRASS,EGG_GROUP_FAIRY,PERCENT_FEMALE(50),40,GROWTH_SLOW,45,202,Espessura / Colheita
291,Cobra-Norato,SPECIES_NINJASK,water/dragon,ABILITY_TORRENT,ABILITY_SHED_SKIN,ABILITY_COMPETITIVE,EGG_GROUP_WATER_1,EGG_GROUP_DRAGON,PERCENT_FEMALE(50),40,GROWTH_SLOW,45,202,Torrente / Corpo Molhado
292,Mapinguari,SPECIES_SHEDINJA,grass/fighting,ABILITY_OVERGROW,ABILITY_INNER_FOCUS,ABILITY_SHEER_FORCE,EGG_GROUP_GRASS,EGG_GROUP_HUMAN_LIKE,PERCENT_FEMALE(50),40,GROWTH_SLOW,45,201,Espessura / Colheita
293,Ipupiara,SPECIES_WHISMUR,water/dark,ABILITY_TORRENT,ABILITY_PRANKSTER,ABILITY_COMPETITIVE,EGG_GROUP_WATER_1,EGG_GROUP_FIELD,PERCENT_FEMALE(50),40,GROWTH_SLOW,45,202,Torrente / Corpo Molhado
294,Uirapuru,SPECIES_LOUDRED,flying/fairy,ABILITY_KEEN_EYE,ABILITY_MAGIC_GUARD,ABILITY_COMPETITIVE,EGG_GROUP_FLYING,EGG_GROUP_FAIRY,PERCENT_FEMALE(50),40,GROWTH_SLOW,45,202,Vista Aguçada / Vento Veloz
295,Muiraquitã,SPECIES_EXPLOUD,rock/fairy,ABILITY_STURDY,ABILITY_MAGIC_GUARD,ABILITY_SHEER_FORCE,EGG_GROUP_MINERAL,EGG_GROUP_FAIRY,PERCENT_FEMALE(50),40,GROWTH_SLOW,45,201,Corpo Rochoso / Poeira
296,Amazona,SPECIES_MAKUHITA,fighting/fairy,ABILITY_GUTS,ABILITY_MAGIC_GUARD,ABILITY_COMPETITIVE,EGG_GROUP_HUMAN_LIKE,EGG_GROUP_FAIRY,PERCENT_FEMALE(50),40,GROWTH_SLOW,45,202,Determinação / Coragem
297,Corcovado-Ancião,SPECIES_HARIYAMA,rock/dragon,ABILITY_STURDY,ABILITY_SHED_SKIN,ABILITY_SHEER_FORCE,EGG_GROUP_MINERAL,EGG_GROUP_DRAGON,PERCENT_FEMALE(50),40,GROWTH_SLOW,45,201,Corpo Rochoso / Poeira
298,Cristo,SPECIES_AZURILL,fairy/psychic,ABILITY_CUTE_CHARM,ABILITY_TELEPATHY,ABILITY_SHEER_FORCE,EGG_GROUP_FAIRY,EGG_GROUP_AMORPHOUS,PERCENT_FEMALE(50),40,GROWTH_SLOW,45,201,Encanto / Véu Mágico
299,Ratão,SPECIES_NOSEPASS,dark/poison,ABILITY_INTIMIDATE,ABILITY_LIQUID_OOZE,ABILITY_QUICK_FEET,EGG_GROUP_FIELD,EGG_GROUP_AMORPHOUS,PERCENT_FEMALE(50),20,GROWTH_MEDIUM_FAST,180,149,Intimidação / Cara de Mau
300,Pombim,SPECIES_SKITTY,flying/normal,ABILITY_KEEN_EYE,ABILITY_PICKUP,ABILITY_QUICK_FEET,EGG_GROUP_FLYING,EGG_GROUP_FIELD,PERCENT_FEMALE(50),20,GROWTH_MEDIUM_FAST,180,94,Vista Aguçada / Vento Veloz
301,Pombão,SPECIES_DELCATTY,flying/poison,ABILITY_KEEN_EYE,ABILITY_LIQUID_OOZE,ABILITY_SHEER_FORCE,EGG_GROUP_FLYING,EGG_GROUP_AMORPHOUS,PERCENT_FEMALE(50),20,GROWTH_MEDIUM_FAST,90,184,Vista Aguçada / Vento Veloz
302,Baratão,SPECIES_SABLEYE,bug/flying,ABILITY_SWARM,ABILITY_BIG_PECKS,ABILITY_QUICK_FEET,EGG_GROUP_BUG,EGG_GROUP_FLYING,PERCENT_FEMALE(50),20,GROWTH_MEDIUM_FAST,90,150,Enxame / Olho Composto
303,Mosquim,SPECIES_MAWILE,bug/poison,ABILITY_SWARM,ABILITY_LIQUID_OOZE,ABILITY_SHEER_FORCE,EGG_GROUP_BUG,EGG_GROUP_AMORPHOUS,PERCENT_FEMALE(50),20,GROWTH_MEDIUM_FAST,180,148,Enxame / Olho Composto
304,Cão-Bravo,SPECIES_ARON,dark/normal,ABILITY_INTIMIDATE,ABILITY_PICKUP,ABILITY_QUICK_FEET,EGG_GROUP_FIELD,EGG_GROUP_FIELD,PERCENT_FEMALE(50),20,GROWTH_MEDIUM_FAST,180,149,Intimidação / Cara de Mau
305,Gato-Preto,SPECIES_LAIRON,dark/psychic,ABILITY_INTIMIDATE,ABILITY_TELEPATHY,ABILITY_QUICK_FEET,EGG_GROUP_FIELD,EGG_GROUP_AMORPHOUS,PERCENT_FEMALE(50),20,GROWTH_MEDIUM_FAST,180,150,Intimidação / Cara de Mau
306,Perereca,SPECIES_AGGRON,water/poison,ABILITY_TORRENT,ABILITY_LIQUID_OOZE,ABILITY_SHEER_FORCE,EGG_GROUP_WATER_1,EGG_GROUP_AMORPHOUS,PERCENT_FEMALE(50),20,GROWTH_MEDIUM_FAST,180,149,Torrente / Corpo Molhado
307,Lagartixa,SPECIES_MEDITITE,normal/psychic,ABILITY_RUN_AWAY,ABILITY_TELEPATHY,ABILITY_QUICK_FEET,EGG_GROUP_FIELD,EGG_GROUP_AMORPHOUS,PERCENT_FEMALE(50),20,GROWTH_MEDIUM_FAST,180,149,Faro / Placidez
308,Traça-Papel,SPECIES_MEDICHAM,bug/psychic,ABILITY_SWARM,ABILITY_TELEPATHY,ABILITY_SHEER_FORCE,EGG_GROUP_BUG,EGG_GROUP_AMORPHOUS,PERCENT_FEMALE(50),20,GROWTH_MEDIUM_FAST,180,148,Enxame / Olho Composto
309,Poeirão,SPECIES_ELECTRIKE,ground/dark,ABILITY_SAND_VEIL,ABILITY_PRANKSTER,ABILITY_SHEER_FORCE,EGG_GROUP_FIELD,EGG_GROUP_FIELD,PERCENT_FEMALE(50),20,GROWTH_MEDIUM_FAST,180,149,Escavador / Nuvem de Areia
310,Ferrugem,SPECIES_MANECTRIC,steel/water,ABILITY_CLEAR_BODY,ABILITY_SWIFT_SWIM,ABILITY_QUICK_FEET,EGG_GROUP_MINERAL,EGG_GROUP_WATER_1,PERCENT_FEMALE(50),20,GROWTH_MEDIUM_FAST,180,149,Corpo Metálico / Ponto Fraco
311,Fumacento,SPECIES_PLUSLE,poison/flying,ABILITY_POISON_POINT,ABILITY_BIG_PECKS,ABILITY_SHEER_FORCE,EGG_GROUP_AMORPHOUS,EGG_GROUP_FLYING,PERCENT_FEMALE(50),20,GROWTH_MEDIUM_FAST,180,148,Ponto Cego / Corpo Fedido
312,Óleoso,SPECIES_MINUN,poison/water,ABILITY_POISON_POINT,ABILITY_SWIFT_SWIM,ABILITY_SHEER_FORCE,EGG_GROUP_AMORPHOUS,EGG_GROUP_WATER_1,PERCENT_FEMALE(50),20,GROWTH_MEDIUM_FAST,180,149,Ponto Cego / Corpo Fedido
313,Lixão,SPECIES_VOLBEAT,poison/ground,ABILITY_POISON_POINT,ABILITY_ARENA_TRAP,ABILITY_QUICK_FEET,EGG_GROUP_AMORPHOUS,EGG_GROUP_FIELD,PERCENT_FEMALE(50),20,GROWTH_MEDIUM_FAST,180,96,Ponto Cego / Corpo Fedido
314,Chorume,SPECIES_ILLUMISE,poison/dark,ABILITY_POISON_POINT,ABILITY_PRANKSTER,ABILITY_SHEER_FORCE,EGG_GROUP_AMORPHOUS,EGG_GROUP_FIELD,PERCENT_FEMALE(50),20,GROWTH_MEDIUM_FAST,90,184,Ponto Cego / Corpo Fedido
315,Bituca,SPECIES_ROSELIA,fire/poison,ABILITY_BLAZE,ABILITY_LIQUID_OOZE,ABILITY_QUICK_FEET,EGG_GROUP_FIELD,EGG_GROUP_AMORPHOUS,PERCENT_FEMALE(50),20,GROWTH_MEDIUM_FAST,180,149,Chama / Corpo Flamejante
316,Latinha,SPECIES_GULPIN,steel/normal,ABILITY_CLEAR_BODY,ABILITY_PICKUP,ABILITY_QUICK_FEET,EGG_GROUP_MINERAL,EGG_GROUP_FIELD,PERCENT_FEMALE(50),20,GROWTH_MEDIUM_FAST,90,150,Corpo Metálico / Ponto Fraco
317,Sacolim,SPECIES_SWALOT,poison/flying,ABILITY_POISON_POINT,ABILITY_BIG_PECKS,ABILITY_SHEER_FORCE,EGG_GROUP_AMORPHOUS,EGG_GROUP_FLYING,PERCENT_FEMALE(50),20,GROWTH_MEDIUM_FAST,180,149,Ponto Cego / Corpo Fedido
318,Garrafão,SPECIES_CARVANHA,water/poison,ABILITY_TORRENT,ABILITY_LIQUID_OOZE,ABILITY_QUICK_FEET,EGG_GROUP_WATER_1,EGG_GROUP_AMORPHOUS,PERCENT_FEMALE(50),20,GROWTH_MEDIUM_FAST,180,149,Torrente / Corpo Molhado
319,Netzero,SPECIES_SHARPEDO,flying/poison,ABILITY_KEEN_EYE,ABILITY_LIQUID_OOZE,ABILITY_SHEER_FORCE,EGG_GROUP_FLYING,EGG_GROUP_AMORPHOUS,PERCENT_FEMALE(50),20,GROWTH_MEDIUM_FAST,180,148,Vista Aguçada / Vento Veloz
320,Pilhoso,SPECIES_WAILMER,electric/poison,ABILITY_STATIC,ABILITY_LIQUID_OOZE,ABILITY_SHEER_FORCE,EGG_GROUP_FIELD,EGG_GROUP_AMORPHOUS,PERCENT_FEMALE(50),20,GROWTH_MEDIUM_FAST,180,149,Estática / Motor Elétrico
321,Cabofio,SPECIES_WAILORD,electric/steel,ABILITY_STATIC,ABILITY_BATTLE_ARMOR,ABILITY_QUICK_FEET,EGG_GROUP_FIELD,EGG_GROUP_MINERAL,PERCENT_FEMALE(50),20,GROWTH_MEDIUM_FAST,180,149,Estática / Motor Elétrico
322,Bugão,SPECIES_NUMEL,bug/dark,ABILITY_SWARM,ABILITY_PRANKSTER,ABILITY_SHEER_FORCE,EGG_GROUP_BUG,EGG_GROUP_FIELD,PERCENT_FEMALE(50),20,GROWTH_MEDIUM_FAST,180,148,Enxame / Olho Composto
323,Aluminio,SPECIES_CAMERUPT,steel/flying,ABILITY_CLEAR_BODY,ABILITY_BIG_PECKS,ABILITY_SHEER_FORCE,EGG_GROUP_MINERAL,EGG_GROUP_FLYING,PERCENT_FEMALE(50),20,GROWTH_MEDIUM_FAST,180,149,Corpo Metálico / Ponto Fraco
324,Concretim,SPECIES_TORKOAL,rock/steel,ABILITY_STURDY,ABILITY_BATTLE_ARMOR,ABILITY_QUICK_FEET,EGG_GROUP_MINERAL,EGG_GROUP_MINERAL,PERCENT_FEMALE(50),20,GROWTH_MEDIUM_FAST,180,150,Corpo Rochoso / Poeira
325,Bueiro,SPECIES_SPOINK,water/dark,ABILITY_TORRENT,ABILITY_PRANKSTER,ABILITY_SHEER_FORCE,EGG_GROUP_WATER_1,EGG_GROUP_FIELD,PERCENT_FEMALE(50),20,GROWTH_MEDIUM_FAST,180,148,Torrente / Corpo Molhado
326,Sinal,SPECIES_GRUMPIG,electric/psychic,ABILITY_STATIC,ABILITY_TELEPATHY,ABILITY_QUICK_FEET,EGG_GROUP_FIELD,EGG_GROUP_AMORPHOUS,PERCENT_FEMALE(50),20,GROWTH_MEDIUM_FAST,180,149,Estática / Motor Elétrico
327,Poste,SPECIES_SPINDA,steel/electric,ABILITY_CLEAR_BODY,ABILITY_LIGHTNING_ROD,ABILITY_QUICK_FEET,EGG_GROUP_MINERAL,EGG_GROUP_FIELD,PERCENT_FEMALE(50),20,GROWTH_MEDIUM_FAST,180,150,Corpo Metálico / Ponto Fraco
328,Grafiteiro,SPECIES_TRAPINCH,dark/fairy,ABILITY_INTIMIDATE,ABILITY_MAGIC_GUARD,ABILITY_SHEER_FORCE,EGG_GROUP_FIELD,EGG_GROUP_FAIRY,PERCENT_FEMALE(50),20,GROWTH_MEDIUM_FAST,180,149,Intimidação / Cara de Mau
329,Guaraciana,SPECIES_VIBRAVA,fire/fairy,ABILITY_BLAZE,ABILITY_MAGIC_GUARD,ABILITY_COMPETITIVE,EGG_GROUP_NO_EGGS_DISCOVERED,EGG_GROUP_NO_EGGS_DISCOVERED,MON_GENDERLESS,120,GROWTH_SLOW,3,202,Chama / Corpo Flamejante
330,Jaciana,SPECIES_FLYGON,fairy/water,ABILITY_CUTE_CHARM,ABILITY_SWIFT_SWIM,ABILITY_SHEER_FORCE,EGG_GROUP_NO_EGGS_DISCOVERED,EGG_GROUP_NO_EGGS_DISCOVERED,MON_GENDERLESS,120,GROWTH_SLOW,3,201,Encanto / Véu Mágico
331,Tupanaú,SPECIES_CACNEA,electric/dragon,ABILITY_STATIC,ABILITY_SHED_SKIN,ABILITY_SHEER_FORCE,EGG_GROUP_NO_EGGS_DISCOVERED,EGG_GROUP_NO_EGGS_DISCOVERED,MON_GENDERLESS,120,GROWTH_SLOW,3,201,Estática / Motor Elétrico
332,Iaraú,SPECIES_CACTURNE,water/fairy,ABILITY_TORRENT,ABILITY_MAGIC_GUARD,ABILITY_COMPETITIVE,EGG_GROUP_NO_EGGS_DISCOVERED,EGG_GROUP_NO_EGGS_DISCOVERED,MON_GENDERLESS,120,GROWTH_SLOW,3,202,Torrente / Corpo Molhado
333,Kuarahy,SPECIES_SWABLU,fire/psychic,ABILITY_BLAZE,ABILITY_TELEPATHY,ABILITY_SHEER_FORCE,EGG_GROUP_NO_EGGS_DISCOVERED,EGG_GROUP_NO_EGGS_DISCOVERED,MON_GENDERLESS,120,GROWTH_SLOW,3,201,Chama / Corpo Flamejante
334,Yasy,SPECIES_ALTARIA,fairy/dark,ABILITY_CUTE_CHARM,ABILITY_PRANKSTER,ABILITY_SHEER_FORCE,EGG_GROUP_NO_EGGS_DISCOVERED,EGG_GROUP_NO_EGGS_DISCOVERED,MON_GENDERLESS,120,GROWTH_SLOW,3,202,Encanto / Véu Mágico
335,Rudarauna,SPECIES_ZANGOOSE,fairy/psychic,ABILITY_CUTE_CHARM,ABILITY_TELEPATHY,ABILITY_COMPETITIVE,EGG_GROUP_NO_EGGS_DISCOVERED,EGG_GROUP_NO_EGGS_DISCOVERED,MON_GENDERLESS,120,GROWTH_SLOW,3,202,Encanto / Véu Mágico
336,Perybé,SPECIES_SEVIPER,water/psychic,ABILITY_TORRENT,ABILITY_TELEPATHY,ABILITY_SHEER_FORCE,EGG_GROUP_NO_EGGS_DISCOVERED,EGG_GROUP_NO_EGGS_DISCOVERED,MON_GENDERLESS,120,GROWTH_SLOW,3,201,Torrente / Corpo Molhado
337,Arauanaú,SPECIES_LUNATONE,fairy/dragon,ABILITY_CUTE_CHARM,ABILITY_SHED_SKIN,ABILITY_COMPETITIVE,EGG_GROUP_NO_EGGS_DISCOVERED,EGG_GROUP_NO_EGGS_DISCOVERED,MON_GENDERLESS,120,GROWTH_SLOW,3,202,Encanto / Véu Mágico
338,Verdejante,SPECIES_SOLROCK,grass/dragon,ABILITY_OVERGROW,ABILITY_SHED_SKIN,ABILITY_COMPETITIVE,EGG_GROUP_NO_EGGS_DISCOVERED,EGG_GROUP_NO_EGGS_DISCOVERED,MON_GENDERLESS,120,GROWTH_SLOW,3,202,Espessura / Colheita
339,Chuvão,SPECIES_BARBOACH,water/electric,ABILITY_TORRENT,ABILITY_LIGHTNING_ROD,ABILITY_SHEER_FORCE,EGG_GROUP_NO_EGGS_DISCOVERED,EGG_GROUP_NO_EGGS_DISCOVERED,MON_GENDERLESS,120,GROWTH_SLOW,3,201,Torrente / Corpo Molhado
340,Solzão,SPECIES_WHISCASH,fire/ground,ABILITY_BLAZE,ABILITY_ARENA_TRAP,ABILITY_COMPETITIVE,EGG_GROUP_NO_EGGS_DISCOVERED,EGG_GROUP_NO_EGGS_DISCOVERED,MON_GENDERLESS,120,GROWTH_SLOW,3,202,Chama / Corpo Flamejante
341,Ventania,SPECIES_CORPHISH,flying/dragon,ABILITY_KEEN_EYE,ABILITY_SHED_SKIN,ABILITY_SHEER_FORCE,EGG_GROUP_NO_EGGS_DISCOVERED,EGG_GROUP_NO_EGGS_DISCOVERED,MON_GENDERLESS,120,GROWTH_SLOW,3,201,Vista Aguçada / Vento Veloz
342,Terraão,SPECIES_CRAWDAUNT,ground/rock,ABILITY_SAND_VEIL,ABILITY_ROCK_HEAD,ABILITY_SHEER_FORCE,EGG_GROUP_NO_EGGS_DISCOVERED,EGG_GROUP_NO_EGGS_DISCOVERED,MON_GENDERLESS,120,GROWTH_SLOW,3,201,Escavador / Nuvem de Areia
343,Fogaréu,SPECIES_BALTOY,fire/dragon,ABILITY_BLAZE,ABILITY_SHED_SKIN,ABILITY_COMPETITIVE,EGG_GROUP_NO_EGGS_DISCOVERED,EGG_GROUP_NO_EGGS_DISCOVERED,MON_GENDERLESS,120,GROWTH_SLOW,3,202,Chama / Corpo Flamejante
344,Marulho,SPECIES_CLAYDOL,water/dragon,ABILITY_TORRENT,ABILITY_SHED_SKIN,ABILITY_SHEER_FORCE,EGG_GROUP_NO_EGGS_DISCOVERED,EGG_GROUP_NO_EGGS_DISCOVERED,MON_GENDERLESS,120,GROWTH_SLOW,3,201,Torrente / Corpo Molhado
345,Alvorecer,SPECIES_LILEEP,fairy/fire,ABILITY_CUTE_CHARM,ABILITY_FLASH_FIRE,ABILITY_SHEER_FORCE,EGG_GROUP_NO_EGGS_DISCOVERED,EGG_GROUP_NO_EGGS_DISCOVERED,MON_GENDERLESS,120,GROWTH_SLOW,3,202,Encanto / Véu Mágico
346,Poente,SPECIES_CRADILY,dark/fire,ABILITY_INTIMIDATE,ABILITY_FLASH_FIRE,ABILITY_COMPETITIVE,EGG_GROUP_NO_EGGS_DISCOVERED,EGG_GROUP_NO_EGGS_DISCOVERED,MON_GENDERLESS,120,GROWTH_SLOW,3,202,Intimidação / Cara de Mau
347,Estrelinha,SPECIES_ANORITH,fairy/psychic,ABILITY_CUTE_CHARM,ABILITY_TELEPATHY,ABILITY_SHEER_FORCE,EGG_GROUP_NO_EGGS_DISCOVERED,EGG_GROUP_NO_EGGS_DISCOVERED,MON_GENDERLESS,120,GROWTH_SLOW,3,216,Encanto / Véu Mágico
348,Arauanamon,SPECIES_ARMALDO,dragon/fairy,ABILITY_INNER_FOCUS,ABILITY_MAGIC_GUARD,ABILITY_COMPETITIVE,EGG_GROUP_NO_EGGS_DISCOVERED,EGG_GROUP_NO_EGGS_DISCOVERED,MON_GENDERLESS,120,GROWTH_SLOW,3,217,Escama Dracônica / Presságio
349,Aracuã,SPECIES_FEEBAS,flying/normal,ABILITY_KEEN_EYE,ABILITY_PICKUP,ABILITY_QUICK_FEET,EGG_GROUP_FLYING,EGG_GROUP_FIELD,PERCENT_FEMALE(50),20,GROWTH_MEDIUM_FAST,180,150,Vista Aguçada / Vento Veloz
350,Bugio,SPECIES_MILOTIC,normal/dark,ABILITY_RUN_AWAY,ABILITY_PRANKSTER,ABILITY_SHEER_FORCE,EGG_GROUP_FIELD,EGG_GROUP_FIELD,PERCENT_FEMALE(50),20,GROWTH_MEDIUM_FAST,180,149,Faro / Placidez
351,Tuim,SPECIES_CASTFORM,grass,ABILITY_OVERGROW,ABILITY_CHLOROPHYLL,ABILITY_QUICK_FEET,EGG_GROUP_GRASS,EGG_GROUP_GRASS,PERCENT_FEMALE(50),20,GROWTH_MEDIUM_FAST,180,102,Espessura / Vento Veloz
352,Periquitão,SPECIES_KECLEON,grass/flying,ABILITY_OVERGROW,ABILITY_BIG_PECKS,ABILITY_QUICK_FEET,EGG_GROUP_GRASS,EGG_GROUP_FLYING,PERCENT_FEMALE(50),20,GROWTH_MEDIUM_FAST,90,146,Espessura / Vento Veloz
353,Ararunão,SPECIES_SHUPPET,grass/flying,ABILITY_OVERGROW,ABILITY_BIG_PECKS,ABILITY_COMPETITIVE,EGG_GROUP_GRASS,EGG_GROUP_FLYING,PERCENT_FEMALE(50),40,GROWTH_SLOW,45,199,Espessura / Presságio
354,Preazinho,SPECIES_BANETTE,normal,ABILITY_RUN_AWAY,ABILITY_PICKUP,ABILITY_QUICK_FEET,EGG_GROUP_FIELD,EGG_GROUP_FIELD,PERCENT_FEMALE(50),20,GROWTH_MEDIUM_FAST,180,109,Fuga / Placidez
355,Capivarão,SPECIES_DUSKULL,normal/water,ABILITY_RUN_AWAY,ABILITY_SWIFT_SWIM,ABILITY_REGENERATOR,EGG_GROUP_FIELD,EGG_GROUP_WATER_1,PERCENT_FEMALE(50),20,GROWTH_MEDIUM_FAST,45,170,Espessura / Corpo Molhado
356,Tamanduí,SPECIES_DUSCLOPS,bug,ABILITY_SWARM,ABILITY_COMPOUND_EYES,ABILITY_SHEER_FORCE,EGG_GROUP_BUG,EGG_GROUP_BUG,PERCENT_FEMALE(50),20,GROWTH_MEDIUM_FAST,180,107,Enxame / Faro
357,Tamanduá,SPECIES_TROPIUS,bug/ground,ABILITY_SWARM,ABILITY_ARENA_TRAP,ABILITY_SHEER_FORCE,EGG_GROUP_BUG,EGG_GROUP_FIELD,PERCENT_FEMALE(50),20,GROWTH_MEDIUM_FAST,90,147,Enxame / Faro
358,Tamanduão,SPECIES_CHIMECHO,bug/ground,ABILITY_SWARM,ABILITY_ARENA_TRAP,ABILITY_SHEER_FORCE,EGG_GROUP_BUG,EGG_GROUP_FIELD,PERCENT_FEMALE(50),20,GROWTH_MEDIUM_FAST,45,182,Enxame / Intimidação
359,Preguicinha,SPECIES_ABSOL,grass,ABILITY_OVERGROW,ABILITY_CHLOROPHYLL,ABILITY_REGENERATOR,EGG_GROUP_GRASS,EGG_GROUP_GRASS,PERCENT_FEMALE(50),20,GROWTH_MEDIUM_FAST,180,95,Placidez / Colheita
360,Preguiçoso,SPECIES_WYNAUT,grass/psychic,ABILITY_OVERGROW,ABILITY_TELEPATHY,ABILITY_REGENERATOR,EGG_GROUP_GRASS,EGG_GROUP_AMORPHOUS,PERCENT_FEMALE(50),20,GROWTH_MEDIUM_FAST,45,173,Placidez / Colheita
361,Beija-Flor,SPECIES_SNORUNT,fairy/flying,ABILITY_CUTE_CHARM,ABILITY_BIG_PECKS,ABILITY_QUICK_FEET,EGG_GROUP_FAIRY,EGG_GROUP_FLYING,PERCENT_FEMALE(50),20,GROWTH_MEDIUM_FAST,180,126,Encanto / Vento Veloz
362,Beija-Luz,SPECIES_GLALIE,fairy/fire,ABILITY_CUTE_CHARM,ABILITY_FLASH_FIRE,ABILITY_QUICK_FEET,EGG_GROUP_FAIRY,EGG_GROUP_FIELD,PERCENT_FEMALE(50),20,GROWTH_MEDIUM_FAST,90,161,Encanto / Corpo Flamejante
363,Beija-Sol,SPECIES_SPHEAL,fairy/fire,ABILITY_CUTE_CHARM,ABILITY_FLASH_FIRE,ABILITY_QUICK_FEET,EGG_GROUP_FAIRY,EGG_GROUP_FIELD,PERCENT_FEMALE(50),40,GROWTH_SLOW,45,203,Chama / Encanto
364,Sarará,SPECIES_SEALEO,fairy/water,ABILITY_CUTE_CHARM,ABILITY_SWIFT_SWIM,ABILITY_FILTER,EGG_GROUP_FAIRY,EGG_GROUP_WATER_1,PERCENT_FEMALE(50),20,GROWTH_MEDIUM_FAST,180,157,Encanto / Corpo Molhado
365,Cambota,SPECIES_WALREIN,fighting/normal,ABILITY_GUTS,ABILITY_PICKUP,ABILITY_SHEER_FORCE,EGG_GROUP_HUMAN_LIKE,EGG_GROUP_FIELD,PERCENT_FEMALE(50),20,GROWTH_MEDIUM_FAST,180,162,Determinação / Ritmo
366,Berimbau,SPECIES_CLAMPERL,fairy/fighting,ABILITY_CUTE_CHARM,ABILITY_INNER_FOCUS,ABILITY_COMPETITIVE,EGG_GROUP_FAIRY,EGG_GROUP_HUMAN_LIKE,PERCENT_FEMALE(50),20,GROWTH_MEDIUM_FAST,90,168,Encanto / Ritmo
367,Atabaque,SPECIES_HUNTAIL,fighting/ground,ABILITY_GUTS,ABILITY_ARENA_TRAP,ABILITY_SHEER_FORCE,EGG_GROUP_HUMAN_LIKE,EGG_GROUP_FIELD,PERCENT_FEMALE(50),20,GROWTH_MEDIUM_FAST,90,165,Determinação / Ritmo
368,Pandeirim,SPECIES_GOREBYSS,fairy/normal,ABILITY_CUTE_CHARM,ABILITY_PICKUP,ABILITY_QUICK_FEET,EGG_GROUP_FAIRY,EGG_GROUP_FIELD,PERCENT_FEMALE(50),20,GROWTH_MEDIUM_FAST,180,153,Encanto / Ritmo
369,Sanfoninha,SPECIES_RELICANTH,normal/fairy,ABILITY_RUN_AWAY,ABILITY_MAGIC_GUARD,ABILITY_COMPETITIVE,EGG_GROUP_FIELD,EGG_GROUP_FAIRY,PERCENT_FEMALE(50),20,GROWTH_MEDIUM_FAST,90,170,Encanto / Placidez
370,Violeiro,SPECIES_LUVDISC,grass/fairy,ABILITY_OVERGROW,ABILITY_MAGIC_GUARD,ABILITY_COMPETITIVE,EGG_GROUP_GRASS,EGG_GROUP_FAIRY,PERCENT_FEMALE(50),20,GROWTH_MEDIUM_FAST,90,174,Colheita / Encanto
371,Zabumba,SPECIES_BAGON,ground/fighting,ABILITY_SAND_VEIL,ABILITY_INNER_FOCUS,ABILITY_REGENERATOR,EGG_GROUP_FIELD,EGG_GROUP_HUMAN_LIKE,PERCENT_FEMALE(50),20,GROWTH_MEDIUM_FAST,90,172,Determinação / Ritmo
372,Cordelim,SPECIES_SHELGON,psychic/fairy,ABILITY_SYNCHRONIZE,ABILITY_MAGIC_GUARD,ABILITY_COMPETITIVE,EGG_GROUP_AMORPHOUS,EGG_GROUP_FAIRY,PERCENT_FEMALE(50),20,GROWTH_MEDIUM_FAST,180,162,Presságio / Encanto
373,Rendeira,SPECIES_SALAMENCE,fairy/bug,ABILITY_CUTE_CHARM,ABILITY_COMPOUND_EYES,ABILITY_FILTER,EGG_GROUP_FAIRY,EGG_GROUP_BUG,PERCENT_FEMALE(50),20,GROWTH_MEDIUM_FAST,90,172,Encanto / Enxame
374,Escamoso,SPECIES_BELDUM,water/dark,ABILITY_TORRENT,ABILITY_PRANKSTER,ABILITY_SHEER_FORCE,EGG_GROUP_WATER_1,EGG_GROUP_FIELD,PERCENT_FEMALE(50),20,GROWTH_MEDIUM_FAST,90,166,Torrente / Intimidação
375,Piranhita,SPECIES_METANG,water/dark,ABILITY_TORRENT,ABILITY_PRANKSTER,ABILITY_QUICK_FEET,EGG_GROUP_WATER_2,EGG_GROUP_FIELD,PERCENT_FEMALE(50),20,GROWTH_MEDIUM_FAST,180,132,Torrente / Enxame
376,Boitatã,SPECIES_METAGROSS,fire/dragon,ABILITY_BLAZE,ABILITY_SHED_SKIN,ABILITY_SHEER_FORCE,EGG_GROUP_NO_EGGS_DISCOVERED,EGG_GROUP_NO_EGGS_DISCOVERED,MON_GENDERLESS,120,GROWTH_SLOW,3,217,Chama / Escama Dracônica
377,Piraruaçu,SPECIES_REGIROCK,water/dragon,ABILITY_TORRENT,ABILITY_SHED_SKIN,ABILITY_REGENERATOR,EGG_GROUP_NO_EGGS_DISCOVERED,EGG_GROUP_NO_EGGS_DISCOVERED,MON_GENDERLESS,120,GROWTH_SLOW,3,210,Torrente / Escama Dracônica
378,Mata-Mata,SPECIES_REGICE,grass/dragon,ABILITY_OVERGROW,ABILITY_SHED_SKIN,ABILITY_REGENERATOR,EGG_GROUP_NO_EGGS_DISCOVERED,EGG_GROUP_NO_EGGS_DISCOVERED,MON_GENDERLESS,120,GROWTH_SLOW,3,213,Espessura / Escama Dracônica
379,Solaris,SPECIES_REGISTEEL,fire/psychic,ABILITY_BLAZE,ABILITY_TELEPATHY,ABILITY_COMPETITIVE,EGG_GROUP_NO_EGGS_DISCOVERED,EGG_GROUP_NO_EGGS_DISCOVERED,MON_GENDERLESS,120,GROWTH_SLOW,3,223,Chama / Presságio
380,Selenê,SPECIES_LATIAS,dark/psychic,ABILITY_INTIMIDATE,ABILITY_TELEPATHY,ABILITY_COMPETITIVE,EGG_GROUP_NO_EGGS_DISCOVERED,EGG_GROUP_NO_EGGS_DISCOVERED,MON_GENDERLESS,120,GROWTH_SLOW,3,223,Encanto / Presságio
381,Zumbi-Rei,SPECIES_LATIOS,fighting/dark,ABILITY_GUTS,ABILITY_PRANKSTER,ABILITY_SHEER_FORCE,EGG_GROUP_NO_EGGS_DISCOVERED,EGG_GROUP_NO_EGGS_DISCOVERED,MON_GENDERLESS,120,GROWTH_SLOW,0,218,Determinação / Intimidação
382,Iemanjã,SPECIES_KYOGRE,water/fairy,ABILITY_TORRENT,ABILITY_MAGIC_GUARD,ABILITY_COMPETITIVE,EGG_GROUP_NO_EGGS_DISCOVERED,EGG_GROUP_NO_EGGS_DISCOVERED,MON_GENDERLESS,120,GROWTH_SLOW,0,232,Torrente / Encanto
383,Oxumará,SPECIES_GROUDON,dragon/fairy,ABILITY_INNER_FOCUS,ABILITY_MAGIC_GUARD,ABILITY_COMPETITIVE,EGG_GROUP_NO_EGGS_DISCOVERED,EGG_GROUP_NO_EGGS_DISCOVERED,MON_GENDERLESS,120,GROWTH_SLOW,0,232,Escama Dracônica / Encanto
384,Curupixel,SPECIES_RAYQUAZA,grass/fairy,ABILITY_OVERGROW,ABILITY_MAGIC_GUARD,ABILITY_SHEER_FORCE,EGG_GROUP_NO_EGGS_DISCOVERED,EGG_GROUP_NO_EGGS_DISCOVERED,MON_GENDERLESS,120,GROWTH_SLOW,3,215,Espessura / Presságio
385,Sacinho,SPECIES_JIRACHI,dark/fairy,ABILITY_INTIMIDATE,ABILITY_MAGIC_GUARD,ABILITY_QUICK_FEET,EGG_GROUP_NO_EGGS_DISCOVERED,EGG_GROUP_NO_EGGS_DISCOVERED,MON_GENDERLESS,120,GROWTH_SLOW,3,217,Vento Veloz / Presságio
386,Arauá,SPECIES_DEOXYS,dragon/psychic,ABILITY_INNER_FOCUS,ABILITY_TELEPATHY,ABILITY_REGENERATOR,EGG_GROUP_NO_EGGS_DISCOVERED,EGG_GROUP_NO_EGGS_DISCOVERED,MON_GENDERLESS,120,GROWTH_SLOW,3,240,Presságio / Escama Dracônica
