arauna_dex,symbol,pt,en
001,Caramelo,"Filhote de rua de pelagem cor de caramelo. Quando confia em seu treinador, a ponta do rabo acende uma chama pequena e constante que nunca queima quem o acaricia.","A stray pup the colour of caramel. Once it trusts its trainer, the tip of its tail lights a small steady flame that never burns a friendly hand."
002,Caramelao,Guardiao das feiras livres. Suas costas ficam salpicadas de brasas que ele controla como se fossem pulgas - só mordem quem tenta roubar.,"Guardian of the open-air markets. Embers speckle its back, and it keeps them like fleas that bite only thieves."
003,Draguara,"Lendas contam que todo cachorro caramelo que salvou uma vida renasce como um Draguará. Suas chamas turquesa aquecem, mas nunca ferem inocentes.",Legend says every stray that saved a life comes back as a Draguará. Its turquoise fire warms but never harms the innocent.
004,Quero,"Nunca dorme por completo. Um olho fica aberto vigiando o ninho - se algo se aproxima, dispara o grito quero-quero! que ecoa por quilômetros.","It never sleeps all the way. One eye stays open over the nest, and its quero-quero cry carries for kilometres."
005,Queribela,"Após a primeira muda, suas penas se transformam em membranas iridescentes de libélula. Paira sobre a água caçando com precisao cirúrgica.",After its first moult the feathers become iridescent dragonfly membranes. It hovers over water and hunts with surgical aim.
006,Terolibra,Quatro asas de libélula sustentam um corpo esguio de quero-quero adulto. Um único bater de asas cria uma rajada dágua capaz de partir troncos.,Four dragonfly wings carry a lean adult body. One wingbeat throws a jet of water strong enough to split a trunk.
007,Pimpau,"Fura cascas de árvore atrás de larvas com um bico ainda mole. Treina o dia inteiro batendo em tocos secos, e volta pro ninho com dor de cabeça.",It drills bark for grubs with a beak still soft. It drills dry stumps all day and goes home with a headache.
008,Bicopau,O bico endurece até virar madeira-de-lei. Percute os troncos em ritmos complexos que outros Bicopau reconhecem como mensagens.,The beak hardens into ironwood. It drums trunks in complex rhythms other Bicopau read as messages.
009,Petropico,Seu bico se calcificou em uma cunha de granito. Escava cavernas em paredoes de pedra com pancadas que ecoam como sinos.,Its beak has calcified into a granite wedge. It carves caves out of rock faces with blows that ring like bells.
010,Formilim,Nao é uma formiga - é uma colônia inteira andando em formato de formiga gigante. Se dispersa quando ameaçada.,Not one ant: a whole colony walking in the shape of a giant one. It scatters when threatened.
011,Sauvarco,A rainha das saúvas. Comanda exércitos que desfolham árvores inteiras em uma única noite.,Queen of the leafcutters. Her armies can strip a whole tree bare in a single night.
012,Capivim,Vive em bandos beira-rio. Aceita qualquer outro Pokémon em suas costas - inclusive treinadores cansados.,"It lives in riverside troops and lets anything ride on its back, tired trainers included."
013,Tucanhao,Seu bico gigante é oco e leve. Consegue engolir uma fruta inteira e cuspir a semente a 40 metros de distância - planta florestas sozinho.,"Its huge beak is hollow and light. It swallows a fruit whole and spits the seed 40 metres, planting forests alone."
014,Saguim,Rouba tudo que brilha. Treinadores aprendem cedo a guardar as medalhas de ginásio no fundo da mochila.,It steals anything that shines. Trainers learn early to keep their badges at the bottom of the bag.
015,Micuiras,Ancian da tribo dos Sagüim. Enxerga o futuro em reflexos de rios e prevê chuvas com uma semana de antecedência.,Elder of the Sagüim troop. It reads the future in river reflections and calls rain a week ahead.
016,Boitata,Aparece após queimadas. Seu corpo é uma cobra feita de fogo azul que devora quem provoca incêndios florestais.,It appears after a burn. Its body is a snake of blue fire that devours whoever sets the forest alight.
017,Curupim,Seus pés apontam para trás. Confunde caçadores fazendo pegadas que levam pra dentro da mata em vez de pra fora.,Its feet point backwards. Hunters follow its tracks deeper into the woods instead of out.
018,Curupira,"O verdadeiro senhor da mata. Onde ele pisa, uma árvore centenária brota em uma noite.","The true lord of the forest. Where it treads, a hundred-year tree rises in one night."
019,Iaraco,Encanta pescadores com um canto. Quem cai no rio atrás dela vira parte de sua corte para sempre.,It charms fishermen with a song. Whoever follows her into the river joins her court forever.
020,Sacizinho,Só tem uma perna. Se movimenta em redemoinhos e adora atrapalhar treinadores desatentos - apagando fogueiras ou soltando Pokémon capturados.,"It has only one leg. It travels in whirlwinds and loves to pester careless trainers, dousing fires and freeing caught Pokémon."
021,Cactula,Sobrevive meses sem chuva. Seus espinhos guardam gotas de veneno adocicado que atrai Pokémon-inseto.,It survives months without rain. Its spines hold drops of sweet venom that draw in Bug Pokémon.
022,Muricoco,Enxames inteiros perseguem treinadores por dias. O único jeito de fugir é entrar num rio - e torcer para nao ter Terolibra por perto.,"Whole swarms follow trainers for days. The only escape is a river, and hoping no Terolibra lives in it."
023,Oncaleu,A onça-pintada da regiao. Caça em silêncio absoluto - treinadores só percebem quando o Pokémon já está no chao.,"The jaguar of the region. It hunts in total silence, and trainers notice only once they are on the ground."
024,Tamandua,Suas garras cortam aço. Come Formilim inteiros de uma lambida - mas evita Saúvarco: já perdeu a língua uma vez.,"Its claws cut steel. It eats whole Formilim in one lick, but avoids Saúvarco: it lost its tongue once."
025,Botim,Nasce cinza e vai ficando rosa conforme ganha confiança. Brinca com bolhas que ele mesmo sopra.,"Born grey, it turns pink as its confidence grows. It plays with bubbles it blows itself."
026,Botao,Sai à noite em bandos. Diz o folclore que se transforma em rapaz nas festas de beira-rio.,It comes out at night in groups. Folklore says it turns into a young man at riverside parties.
027,Botogalau,Chapéu branco esconde o buraco do topo da cabeça. Encanta moças e some no rio ao amanhecer.,A white hat hides the hole in the top of its head. It charms girls and vanishes into the river at dawn.
028,Tatuim,Se enrola numa bola do tamanho de uma laranja. Rola morro abaixo pra fugir.,It curls into a ball the size of an orange and rolls downhill to escape.
029,Tatubola,A carapaça vira aço quando ameaçado. Ricocheteia ataques físicos de volta.,"Its shell turns to steel when threatened, bouncing physical attacks straight back."
030,Tatucu,Escava túneis de 20 metros por noite. Aldeias inteiras já sumiram sob suas galerias.,It digs twenty metres of tunnel a night. Whole villages have sunk into its galleries.
031,Ararinha,Imita qualquer som que ouve - inclusive gritos de treinadores caindo do barranco.,"It mimics any sound it hears, including trainers yelling as they fall down the bank."
032,Arara,Penas vermelhas soltam faíscas quando bate as asas com força.,Its red feathers throw sparks when it beats its wings hard.
033,Araracanga,Voa entre as nuvens do cerrado. Suas penas caídas incendeiam a grama seca.,It flies among the clouds of the cerrado. The feathers it drops set the dry grass alight.
034,Jacarim,Fica boiando com só os olhos de fora. Confunde treinadores com um tronco flutuante.,"It floats with only its eyes above water, and passes for a drifting log."
035,Jacarao,"Espera horas imóvel. Quando ataca, arrasta a presa pro fundo em uma pirueta.","It waits still for hours. When it strikes, it drags its prey under in a single roll."
036,Jacarodon,Descendente direto dos dinossauros. Suas mandíbulas quebram cascos de Tatuçu.,A direct descendant of the dinosaurs. Its jaws crack a Tatuçu's shell.
037,Preguicim,Se move tao devagar que musgo cresce em seu pelo. Serve de casa pra insetos.,It moves so slowly that moss grows in its fur. Insects live there.
038,Preguicao,"Passa 20 horas por dia dormindo. Nos sonhos, prevê chuvas com semanas de antecedência.",It sleeps twenty hours a day. In its dreams it sees rain weeks ahead.
039,BichoPreguica,Do tamanho de um elefante. Anda uma vez por lua e sabe onde toda árvore centenária brota.,The size of an elephant. It walks once a moon and knows where every old tree will rise.
040,Papaguim,Aprende a repetir palavras em três dias. Aprende palavroes em uma tarde.,It learns to repeat words in three days. It learns swearing in an afternoon.
041,Papagaio,Memoriza conversas inteiras e as repete pra pessoas erradas. Causa muita confusao.,It memorises whole conversations and repeats them to the wrong people. It causes trouble.
042,Papagaiao,Vive 200 anos. Guarda segredos de geraçoes de treinadores em sua memória.,"It lives 200 years, holding the secrets of generations of trainers in its memory."
043,Antinha,Listrada como um javali pequeno. Sua tromba curta cheira frutas a 100 metros.,Striped like a small boar. Its short snout smells fruit a hundred metres off.
044,Anta,Atravessa rios inteiros submersa. Come até 40 quilos de folhas por dia.,It crosses whole rivers underwater and eats forty kilos of leaves a day.
045,Antarau,Espírito da mata. Guia treinadores perdidos até a borda da floresta.,A spirit of the forest. It guides lost trainers back to the edge of the trees.
046,Sucurim,Já nasce com 2 metros. Se enrola em galhos esperando presas.,It is already two metres long at birth. It coils in branches and waits for prey.
047,Sucuri,Sufoca a presa e engole inteira. Se torna Boiúna após anos absorvendo lendas do rio.,It smothers its prey and swallows it whole. Years of river legend turn it into Boiuna.
048,Boiuna,Cobra-Grande da mitologia amazônica. Olhos brilham como faróis de barco em noite de igarapé. Diz a lenda que sua passagem forma novos rios.,"The Cobra-Grande of Amazon myth. Its eyes shine like boat lamps on the creek at night, and legend says its passing carves new rivers."
049,Borbolim,Come folhas de urtiga sem se envenenar. Guarda o veneno na pele.,"It eats nettle leaves without being poisoned, and stores the venom in its skin."
050,Casulete,"Casulo iridescente que reflete o azul do céu. Nao se move, mas dá choque se tocado.","An iridescent cocoon that mirrors the blue sky. It cannot move, but it shocks anything that touches it."
051,Morphalia,Asas do tamanho de maos humanas. Suas escamas azuis viram poeira mágica curativa.,Wings the size of human hands. Its blue scales become healing magic dust.
052,Guaracim,Pernas desproporcionalmente longas. Corre de galope pelo cerrado atrás de frutas.,Its legs are far too long. It gallops across the cerrado after fruit.
053,Guara,"Uiva ao entardecer. Come lobeira, uma fruta doce, e planta a floresta com suas fezes.",It howls at dusk. It eats the sweet lobeira fruit and plants the forest with its droppings.
054,Guaraflama,Aparece nas noites de lua nova. Suas patas deixam pegadas em brasa.,It appears on new moon nights. Its paws leave footprints of live coals.
055,Peixim,Nada devagar mamando na mae. Chora com voz de bebê quando se perde.,"It swims slowly, nursing from its mother, and cries like a baby when it gets lost."
056,Peixeboi,Herbívoro pacífico. Come até 50 quilos de plantas aquáticas por dia.,A peaceable herbivore. It eats fifty kilos of water plants a day.
057,MaeDAgua,Protetora dos rios. Diz o folclore que amamentou crianças perdidas.,Protector of the rivers. Folklore says she nursed lost children.
058,Mandim,Bigodes farejam comida no lodo do fundo. Meio cego.,Its whiskers find food in the mud below. It is nearly blind.
059,Mandi,Espinhos venenosos nas nadadeiras. Uma picada tira o sono por dias.,Venomous spines in its fins. One sting costs days of sleep.
060,Mandube,Do tamanho de um homem. Nada no escuro absoluto do fundo dos rios.,The size of a man. It swims in the total dark of the river bottom.
061,Preguim,Aprende a usar galhos como ferramentas ainda filhote. Rouba comida de acampamentos.,"It uses sticks as tools while still young, and robs camps of food."
062,Prego,Usa pedras pra quebrar castanhas. Ensina técnicas a filhotes por geraçoes.,"It cracks nuts with stones, and has taught the technique to its young for generations."
063,Pregarcanjo,Considerado o mais inteligente dos primatas de Arauana. Resolve enigmas humanos.,Held to be the cleverest primate in Arauana. It solves human riddles.
064,Aranin,Tece teias em galhos secos. Come pequenas Formilim.,It spins webs in dry branches and eats small Formilim.
065,Caraninha,Pelos urticantes causam coceira insuportável em contato.,Its stinging hairs raise an unbearable itch on contact.
066,Caranga,Do tamanho de um prato. Presas perfuram até luvas de couro.,The size of a dinner plate. Its fangs go through leather gloves.
067,Gatim,"Mia igual gato doméstico, mas nao deixa ninguém chegar perto.","It meows like a house cat, but lets nobody close."
068,GatoDoMato,Caça pássaros no meio da noite. Suas pupilas brilham verde nas lanternas.,It hunts birds at midnight. Its pupils flash green in torchlight.
069,Jaguatirica,Manchas em roseta como uma onça-pintada em miniatura. Sobe em árvores atrás de macacos.,"Rosette spots, like a jaguar in miniature. It climbs trees after monkeys."
070,Cutim,Enterra sementes de castanha e esquece onde colocou. Planta a floresta sem querer.,It buries nuts and forgets where. It plants the forest by accident.
071,Cutia,Roe qualquer coisa. Dentes crescem a vida inteira.,It gnaws anything. Its teeth grow for its whole life.
072,Paca,Só sai de noite. Correndo assobiando pela mata escura.,"It comes out only at night, running and whistling through the dark woods."
073,Formigao,Mordida dolorida como levar 24 horas de caibra. Nome popular: formiga bala.,Its bite hurts like a full day of cramp. Locals call it the bullet ant.
074,Marimbondo,Enxame agressivo. Persegue ameaças por quilômetros.,An aggressive swarm. It chases a threat for kilometres.
075,Abelhinha,Nao tem ferrao. Faz mel doce que treinadores usam pra recuperar Pokémon feridos.,It has no sting. Its sweet honey is used to revive hurt Pokémon.
076,Quatim,Bando de 15 andando pelas trilhas. Fura mochila atrás de biscoito.,"Bands of fifteen walk the trails, going through packs after biscuits."
077,Quati,Aprende a abrir zíperes de tenda. Rouba tudo que brilha.,"It has learned to open tent zips, and steals anything that shines."
078,Coati,Vive em cavernas escuras. Focinho longuíssimo pra caçar morcegos.,It lives in dark caves. Its very long snout is made for hunting bats.
079,Gamba,Solta um cheiro nauseante quando ameaçado. Treinadores fogem antes do Pokémon.,It lets out a sickening smell when threatened. Trainers flee before it does.
080,Cangamba,Jato de fedor atinge 3 metros de distância. Dura semanas na roupa.,Its stink jet reaches three metres and lasts weeks in your clothes.
081,Sarue,Se finge de morto por horas quando ameaçado. Enganou até Onçaléu.,It plays dead for hours when threatened. It has even fooled Onçaléu.
082,Tuquinho,Bico colorido chama fêmeas de longe. Come frutas silvestres.,Its bright bill calls females from far off. It eats wild fruit.
083,Aracari,Voa em bando de 6. Todos comem da mesma fruta ao mesmo tempo.,It flies in sixes. All of them eat from the same fruit at once.
084,Curicaca,Grito estridente ao amanhecer. Toda fazenda de Arauana odeia esse Pokémon.,A shrill cry at daybreak. Every farm in Arauana hates this Pokémon.
085,Sapim,Nada em cardumes. Vira Sapao quando as patas crescem.,"It swims in shoals, and becomes Sapao once its legs come in."
086,Sapao,Glândulas atrás dos olhos soltam veneno branco. Nunca lamba um Sapao.,Glands behind its eyes weep white poison. Never lick a Sapao.
087,Cururu,Do tamanho de uma bola de futebol. Come Muriçoco aos milhares.,The size of a football. It eats Muriçoco by the thousand.
088,Teiuzim,Corre em duas patas quando assustado. Rabo destaca pra despistar predadores.,It runs on two legs when startled. Its tail detaches to throw off predators.
089,Teiu,"Come tudo: frutas, ovos, pequenos animais. Come até serpentes venenosas.","It eats everything: fruit, eggs, small animals, even venomous snakes."
090,Camaleao,Muda de cor pra combinar com o ambiente. Também muda de humor de segundo em segundo.,"It changes colour to match its surroundings, and its mood by the second."
091,Morcim,Dorme de cabeça pra baixo agarrado no teto da caverna.,"It sleeps upside down, gripping the roof of the cave."
092,Morcego,Enxerga com som. Voa no escuro absoluto sem bater em nada.,"It sees with sound, flying in absolute dark without touching anything."
093,Vampiro,Suga sangue de mamíferos adormecidos. Deixa o dono anêmico se convive muito tempo.,It drinks the blood of sleeping mammals. Long company leaves its owner anaemic.
094,Piuiuim,Fica em uma perna só a maior parte do tempo. Cai se um vento forte pega.,"It stands on one leg most of the time, and topples if a hard wind catches it."
095,Tuiuiu,Ave símbolo do Pantanal. Bico enorme pesca peixes com uma bicada só.,The bird of the Pantanal. Its huge bill takes a fish in one stab.
096,Colhereiro,Rosa por comer crustáceos. Bico em formato de colher.,Pink from eating shellfish. Its bill is shaped like a spoon.
097,Mulinha,Filhote inocente. Nada indica o que vai virar quando crescer.,An innocent foal. Nothing about it hints at what it becomes.
098,Mula,Cavalga mais rápido que um cavalo. Zurro assustador.,It rides faster than a horse. Its bray is terrifying.
099,MulaSemCabeca,Solta fogo do pescoço no lugar da cabeça. Aparece nas sextas-feiras.,Fire pours from its neck where the head should be. It comes on Fridays.
100,Corcovado,Espírito de uma montanha inteira. Costas cobertas de mata que respira.,"The spirit of an entire mountain. Its back is covered in forest, and it breathes."
101,Cervalo,Chifres pontudos ainda em desenvolvimento. Salta arbustos com facilidade.,Its pointed horns are still coming in. It clears bushes easily.
102,Catingueiro,Chifres se ramificam com a idade. Come cactos sem se machucar.,Its horns branch with age. It eats cactus without hurting itself.
103,Sucuapara,Chifres tao grandes que precisam levantar a cabeça pra passar pela mata.,Horns so wide it has to raise its head to get through the woods.
104,Cabocim,Espírito das águas em forma humanoide. Nada como um peixe.,A water spirit in human shape. It swims like a fish.
105,Caboclo,Puxa canoas pra fundo quando pescadores desrespeitam o rio.,It drags canoes under when fishermen disrespect the river.
106,Cangaco,Ave que rouba dos ricos e distribui pros pobres - segundo os sertanejos.,"A bird that robs the rich and gives to the poor, so the backlanders say."
107,Xango,Domina raios e trovoes. Machado bipene solta faíscas ao golpear.,Master of lightning and thunder. Its twin-headed axe throws sparks when it strikes.
108,Iemanja,Deusa dos oceanos. Filhas peixes seguem-na em cortejo.,"Goddess of the oceans. Her daughters, the fish, follow her in procession."
109,Oxum,Rainha das águas doces. Cabelo de ouro molhado escorre pra sempre.,Queen of fresh water. Her hair of wet gold runs and never dries.
110,Ogum,Ferreiro divino. Forjou espadas que cortam a alma dos malfeitores.,The divine blacksmith. He forged blades that cut the souls of wrongdoers.
111,Cavalim,Crina longa esvoaça no vento. Aprende a galopar em uma semana.,Its long mane streams in the wind. It learns to gallop in a week.
112,Cavalgado,Corre 60 km/h por horas. Domesticado por gaúchos de Arauana.,It runs at sixty an hour for hours. The gauchos of Arauana tamed it.
113,Zebuim,Corcova enorme já visível no filhote. Ainda inseguro nas patas.,Its huge hump already shows in the foal. It is still unsure on its feet.
114,Zebu,Corcova gigante. Aguenta calor extremo do cerrado sem se cansar.,A giant hump. It takes the worst heat of the cerrado without tiring.
115,Ovelhinha,Lan grossa protege do frio serrano. Docilíssima.,Thick wool against the highland cold. Utterly gentle.
116,Cabrita,Sobe morros impossíveis. Come galhos secos.,It climbs impossible slopes and eats dry branches.
117,Chocalhao,Chocalho no rabo ainda pequeno. Aprende a tocar aos poucos.,The rattle on its tail is still small. It is learning to play it.
118,Cascavelim,Veneno neurotóxico já plenamente ativo. Chocalho intimida predadores.,Its neurotoxin is fully active. The rattle warns predators off.
119,Cascavao,Uma mordida paralisa até Onçaléu. Chocalho ouve-se a 100 metros.,One bite paralyses even Onçaléu. Its rattle carries a hundred metres.
120,Jararaca,Camufla-se em folhas caídas. Nao avisa antes de morder.,It hides among fallen leaves. It gives no warning before it bites.
121,Pirarim,Nasce com 30 cm. Cresce um metro por ano em rio bem alimentado.,Thirty centimetres at birth. It grows a metre a year in a well-fed river.
122,Pirarucu,Até 3 metros de comprimento. Respira ar da superfície como um mamífero.,Up to three metres long. It breathes surface air like a mammal.
123,Piranha,Ataca em cardume. Descarnam uma vaca em minutos.,It attacks in shoals. They strip a cow in minutes.
124,Tambaqui,Come frutas que caem dos igapós. Dentes triturando sementes.,It eats fruit falling into the flooded forest. Its teeth grind the seeds.
125,Aruana,Salta 2 metros fora dágua pra pegar insetos em galhos.,It leaps two metres clear of the water to take insects off branches.
126,Poraque,Solta choque de 600 volts. Paralisa qualquer coisa que toque a água.,"It puts out a six hundred volt shock, paralysing anything touching the water."
127,Curimbata,Nada em cardumes gigantes. Migra rio acima na piracema.,"It swims in enormous shoals, running upriver at spawning time."
128,Traira,Espera imóvel entre folhas submersas. Dentes afiados travam a presa.,It waits still among sunken leaves. Its sharp teeth lock onto prey.
129,Dourado,Salta em cachoeiras rio acima. Escamas douradas brilham como moedas.,It leaps up waterfalls. Its golden scales shine like coins.
130,Tucunare,Mancha ocelada na cauda espanta predadores. Ataca qualquer coisa que entre no território.,The eyespot on its tail scares predators off. It attacks anything entering its water.
131,Pacu,Dentes humanos triturando castanhas. Confunde treinadores nadando.,Human-looking teeth grinding nuts. Swimmers mistake it for one of their own.
132,Matrinxa,Cardumes escuros deslizam pelas corredeiras. Pesca esportiva popular.,Dark shoals slip through the rapids. A favourite of sport anglers.
133,Piau,Listras douradas laterais. Come tudo que cai na água.,Gold stripes down its flanks. It eats whatever falls in the water.
134,Cascudo,Placas duras cobrem o corpo. Roi lodo dos aquários.,Hard plates cover its body. It scrapes the algae off aquarium glass.
135,Acara,Formato de disco colorido. Cria os filhotes no próprio muco da pele.,A bright disc of a fish. It raises its young on the mucus of its own skin.
136,Vagalumim,Bumbum acende só quando fica com medo. Ilumina caminhos na mata.,"Its tail lights only when it is frightened, showing the way through the woods."
137,Vagalume,Piscadas em código atraem fêmeas. Ilumina 5 metros ao redor.,"It blinks in code to draw females, lighting five metres around it."
138,Cigarrinho,Vive 7 anos debaixo da terra antes de virar Cigarrao.,It lives seven years underground before it becomes Cigarrao.
139,Cigarrao,Canto de 100 decibéis. Sinal do verao em Arauana.,A hundred-decibel song. The sign of summer in Arauana.
140,Louvadinha,Foices ainda pequenas mas afiadas. Come formigas.,Its scythes are small but already sharp. It eats ants.
141,Louvadeus,Reza antes de decapitar a presa. Fêmea come o macho após acasalar.,It prays before beheading its prey. The female eats the male after mating.
142,Escorpim,Ferrao translúcido no rabo. Uma picada tira o sono da noite.,A see-through sting in its tail. One jab costs a night's sleep.
143,Escorpiao,Pinças esmagam besouros. Ferrao paralisa até um Cavalgado.,Its claws crush beetles. Its sting can paralyse even a Cavalgado.
144,Caramulao,Concha espiralada com padrao folclórico. Come alface das margens.,A spiral shell with a folk pattern on it. It eats lettuce along the banks.
145,Piolhao,Se enrola em bola quando ameaçado. Solta cheiro de amêndoa amarga.,"It curls into a ball when threatened, giving off a smell of bitter almond."
146,Barata,"Sobrevive a qualquer coisa. Radiaçao, veneno, chinelo.","It survives anything. Radiation, poison, a flip-flop."
147,Grilim,Salta 30 vezes o próprio tamanho. Toca música com as pernas.,"It leaps thirty times its own length, and plays music with its legs."
148,Grilao,Canto ininterrupto à noite. Anuncia chuva.,It sings without pause all night. It announces rain.
149,Aranhao,Levanta as patas dianteiras antes de atacar. Veneno neurotóxico grave.,It raises its front legs before it strikes. Its neurotoxin is serious.
150,Vespao,Caça aranhas do tamanho de maos e as arrasta pro ninho.,It hunts spiders the size of hands and drags them back to the nest.
151,Marimbondao,Ferroada dolorosa por horas. Faz ninho de barro em telhados.,A sting that hurts for hours. It builds mud nests on rooftops.
152,Traca,Come móveis por dentro. Só se percebe quando desmorona.,It eats furniture from the inside. Nobody notices until it collapses.
153,Corupiao,Vive 30 anos botando ovos sem parar. Cupinzeiro cresce em torno dela.,She lives thirty years laying without pause. The mound grows around her.
154,Cupinzim,Mandíbulas gigantes protegem a rainha. Nao come - só briga.,"Giant jaws guard the queen. It does not eat, only fight."
155,FormigaoPreto,Corre em fila indiana por quilômetros. Devora tudo no caminho.,"It marches in single file for kilometres, devouring everything on the way."
156,BeijaFlor,Bate as asas 80 vezes por segundo. Voa pra trás e de cabeça pra baixo.,Its wings beat eighty times a second. It flies backwards and upside down.
157,Sabia,Canto conhecido como o mais bonito do Brasil. Anuncia a primavera.,Its song is held the most beautiful in Brazil. It announces the spring.
158,BemTeVi,Grita o próprio nome. Delator de tudo que acontece no quintal.,"It shouts its own name, telling the whole yard what everyone did."
159,Urutau,Se disfarça de galho seco. Canto lamentoso à noite assusta viajantes.,It disguises itself as a dead branch. Its mournful night song frightens travellers.
160,Carcara,"Come cobras, ratos e até cordeiros pequenos. Símbolo do sertao.","It eats snakes, rats and even small lambs. The emblem of the backlands."
161,Gaviao,Maior ave de rapina das Américas. Come macacos e preguiças.,The largest bird of prey in the Americas. It takes monkeys and sloths.
162,Urubu,Come qualquer carne podre. Faz limpeza dos campos.,"It eats any rotting meat, and keeps the fields clean."
163,Corurupim,Olhos giram 270 graus. Vê no escuro total.,Its eyes turn 270 degrees. It sees in total dark.
164,Coruja,Vive em buracos no chao do cerrado. Voa em silêncio absoluto.,It lives in burrows in the cerrado floor and flies in complete silence.
165,Jaburu,Voa em bandos de centenas. Pesca peixes com bico de espada.,"It flies in flocks of hundreds, spearing fish with a bill like a sword."
166,Ema,Maior ave do Brasil. Corre 60 km/h em fuga.,The largest bird in Brazil. It runs at sixty an hour to escape.
167,Seriema,Bate cobras venenosas contra o chao até matar. Só depois come.,"It beats venomous snakes on the ground until they die, and only then eats."
168,Anu,Vive em bandos ruidosos. Come carrapatos das costas de vacas.,"It lives in noisy flocks, picking ticks off the backs of cattle."
169,TrincaFerro,Canto tao forte que treinadores premiam pelo timbre em concursos.,A song so strong that trainers award prizes for its tone at contests.
170,Curio,Canto elaborado com trinados. Ave mais valiosa em disputas de canto.,An elaborate song full of trills. The most prized bird in singing contests.
171,Sanhaco,Azul cintilante brilha no sol. Come frutas em quintais.,A glittering blue that catches the sun. It eats fruit in back gardens.
172,PapaFormiga,Come exclusivamente formigas correiçao. Segue enxames por dias.,"It eats nothing but army ants, following the swarms for days."
173,Choca,Vive na sombra baixa. Assusta borboletas com bater de asas.,"It lives in the low shade, startling butterflies with a beat of its wings."
174,Bacurau,Voa rasante caçando insetos. Boca gigante abre no ar.,"It skims low after insects, its huge mouth opening in mid-air."
175,JoaoDeBarro,Constrói ninho de barro em forma de forno. Vira símbolo em pátios rurais.,"It builds a clay nest shaped like an oven, an emblem of country yards."
176,Sementim,Semente-de-jequitibá que aprendeu a andar em duas raízes.,A jequitibá seed that learned to walk on two roots.
177,Muda,Broto de árvore com folhinhas de sol. Rega-se sozinha nas chuvas.,A sapling with little sun-catching leaves. The rain waters it for free.
178,Jequitiba,Árvore centenária ambulante. Passa mais tempo parada do que andando.,A hundred-year tree that walks. It stands still far more than it moves.
179,Bromelinha,Copo natural que junta água da chuva. Sapos vivem dentro.,A natural cup that gathers rainwater. Frogs live inside it.
180,Orquidina,Pétalas iridescentes. Aroma atrai polinizadores por quilômetros.,Iridescent petals. Its scent draws pollinators from kilometres away.
181,Vitoriaregia,Folha do tamanho de uma cama de casal. Aguenta uma criança em pé.,A leaf the size of a double bed. It holds a standing child.
182,Ipe,Perde as folhas e floresce amarelo no inverno seco.,It drops its leaves and flowers yellow in the dry winter.
183,Cipo,Se enrosca em árvores e sufoca. Longuíssimo - dá volta em morros.,It winds around trees and strangles them. So long it can ring a hill.
184,Palmito,Coraçao da palmeira é iguaria disputada. Se defende com espinhos no tronco.,"Its palm heart is a prized delicacy, so it defends itself with a spined trunk."
185,Babacu,Coco duríssimo. Só Petropico consegue quebrar.,A coconut of terrible hardness. Only Petropico can crack it.
186,Buriti,Cresce onde tem água doce escondida. Sinaliza oásis no cerrado.,"It grows where fresh water hides, marking oases in the cerrado."
187,Cajuzim,Fruta que anda. Castanha na cabeça balança como topete.,A fruit that walks. The nut on its head bobs like a quiff.
188,Cajueiro,Assa a própria castanha ao sol da caatinga. Aroma inebriante.,It roasts its own nut in the caatinga sun. The smell is intoxicating.
189,Acai,Cacho roxo escuro no topo. Energético natural pros Pokémon lutadores.,A dark purple cluster on top. Natural fuel for Fighting Pokémon.
190,Cacauim,Fruto amarelo com sementes doces. Vira Chocolat na fermentaçao.,A yellow fruit with sweet seeds. Fermenting turns it into Chocolat.
191,Cacaueiro,Vagens roxas quando maduras. Origem do chocolate de Arauana.,Purple pods when ripe. The origin of Arauana chocolate.
192,Guarana,Semente pretíssima parece um olho. Energia natural pura.,A seed so black it looks like an eye. Pure natural energy.
193,Mate,Folhas amargas viram chimarrao. Companheiro dos gaúchos de Arauana.,"Its bitter leaves make chimarrao, companion of the Arauana gauchos."
194,Milho,"Espigas coloridas amarela, vermelha, roxa. Alimento das aldeias.","Ears in yellow, red and purple. The food of the villages."
195,Mandioca,Raiz alongada parece perna. Enterra a si mesma pra dormir.,A long root shaped like a leg. It buries itself to sleep.
196,Pedrinha,Pedra rolada por milênios. Perfeitamente lisa.,A stone rolled for millennia. Perfectly smooth.
197,Rochao,Rocha ambulante que ronca ao rolar. Faz tremer o chao.,"A walking rock that rumbles as it rolls, shaking the ground."
198,Cristalim,Cristal transparente. Cresce um centímetro por ano em cavernas úmidas.,A clear crystal. It grows a centimetre a year in damp caves.
199,Ametista,Geodo roxo brilhante. Refrata o sol em arco-íris.,A bright purple geode. It breaks the sun into rainbows.
200,Ourico,Pepita ambulante. Bandidos perseguem por Arauana inteira.,A walking nugget. Bandits chase it across the whole of Arauana.
201,Ferrolho,Rocha pesadíssima. Ficha em pé só se plantar as raízes.,A rock of terrible weight. It only stands if it puts down roots.
202,Diamantina,Pedra preciosíssima. Reflete arco-íris em qualquer luz.,A gem of the highest order. It throws rainbows in any light.
203,Bauxito,Cor terracota. Se descama em placas metálicas.,Terracotta coloured. It flakes away in metal sheets.
204,Manganim,Preto brilhante. Absorve luz ao redor.,A shining black. It swallows the light around it.
205,Salitre,Cristaliza sozinho em salinas. Doce e amargo ao mesmo tempo.,It crystallises by itself in salt flats. Sweet and bitter at once.
206,Enxofrino,Cheiro de ovo podre. Cresce em fumarolas.,It smells of rotten egg. It grows in volcanic vents.
207,Argilim,Se molda em qualquer forma. Vira Boneco quando um humano brinca.,"It moulds into any shape, and becomes Boneco when a child plays with it."
208,Boneco,Argila animada por brincadeiras de criança. Guarda memórias afetivas.,Clay brought to life by a child's game. It keeps the memories fondly.
209,Estalactite,Cresce uma gota por século. Se ofende se chamada de estalagmite.,"It grows a drop a century, and takes offence at being called a stalagmite."
210,Estalagmite,Cresce apontando pra cima. Nao gosta de estalactites.,"It grows pointing upward, and does not care for stalactites."
211,Fossil,Osso de dinossauro que voltou a andar. Ninguém sabe como.,A dinosaur bone that started walking again. Nobody knows how.
212,Meteorito,Caiu do céu há milênios. Ainda quente ao toque.,"It fell out of the sky millennia ago, and is still warm to the touch."
213,Vulcanite,Formada em erupçao antiga. Guarda calor por séculos.,Formed in an ancient eruption. It holds its heat for centuries.
214,Marmim,Escultura clássica ganhou vida por magia. Elegantíssimo.,A classical sculpture brought to life by magic. Utterly elegant.
215,Granito,Rachaduras naturais formam rostos zangados.,Its natural cracks make the shapes of angry faces.
216,Caranguim,Bebê caranguejo saltitante. Pinça já mordisca dedos.,A hopping baby crab. Its claw already nips fingers.
217,Guaiamum,Vive em tocas no manguezal. Sai à noite em bandos.,It lives in mangrove burrows and comes out at night in groups.
218,Siri,Nada de lado. Pinças azuis brilhantes.,It swims sideways. Its claws are a brilliant blue.
219,Camarao,Nada em bandos rosados. Delícia grelhada - segundo turistas.,"It swims in pink shoals. Delicious grilled, so the tourists say."
220,Polvim,Muda de cor pra combinar com o fundo do mar. Solta tinta.,"It changes colour to match the sea floor, and squirts ink."
221,Polvao,8 braços resolvem quebra-cabeças. Abre potes com tampa.,Eight arms that solve puzzles. It opens jars with lids.
222,Aguaviva,Tentáculos urticantes de metros. Flutua com as correntes.,Stinging tentacles metres long. It drifts with the current.
223,CavalimMarinho,Macho engravida e cuida dos filhotes. Nada em pé.,The male carries and raises the young. It swims upright.
224,Tartaruguim,Nasce na praia e corre pro mar por instinto. Frágil demais.,It hatches on the beach and runs for the sea on instinct. Terribly fragile.
225,Tartaruga,Vive 100 anos. Volta à praia onde nasceu pra desovar.,"It lives a hundred years, returning to lay on the beach where it hatched."
226,Golfinho,Salta em piruetas. Se comunica em cliques agudos.,It leaps in pirouettes and talks in high clicks.
227,Baleia,Canta cançoes que percorrem oceanos. Migra sazonalmente.,"It sings songs that cross oceans, and migrates with the seasons."
228,Tubarim,Já nasce nadando e caçando. Sem infância.,It is born already swimming and hunting. It has no childhood.
229,Tubarao,Rei do mar. Dentes serrilhados regeneram infinitamente.,King of the sea. Its serrated teeth grow back forever.
230,Arraia,Se camufla no fundo. Choque paralisa banhistas descuidados.,It hides on the bottom. Its shock paralyses careless bathers.
231,PeixeEspada,Rostro em forma de espada. Perfura cascos de barco.,A bill shaped like a sword. It runs through the hulls of boats.
232,Pargo,Escamas vermelhas brilham no sol. Cardume gigante nos recifes.,Red scales flashing in the sun. Huge shoals over the reefs.
233,Pescadao,Antena com isca luminosa engana peixes menores.,A lit lure on its antenna fools smaller fish.
234,Loirinha,Aparece em espelhos de escolas à noite. Chama seu nome.,"It appears in school mirrors at night, calling its own name."
235,Cuca,Rouba crianças que nao dormem. Nem sempre é real.,It takes children who will not sleep. It is not always real.
236,BichoPapao,Vive embaixo de camas. Só assusta crianças desobedientes.,"It lives under beds, and frightens only disobedient children."
237,Lobisomem,Sétimo filho homem em lua cheia. Uivo faz caes fugirem.,The seventh son under a full moon. Its howl sends dogs running.
238,CorpoSeco,Alma tao ruim que nem a terra aceita. Vaga eternamente.,A soul so bad the earth will not have it. It wanders forever.
239,MaoPeluda,Mao gigante peluda sai debaixo da cama. Pega os pés.,A giant hairy hand comes out from under the bed and takes your feet.
240,PernaCabeluda,Perna cabeluda anda sozinha à noite. Persegue solitários.,"A hairy leg walks alone at night, following anyone out on their own."
241,Comadre,Espírito de mulher que morreu no parto. Sequestra bebês.,The spirit of a woman who died in childbirth. She takes babies.
242,Anhanga,Protetor dos animais. Amaldiçoa caçadores gulosos.,Protector of animals. It curses hunters who take more than their share.
243,Jurupari,Deus tupi da noite. Só homens podem ver o rosto.,The Tupi god of night. Only men may see his face.
244,Tupa,Deus supremo tupi-guarani. Solta relâmpagos com um piscar.,The supreme Tupi-Guarani god. He looses lightning with a blink.
245,Jaci,Deusa da lua. Cabelo prateado brilha nas noites de lua cheia.,Goddess of the moon. Her silver hair shines on full-moon nights.
246,Guaraci,Deus do sol. Coroa dourada ilumina Arauana inteira.,God of the sun. His golden crown lights the whole of Arauana.
247,Ruda,Deus do amor. Flecha de flor faz coraçoes se encontrarem.,God of love. His flower arrow brings two hearts together.
248,Alua,Espírito da bebida fermentada. Alegra festas em pajelanças.,Spirit of fermented drink. It brightens the feasts of the healers.
249,Jenipapo,Tinta preta que dura semanas na pele. Pinta padroes de bênçao.,Black paint that lasts weeks on the skin. It draws patterns of blessing.
250,Urucum,Tinta vermelha ancestral. Repele insetos.,An ancestral red paint. It keeps insects away.
251,Caipora,Monta em porco-do-mato. Protege a caça - persegue caçadores que exageram.,It rides a wild boar. It guards the game and hunts down greedy hunters.
252,AnhangaPita,Forma vermelha do Anhangá quando enfurecido.,The red form Anhangá takes when it is enraged.
253,YaraPinda,Yara em forma de pescadora. Ensina jovens a respeitar o rio.,Yara as a fisherwoman. She teaches the young to respect the river.
254,Pisadeira,Pisa no peito de quem dorme de barriga cheia. Paralisia.,It stands on the chest of anyone who sleeps on a full stomach. Paralysis.
255,Zumbi,Espírito líder de quilombo. Inspira coragem em quem luta pela liberdade.,The spirit that led a quilombo. It puts courage in whoever fights to be free.
256,IemanjaPequena,Forma jovem da deusa Iemanjá. Rege marés menores.,The young form of the goddess Iemanjá. She rules the smaller tides.
257,Ossanha,Domina o poder das folhas medicinais. Cura Pokémon envenenados.,"It commands the power of healing leaves, and cures poisoned Pokémon."
258,Oxala,"Espírito criador. Vestido de branco, benze quem se aproxima.","The creator spirit. Dressed in white, it blesses whoever comes near."
259,Saciamigo,Filhote de Saci. Ainda nao domina os redemoinhos.,A young Saci. It has not mastered the whirlwinds yet.
260,Saciperere,"Chapéu vermelho, cachimbo, uma perna. Solto pelo folclore inteiro.","Red cap, pipe, one leg. Loose through the whole of folklore."
261,CurupiraAnciao,Curupira anciao cabeludo. Sabe onde toda árvore ancestral cresce.,A long-haired elder Curupira. It knows where every ancient tree grows.
262,CaiporaFemea,Forma feminina do Caipora. Ainda mais rígida com caçadores gulosos.,"The female form of Caipora, and harder still on greedy hunters."
263,PombaGira,Espírito feminino sedutor. Ri alto nas encruzilhadas.,A seductive female spirit. She laughs loudly at the crossroads.
264,Exu,Guardiao das encruzilhadas. Nada passa sem seu aval.,Guardian of the crossroads. Nothing passes without his leave.
265,PretoVelho,Espírito ancestral. Fuma cachimbo e dá conselhos milenares.,An ancestral spirit. It smokes a pipe and gives thousand-year-old advice.
266,CabocloGuerreiro,Guerreiro indígena espectral. Cocar de penas coloridas.,A spectral indigenous warrior in a headdress of bright feathers.
267,Marinheiro,Espírito de marujo afogado. Conta histórias de tempestades.,The spirit of a drowned sailor. It tells stories of storms.
268,Baiano,Espírito festeiro. Toca berimbau sem parar.,A festive spirit. It plays the berimbau without stopping.
269,Cangaceiro,Espírito de Lampiao. Chapéu de couro tachonado.,"The spirit of Lampiao, in a studded leather hat."
270,Beata,Espírito de Padre Cícero. Benze com terço de mandacaru.,The spirit of Padre Cicero. It blesses with a rosary of cactus beads.
271,MeninoDeus,Espírito de criança inocente. Aparece em folias de reis.,The spirit of an innocent child. It appears in the Kings' revels.
272,ReiMomo,Rei do carnaval. Trono de purpurina.,"King of carnival, on a throne of glitter."
273,BumbaMeuBoi,Espírito do boi de folia. Ressuscita em cada apresentaçao.,The spirit of the festival ox. It rises again at every performance.
274,Reisado,Espírito folia de reis. Sanfona toca sozinha.,A spirit of the Kings' revel. Its accordion plays by itself.
275,Frevinho,Espírito do frevo pernambucano. Dança acrobática sem parar.,The spirit of the Pernambuco frevo. It dances acrobatically without pause.
276,Maracatu,Cortejo real espectral. Coroa dourada e vestes bordadas.,"A spectral royal procession, in a gold crown and embroidered robes."
277,Congada,Espírito guerreiro em cortejo. Bastoes batem em ritmo.,A warrior spirit in procession. Its staves beat in rhythm.
278,Foliao,Espírito que percorre festas. Nunca cansa de dançar.,A spirit that goes from feast to feast. It never tires of dancing.
279,Oncuma,Onça-preta lendária. Deusa das florestas noturnas.,The legendary black jaguar. Goddess of the night forests.
280,Sucuriacu,Sucuri de 10 metros. Engole capivaras inteiras.,A ten-metre anaconda. It swallows capybaras whole.
281,Pirarumba,Pirarucu-rei. 5 metros e escamas de armadura.,"The king pirarucu. Five metres, with scales like armour."
282,DraguaraAlfa,Draguará alfa da matilha lendária. Fogo turquesa esverdeado.,The alpha Draguará of the legendary pack. Its fire burns green-turquoise.
283,TerolibraRainha,Rainha enorme dos Terolibra. Comanda enxames.,The enormous Terolibra queen. She commands the swarms.
284,PetropicoAnciao,Petropico centenário. Bico esculpiu chapadas inteiras.,A hundred-year-old Petropico. Its beak carved whole plateaus.
285,BoitataPuro,Boitatá primordial. Fogo azul que devora bosques inteiros.,The first Boitatá. Blue fire that devours entire woods.
286,IaraMae,Iara mae de todas. Canto ouvido só uma vez por vida.,"Iara, mother of them all. Her song is heard once in a lifetime."
287,CurupiraRei,Curupira rei da floresta. Cabelos de fogo cor de urucum.,The Curupira king of the forest. His hair is fire the colour of urucum.
288,SaciRei,Saci-Pererê ancestral. Chapéu vermelho lendário.,"The ancestral Saci-Pererê, in the legendary red cap."
289,Anhangau,Anhangá supremo. Veados brancos o seguem.,The supreme Anhangá. White deer walk behind it.
290,MuiraKyta,Amor amazônico convertido em árvore.,An Amazonian love turned into a tree.
291,CobraNorato,Homem-serpente. Boiuna vira homem nas festas.,The snake-man. Boiuna takes human shape at the feasts.
292,Mapinguari,"Preguiça-gigante primordial. Boca no peito, cheiro de morte.","The primordial giant sloth. A mouth in its chest, and the smell of death."
293,Ipupiara,Homem-peixe canibal. Terror dos pescadores antigos.,A cannibal fish-man. The terror of the old fishermen.
294,Uirapuru,Ave lendária. Canto silencia toda a mata quando canta.,A legendary bird. The whole forest falls silent when it sings.
295,Muiraquita,Amuleto verde-jade das Icamiabas. Traz sorte em batalhas.,The jade-green amulet of the Icamiabas. It brings luck in battle.
296,Amazona,Guerreira sem seio esquerdo pra atirar arco. Rainha de tribo lendária.,"A warrior without her left breast, the better to draw a bow. Queen of a legendary tribe."
297,CorcovadoAnciao,Corcovado antigo. Costa cheia de árvores primárias.,An ancient Corcovado. Its back is covered in old-growth forest.
298,Cristo,Espírito de maos abertas. Abençoa quem vê o nascer do sol.,A spirit with open hands. It blesses whoever sees the sun rise.
299,Ratao,Vive em esgotos. Come qualquer coisa.,It lives in the sewers and eats anything at all.
300,Pombim,Fura sacos de lixo. Cocô arruína estátuas.,It rips open rubbish bags. Its droppings ruin statues.
301,Pombao,Pomba enorme. Domina praças inteiras.,An enormous pigeon. It rules whole town squares.
302,Baratao,Barata voadora do apocalipse. Voa em direçao a pessoas gritando.,The flying cockroach of the apocalypse. It flies straight at screaming people.
303,Mosquim,Rajadinho listrado. Transmite doenças.,A streaked brown rat. It carries disease.
304,CaoBravo,Contraparte selvagem do Caramelo. Vive em bando defendendo território.,The wild counterpart of Caramelo. It runs in packs and defends its ground.
305,GatoPreto,Diz que dá azar cruzar caminho. Diz.,They say it is bad luck if it crosses your path. They say.
306,Perereca,Aparece em vasos sanitários. Salta na cara de quem senta.,It turns up in toilet bowls and jumps at the face of whoever sits down.
307,Lagartixa,Come mosquitos. Rabo cai e continua se mexendo.,It eats mosquitoes. Its tail drops off and keeps moving.
308,TracaPapel,Come papel antigo. Absorve o conhecimento dos livros.,"It eats old paper, taking in the knowledge of the books."
309,Poeirao,Bola de poeira ambulante. Aumenta em salas fechadas.,A walking ball of dust. It grows in shut rooms.
310,Ferrugem,Come metal de dentro. Pontes desabam sem aviso.,It eats metal from the inside. Bridges fall without warning.
311,Fumacento,Nuvem de fumaça de ônibus. Escurece céus urbanos.,A cloud of bus exhaust. It darkens city skies.
312,Oleoso,Mancha de vazamento. Mata Pokémon marinhos.,An oil slick given shape. It kills sea Pokémon.
313,Lixao,Pilha viva de lixo urbano. Vira Chorume quando chove.,A living heap of city rubbish. Rain turns it into Chorume.
314,Chorume,Líquido preto que sai do lixao. Envenena tudo por onde passa.,The black liquid that seeps from the dump. It poisons all it touches.
315,Bituca,Ainda queima quando jogada. Causa incêndios em pastos.,Still burning when thrown away. It starts fires in the pastures.
316,Latinha,Vive procurando outra Latinha pra brigar. Recompensa quem recicla.,It roams looking for another Latinha to fight. It rewards whoever recycles.
317,Sacolim,Voa com o vento. Enrosca em árvores por décadas.,"It rides the wind, and catches in trees for decades."
318,Garrafao,Vive boiando em rios. Desce até o mar.,It drifts down the rivers all the way to the sea.
319,Netzero,Ave feita de plástico do estômago. Símbolo da poluiçao.,A bird made of the plastic in its own stomach. The emblem of pollution.
320,Pilhoso,Vaza ácido corrosivo. Nao deve ser tocada.,It leaks a corrosive acid. It should not be handled.
321,Cabofio,Fios elétricos emaranhados. Curto-circuito ambulante.,A tangle of live wires. A walking short circuit.
322,Bugao,Bug urbano gigante. Aparece em cozinhas mal cuidadas.,A giant city bug. It shows up in badly kept kitchens.
323,Aluminio,Papel alumínio dobrado voa como pipa.,Folded kitchen foil that flies like a kite.
324,Concretim,Pedaço de calçada quebrada. Tropeça pessoas.,A piece of broken pavement. It trips people.
325,Bueiro,Espírito das águas residuais. Sobe em enchentes.,The spirit of waste water. It rises in the floods.
326,Sinal,Semáforo que muda de cor sem motivo. Causa confusao no trânsito.,"A traffic light that changes for no reason, snarling up the junction."
327,Poste,Poste de luz que anda. Ilumina ruas escuras.,"A lamp post that walks, lighting the dark streets."
328,Grafiteiro,Espírito da arte urbana. Muda de forma conforme o desenho.,The spirit of street art. It changes shape with the drawing.
329,Guaraciana,Consorte de Guaraci. Brilha ao amanhecer.,Consort of Guaraci. It shines at daybreak.
330,Jaciana,Consorte de Jaci. Brilha à meia-noite.,Consort of Jaci. It shines at midnight.
331,Tupanau,Tupan em forma primordial. Um trovao só destrói montes.,Tupan in his first form. A single thunderclap levels hills.
332,Iarau,Iara em forma suprema. Rio inteiro obedece ao canto.,Iara at her greatest. A whole river obeys her song.
333,Kuarahy,Sol dos primeiros dias. Deu vida ao continente.,The sun of the first days. It gave the continent life.
334,Yasy,Lua dos primeiros dias. Rege marés e sonhos.,The moon of the first days. It rules tides and dreams.
335,Rudarauna,Amor primordial. Une casais destinados.,Love in its first form. It binds the couples that were meant to be.
336,Perybe,"Espírito da bacia amazônica inteira. Um só corpo, milhares de afluentes.","The spirit of the whole Amazon basin. One body, a thousand tributaries."
337,Arauanau,Guardiao supremo da regiao. Só aparece quando Arauana está em perigo.,Supreme guardian of the region. It appears only when Arauana is in danger.
338,Verdejante,Espírito da mata atlântica primordial. Brota das cinzas de queimadas.,The spirit of the first Atlantic forest. It sprouts from the ash of burnings.
339,Chuvao,Espírito da chuva de dezembro. Encharca Arauana em três dias.,The spirit of the December rain. It soaks Arauana in three days.
340,Solzao,Espírito da estiagem. Queima os campos por meses.,The spirit of the drought. It burns the fields for months.
341,Ventania,Vento sul que traz frio no inverno. Assobia melodias mortais.,"The south wind that brings the winter cold, whistling deadly tunes."
342,Terraao,"Terra fértil ambulante. Onde pisa, brota lavoura.","Walking fertile earth. Where it steps, a crop comes up."
343,Fogareu,Fogo primordial que aqueceu Arauana no início.,"The first fire, which warmed Arauana at the beginning."
344,Marulho,Espírito do oceano Atlântico. Ondas obedecem seu compasso.,The spirit of the Atlantic. The waves keep his time.
345,Alvorecer,Espírito do amanhecer. Cor rosa dourada preenche o céu.,The spirit of daybreak. A rose and gold that fills the sky.
346,Poente,Espírito do pôr do sol. Cores queimadas em fim de tarde.,"The spirit of sunset, and its burnt colours at the end of the day."
347,Estrelinha,Estrela cadente que fez ninho. Faz desejos se realizarem.,A shooting star that made a nest. It grants wishes.
348,Arauanamon,Encarnaçao de toda a regiao de Arauana. Só existe um.,The whole region of Arauana made flesh. There is only one.
349,Aracua,Grita ao amanhecer alertando o bando. Serve de despertador da mata.,It shouts at dawn to warn the troop. The alarm clock of the forest.
350,Bugio,Uiva ao alvorecer. Marca território a quilômetros.,It howls at first light. It marks its ground for kilometres.
351,Tuim,Menor papagaio do Brasil. Voa em bandos verdes ruidosos.,The smallest parrot in Brazil. It flies in loud green flocks.
352,Periquitao,Papagaio esperdo. Imita vozes humanas para enganar predadores.,A clever parrot. It mimics human voices to fool predators.
353,Ararunao,Arara azul de bico curvo. Casais permanecem juntos por toda a vida.,A blue macaw with a hooked bill. Pairs stay together for life.
354,Preazinho,Roedor tímido de olhos redondos. Vive em tocas nos campos.,A shy round-eyed rodent. It lives in burrows out in the fields.
355,Capivarao,O maior roedor do mundo. Serve de assento pra aves e macacos.,The largest rodent in the world. Birds and monkeys use it as a seat.
356,Tamandui,Filhote monta nas costas da mae até crescer. Lambe formigas o dia inteiro.,The young rides on its mother's back until grown. It licks ants all day.
357,Tamandua,Língua pegajosa de 60cm. Cheira formigueiro a quilômetros.,A sticky tongue sixty centimetres long. It smells an ant nest kilometres off.
358,Tamanduao,Garras dianteiras enormes. Espanta onças de pé em pé.,Enormous front claws. It sees off jaguars standing upright.
359,Preguicinha,Move-se tao devagar que musgo cresce no pelo.,It moves so slowly that moss grows in its fur.
360,Preguicoso,Dorme 20 horas por dia. Sonhos alteram o clima ao redor.,It sleeps twenty hours a day. Its dreams change the weather around it.
361,BeijaFlor,Bate as asas 80 vezes por segundo. Bebe néctar em pleno voo.,Its wings beat eighty times a second. It drinks nectar in mid-air.
362,BeijaLuz,Penas refletem luz solar em espectros iridescentes.,Its feathers throw sunlight back in iridescent bands.
363,BeijaSol,Núcleo do peito guarda uma centelha do próprio sol.,The core in its chest holds a spark of the sun itself.
364,Sarara,Cabelos loiros cacheados. Traz sorte a quem pesca perto.,Curly blonde hair. It brings luck to anyone fishing nearby.
365,Cambota,Ginga sem parar. Chuta enquanto dança.,"It sways without stopping, and kicks while it dances."
366,Berimbau,Cabaça viva que toca sozinha. Impoe o ritmo da roda.,A living gourd that plays itself. It sets the rhythm of the circle.
367,Atabaque,Cada batida faz o chao tremer. Marca o compasso do candomblé.,Every beat shakes the ground. It keeps the time of the candomblé.
368,Pandeirim,Rodopia sozinho tocando samba.,"It spins on its own, playing samba."
369,Sanfoninha,Sopra melodias que fazem quem escuta chorar de saudade.,It blows tunes that make the listener weep with longing.
370,Violeiro,Viola caipira ambulante. Canta modas de causos antigos.,A walking country guitar. It sings the old tales in verse.
371,Zabumba,Tambor grave que puxa o forró. Faz coraçoes baterem em compasso.,A deep drum that pulls the forró along. It sets hearts beating in time.
372,Cordelim,Panfleto de cordel que se lê sozinho em voz alta.,A cordel pamphlet that reads itself aloud.
373,Rendeira,Tece rendas invisíveis que capturam sonhos ruins.,It weaves invisible lace that catches bad dreams.
374,Escamoso,Pele coberta de escamas afiadas. Pescadores respeitam.,Its skin is covered in sharp scales. Fishermen treat it with respect.
375,Piranhita,Nada em cardumes de dezenas. Come vaca inteira em minutos.,It swims in shoals of dozens. They eat a whole cow in minutes.
376,Boitata,Cobra de fogo que castiga quem queima a mata. Olhos brasas.,A snake of fire that punishes whoever burns the forest. Its eyes are coals.
377,Piraruacu,Pirarucu ancestral. Um único golpe de cauda esvazia um lago.,The ancestral pirarucu. One stroke of its tail empties a lake.
378,MataMata,Cágado antigo. Casco esconde uma floresta em miniatura.,An ancient turtle. Its shell hides a forest in miniature.
379,Solaris,Corpo é uma esfera solar viva. Apaga estrelas ao surgir.,Its body is a living sphere of sun. Stars go out when it rises.
380,Selene,Corpo é uma lua crescente prateada. Domina marés e sonhos.,Its body is a silver crescent moon. It rules tides and dreams.
381,ZumbiRei,Rei de Palmares reencarnado. Símbolo da liberdade.,The king of Palmares returned. The emblem of freedom.
382,Iemanja,Rainha do mar. Recebe oferendas em fevereiro.,Queen of the sea. She receives her offerings in February.
383,Oxumara,Serpente arco-íris. Une céu e terra em ponte colorida.,The rainbow serpent. It bridges earth and sky in colour.
384,Curupixel,Filhote de Curupira em forma primordial. Só aparece a crianças puras.,A young Curupira in its first form. It shows itself only to pure children.
385,Sacinho,Saci recém-nascido. Redemoinhos onde passa.,A newborn Saci. Whirlwinds follow wherever it goes.
386,Araua,O primeiro Pokémon de Arauana. Contém a essência de toda a regiao.,The first Pokémon of Arauana. It holds the essence of the whole region.
