id,name,engine_species,cry_id,family_root,family_stage,status,planned_asset
001,Caramelo,SPECIES_TORCHIC,CRY_TORCHIC,001,0,emerald-slot-placeholder,sound/arauna/cries/001.aif
002,Caramelão,SPECIES_COMBUSKEN,CRY_COMBUSKEN,001,1,emerald-slot-placeholder,sound/arauna/cries/002.aif
003,Draguará,SPECIES_BLAZIKEN,CRY_BLAZIKEN,001,2,emerald-slot-placeholder,sound/arauna/cries/003.aif
004,Querô,SPECIES_MUDKIP,CRY_MUDKIP,004,0,emerald-slot-placeholder,sound/arauna/cries/004.aif
005,Queribela,SPECIES_MARSHTOMP,CRY_MARSHTOMP,004,1,emerald-slot-placeholder,sound/arauna/cries/005.aif
006,Terolibra,SPECIES_SWAMPERT,CRY_SWAMPERT,004,2,emerald-slot-placeholder,sound/arauna/cries/006.aif
007,Pimpau,SPECIES_TREECKO,CRY_TREECKO,007,0,emerald-slot-placeholder,sound/arauna/cries/007.aif
008,Bicopau,SPECIES_GROVYLE,CRY_GROVYLE,007,1,emerald-slot-placeholder,sound/arauna/cries/008.aif
009,Petropico,SPECIES_SCEPTILE,CRY_SCEPTILE,007,2,emerald-slot-placeholder,sound/arauna/cries/009.aif
010,Formilim,SPECIES_BULBASAUR,CRY_BULBASAUR,010,0,emerald-slot-placeholder,sound/arauna/cries/010.aif
011,Saúvarco,SPECIES_IVYSAUR,CRY_IVYSAUR,010,1,emerald-slot-placeholder,sound/arauna/cries/011.aif
012,Capivim,SPECIES_VENUSAUR,CRY_VENUSAUR,012,0,emerald-slot-placeholder,sound/arauna/cries/012.aif
013,Tucanhão,SPECIES_CHARMANDER,CRY_CHARMANDER,013,0,emerald-slot-placeholder,sound/arauna/cries/013.aif
014,Sagüim,SPECIES_CHARMELEON,CRY_CHARMELEON,014,0,emerald-slot-placeholder,sound/arauna/cries/014.aif
015,Micuiras,SPECIES_CHARIZARD,CRY_CHARIZARD,014,1,emerald-slot-placeholder,sound/arauna/cries/015.aif
016,Boitatá,SPECIES_SQUIRTLE,CRY_SQUIRTLE,016,0,emerald-slot-placeholder,sound/arauna/cries/016.aif
017,Curupim,SPECIES_WARTORTLE,CRY_WARTORTLE,017,0,emerald-slot-placeholder,sound/arauna/cries/017.aif
018,Curupira,SPECIES_BLASTOISE,CRY_BLASTOISE,017,1,emerald-slot-placeholder,sound/arauna/cries/018.aif
019,Iaraço,SPECIES_CATERPIE,CRY_CATERPIE,019,0,emerald-slot-placeholder,sound/arauna/cries/019.aif
020,Sacizinho,SPECIES_METAPOD,CRY_METAPOD,020,0,emerald-slot-placeholder,sound/arauna/cries/020.aif
021,Cactula,SPECIES_BUTTERFREE,CRY_BUTTERFREE,021,0,emerald-slot-placeholder,sound/arauna/cries/021.aif
022,Muriçoco,SPECIES_WEEDLE,CRY_WEEDLE,022,0,emerald-slot-placeholder,sound/arauna/cries/022.aif
023,Onçaléu,SPECIES_KAKUNA,CRY_KAKUNA,023,0,emerald-slot-placeholder,sound/arauna/cries/023.aif
024,Tamanduá,SPECIES_BEEDRILL,CRY_BEEDRILL,024,0,emerald-slot-placeholder,sound/arauna/cries/024.aif
025,Botim,SPECIES_PIDGEY,CRY_PIDGEY,025,0,emerald-slot-placeholder,sound/arauna/cries/025.aif
026,Botão,SPECIES_PIDGEOTTO,CRY_PIDGEOTTO,025,1,emerald-slot-placeholder,sound/arauna/cries/026.aif
027,Botogaláu,SPECIES_PIDGEOT,CRY_PIDGEOT,025,2,emerald-slot-placeholder,sound/arauna/cries/027.aif
028,Tatuim,SPECIES_RATTATA,CRY_RATTATA,028,0,emerald-slot-placeholder,sound/arauna/cries/028.aif
029,Tatubola,SPECIES_RATICATE,CRY_RATICATE,028,1,emerald-slot-placeholder,sound/arauna/cries/029.aif
030,Tatuçu,SPECIES_SPEAROW,CRY_SPEAROW,028,2,emerald-slot-placeholder,sound/arauna/cries/030.aif
031,Ararinha,SPECIES_FEAROW,CRY_FEAROW,031,0,emerald-slot-placeholder,sound/arauna/cries/031.aif
032,Arará,SPECIES_EKANS,CRY_EKANS,031,1,emerald-slot-placeholder,sound/arauna/cries/032.aif
033,Araracanga,SPECIES_ARBOK,CRY_ARBOK,031,2,emerald-slot-placeholder,sound/arauna/cries/033.aif
034,Jacarim,SPECIES_PIKACHU,CRY_PIKACHU,034,0,emerald-slot-placeholder,sound/arauna/cries/034.aif
035,Jacarão,SPECIES_RAICHU,CRY_RAICHU,034,1,emerald-slot-placeholder,sound/arauna/cries/035.aif
036,Jacarodon,SPECIES_SANDSHREW,CRY_SANDSHREW,034,2,emerald-slot-placeholder,sound/arauna/cries/036.aif
037,Preguicim,SPECIES_SANDSLASH,CRY_SANDSLASH,037,0,emerald-slot-placeholder,sound/arauna/cries/037.aif
038,Preguicão,SPECIES_NIDORAN_F,CRY_NIDORAN_F,037,1,emerald-slot-placeholder,sound/arauna/cries/038.aif
039,Bicho-Preguiça,SPECIES_NIDORINA,CRY_NIDORINA,037,2,emerald-slot-placeholder,sound/arauna/cries/039.aif
040,Papaguim,SPECIES_NIDOQUEEN,CRY_NIDOQUEEN,040,0,emerald-slot-placeholder,sound/arauna/cries/040.aif
041,Papagaio,SPECIES_NIDORAN_M,CRY_NIDORAN_M,040,1,emerald-slot-placeholder,sound/arauna/cries/041.aif
042,Papagaião,SPECIES_NIDORINO,CRY_NIDORINO,040,2,emerald-slot-placeholder,sound/arauna/cries/042.aif
043,Antinha,SPECIES_NIDOKING,CRY_NIDOKING,043,0,emerald-slot-placeholder,sound/arauna/cries/043.aif
044,Anta,SPECIES_CLEFAIRY,CRY_CLEFAIRY,043,1,emerald-slot-placeholder,sound/arauna/cries/044.aif
045,Antaraú,SPECIES_CLEFABLE,CRY_CLEFABLE,045,0,emerald-slot-placeholder,sound/arauna/cries/045.aif
046,Sucurim,SPECIES_VULPIX,CRY_VULPIX,046,0,emerald-slot-placeholder,sound/arauna/cries/046.aif
047,Sucuri,SPECIES_NINETALES,CRY_NINETALES,046,1,emerald-slot-placeholder,sound/arauna/cries/047.aif
048,Boiuna,SPECIES_JIGGLYPUFF,CRY_JIGGLYPUFF,046,2,emerald-slot-placeholder,sound/arauna/cries/048.aif
049,Borbolim,SPECIES_WIGGLYTUFF,CRY_WIGGLYTUFF,049,0,emerald-slot-placeholder,sound/arauna/cries/049.aif
050,Casulete,SPECIES_ZUBAT,CRY_ZUBAT,049,1,emerald-slot-placeholder,sound/arauna/cries/050.aif
051,Morphália,SPECIES_GOLBAT,CRY_GOLBAT,049,2,emerald-slot-placeholder,sound/arauna/cries/051.aif
052,Guaracim,SPECIES_ODDISH,CRY_ODDISH,052,0,emerald-slot-placeholder,sound/arauna/cries/052.aif
053,Guará,SPECIES_GLOOM,CRY_GLOOM,052,1,emerald-slot-placeholder,sound/arauna/cries/053.aif
054,Guaraflama,SPECIES_VILEPLUME,CRY_VILEPLUME,054,0,emerald-slot-placeholder,sound/arauna/cries/054.aif
055,Peixim,SPECIES_PARAS,CRY_PARAS,055,0,emerald-slot-placeholder,sound/arauna/cries/055.aif
056,Peixeboi,SPECIES_PARASECT,CRY_PARASECT,055,1,emerald-slot-placeholder,sound/arauna/cries/056.aif
057,Mãe-d'Água,SPECIES_VENONAT,CRY_VENONAT,057,0,emerald-slot-placeholder,sound/arauna/cries/057.aif
058,Mandim,SPECIES_VENOMOTH,CRY_VENOMOTH,058,0,emerald-slot-placeholder,sound/arauna/cries/058.aif
059,Mandí,SPECIES_DIGLETT,CRY_DIGLETT,058,1,emerald-slot-placeholder,sound/arauna/cries/059.aif
060,Mandubé,SPECIES_DUGTRIO,CRY_DUGTRIO,058,2,emerald-slot-placeholder,sound/arauna/cries/060.aif
061,Preguim,SPECIES_MEOWTH,CRY_MEOWTH,061,0,emerald-slot-placeholder,sound/arauna/cries/061.aif
062,Prego,SPECIES_PERSIAN,CRY_PERSIAN,061,1,emerald-slot-placeholder,sound/arauna/cries/062.aif
063,Pregarcanjo,SPECIES_PSYDUCK,CRY_PSYDUCK,061,2,emerald-slot-placeholder,sound/arauna/cries/063.aif
064,Aranin,SPECIES_GOLDUCK,CRY_GOLDUCK,064,0,emerald-slot-placeholder,sound/arauna/cries/064.aif
065,Caraninha,SPECIES_MANKEY,CRY_MANKEY,064,1,emerald-slot-placeholder,sound/arauna/cries/065.aif
066,Caranga,SPECIES_PRIMEAPE,CRY_PRIMEAPE,064,2,emerald-slot-placeholder,sound/arauna/cries/066.aif
067,Gatim,SPECIES_GROWLITHE,CRY_GROWLITHE,067,0,emerald-slot-placeholder,sound/arauna/cries/067.aif
068,Gato-do-mato,SPECIES_ARCANINE,CRY_ARCANINE,067,1,emerald-slot-placeholder,sound/arauna/cries/068.aif
069,Jaguatirica,SPECIES_POLIWAG,CRY_POLIWAG,069,0,emerald-slot-placeholder,sound/arauna/cries/069.aif
070,Cutim,SPECIES_POLIWHIRL,CRY_POLIWHIRL,070,0,emerald-slot-placeholder,sound/arauna/cries/070.aif
071,Cutia,SPECIES_POLIWRATH,CRY_POLIWRATH,070,1,emerald-slot-placeholder,sound/arauna/cries/071.aif
072,Paca,SPECIES_ABRA,CRY_ABRA,072,0,emerald-slot-placeholder,sound/arauna/cries/072.aif
073,Formigão,SPECIES_KADABRA,CRY_KADABRA,073,0,emerald-slot-placeholder,sound/arauna/cries/073.aif
074,Marimbondo,SPECIES_ALAKAZAM,CRY_ALAKAZAM,074,0,emerald-slot-placeholder,sound/arauna/cries/074.aif
075,Abelhinha,SPECIES_MACHOP,CRY_MACHOP,075,0,emerald-slot-placeholder,sound/arauna/cries/075.aif
076,Quatim,SPECIES_MACHOKE,CRY_MACHOKE,076,0,emerald-slot-placeholder,sound/arauna/cries/076.aif
077,Quati,SPECIES_MACHAMP,CRY_MACHAMP,076,1,emerald-slot-placeholder,sound/arauna/cries/077.aif
078,Coati,SPECIES_BELLSPROUT,CRY_BELLSPROUT,078,0,emerald-slot-placeholder,sound/arauna/cries/078.aif
079,Gambá,SPECIES_WEEPINBELL,CRY_WEEPINBELL,079,0,emerald-slot-placeholder,sound/arauna/cries/079.aif
080,Cangambá,SPECIES_VICTREEBEL,CRY_VICTREEBEL,079,1,emerald-slot-placeholder,sound/arauna/cries/080.aif
081,Sarué,SPECIES_TENTACOOL,CRY_TENTACOOL,081,0,emerald-slot-placeholder,sound/arauna/cries/081.aif
082,Tuquinho,SPECIES_TENTACRUEL,CRY_TENTACRUEL,082,0,emerald-slot-placeholder,sound/arauna/cries/082.aif
083,Aracari,SPECIES_GEODUDE,CRY_GEODUDE,082,1,emerald-slot-placeholder,sound/arauna/cries/083.aif
084,Curicaca,SPECIES_GRAVELER,CRY_GRAVELER,084,0,emerald-slot-placeholder,sound/arauna/cries/084.aif
085,Sapim,SPECIES_GOLEM,CRY_GOLEM,085,0,emerald-slot-placeholder,sound/arauna/cries/085.aif
086,Sapão,SPECIES_PONYTA,CRY_PONYTA,085,1,emerald-slot-placeholder,sound/arauna/cries/086.aif
087,Cururu,SPECIES_RAPIDASH,CRY_RAPIDASH,085,2,emerald-slot-placeholder,sound/arauna/cries/087.aif
088,Teiuzim,SPECIES_SLOWPOKE,CRY_SLOWPOKE,088,0,emerald-slot-placeholder,sound/arauna/cries/088.aif
089,Teiú,SPECIES_SLOWBRO,CRY_SLOWBRO,088,1,emerald-slot-placeholder,sound/arauna/cries/089.aif
090,Camaleão,SPECIES_MAGNEMITE,CRY_MAGNEMITE,090,0,emerald-slot-placeholder,sound/arauna/cries/090.aif
091,Morcim,SPECIES_MAGNETON,CRY_MAGNETON,091,0,emerald-slot-placeholder,sound/arauna/cries/091.aif
092,Morcego,SPECIES_FARFETCHD,CRY_FARFETCHD,091,1,emerald-slot-placeholder,sound/arauna/cries/092.aif
093,Vampiro,SPECIES_DODUO,CRY_DODUO,091,2,emerald-slot-placeholder,sound/arauna/cries/093.aif
094,Piuiuim,SPECIES_DODRIO,CRY_DODRIO,094,0,emerald-slot-placeholder,sound/arauna/cries/094.aif
095,Tuiuiú,SPECIES_SEEL,CRY_SEEL,094,1,emerald-slot-placeholder,sound/arauna/cries/095.aif
096,Colhereiro,SPECIES_DEWGONG,CRY_DEWGONG,096,0,emerald-slot-placeholder,sound/arauna/cries/096.aif
097,Mulinha,SPECIES_GRIMER,CRY_GRIMER,097,0,emerald-slot-placeholder,sound/arauna/cries/097.aif
098,Mula,SPECIES_MUK,CRY_MUK,097,1,emerald-slot-placeholder,sound/arauna/cries/098.aif
099,Mula-sem-Cabeça,SPECIES_SHELLDER,CRY_SHELLDER,097,2,emerald-slot-placeholder,sound/arauna/cries/099.aif
100,Corcovado,SPECIES_CLOYSTER,CRY_CLOYSTER,100,0,emerald-slot-placeholder,sound/arauna/cries/100.aif
101,Cerválo,SPECIES_GASTLY,CRY_GASTLY,101,0,emerald-slot-placeholder,sound/arauna/cries/101.aif
102,Catingueiro,SPECIES_HAUNTER,CRY_HAUNTER,101,1,emerald-slot-placeholder,sound/arauna/cries/102.aif
103,Suçuapara,SPECIES_GENGAR,CRY_GENGAR,103,0,emerald-slot-placeholder,sound/arauna/cries/103.aif
104,Cabocim,SPECIES_ONIX,CRY_ONIX,104,0,emerald-slot-placeholder,sound/arauna/cries/104.aif
105,Caboclo,SPECIES_DROWZEE,CRY_DROWZEE,104,1,emerald-slot-placeholder,sound/arauna/cries/105.aif
106,Cangaço,SPECIES_HYPNO,CRY_HYPNO,106,0,emerald-slot-placeholder,sound/arauna/cries/106.aif
107,Xangô,SPECIES_KRABBY,CRY_KRABBY,107,0,emerald-slot-placeholder,sound/arauna/cries/107.aif
108,Iemanjá,SPECIES_KINGLER,CRY_KINGLER,108,0,emerald-slot-placeholder,sound/arauna/cries/108.aif
109,Oxum,SPECIES_VOLTORB,CRY_VOLTORB,109,0,emerald-slot-placeholder,sound/arauna/cries/109.aif
110,Ogum,SPECIES_ELECTRODE,CRY_ELECTRODE,110,0,emerald-slot-placeholder,sound/arauna/cries/110.aif
111,Cavalim,SPECIES_EXEGGCUTE,CRY_EXEGGCUTE,111,0,emerald-slot-placeholder,sound/arauna/cries/111.aif
112,Cavalgado,SPECIES_EXEGGUTOR,CRY_EXEGGUTOR,111,1,emerald-slot-placeholder,sound/arauna/cries/112.aif
113,Zebuim,SPECIES_CUBONE,CRY_CUBONE,113,0,emerald-slot-placeholder,sound/arauna/cries/113.aif
114,Zebu,SPECIES_MAROWAK,CRY_MAROWAK,113,1,emerald-slot-placeholder,sound/arauna/cries/114.aif
115,Ovelhinha,SPECIES_HITMONLEE,CRY_HITMONLEE,115,0,emerald-slot-placeholder,sound/arauna/cries/115.aif
116,Cabrita,SPECIES_HITMONCHAN,CRY_HITMONCHAN,116,0,emerald-slot-placeholder,sound/arauna/cries/116.aif
117,Chocalhão,SPECIES_LICKITUNG,CRY_LICKITUNG,117,0,emerald-slot-placeholder,sound/arauna/cries/117.aif
118,Cascavelim,SPECIES_KOFFING,CRY_KOFFING,117,1,emerald-slot-placeholder,sound/arauna/cries/118.aif
119,Cascavão,SPECIES_WEEZING,CRY_WEEZING,117,2,emerald-slot-placeholder,sound/arauna/cries/119.aif
120,Jararaca,SPECIES_RHYHORN,CRY_RHYHORN,120,0,emerald-slot-placeholder,sound/arauna/cries/120.aif
121,Pirarim,SPECIES_RHYDON,CRY_RHYDON,121,0,emerald-slot-placeholder,sound/arauna/cries/121.aif
122,Pirarucu,SPECIES_CHANSEY,CRY_CHANSEY,121,1,emerald-slot-placeholder,sound/arauna/cries/122.aif
123,Piranha,SPECIES_TANGELA,CRY_TANGELA,123,0,emerald-slot-placeholder,sound/arauna/cries/123.aif
124,Tambaqui,SPECIES_KANGASKHAN,CRY_KANGASKHAN,124,0,emerald-slot-placeholder,sound/arauna/cries/124.aif
125,Aruanã,SPECIES_HORSEA,CRY_HORSEA,125,0,emerald-slot-placeholder,sound/arauna/cries/125.aif
126,Poraquê,SPECIES_SEADRA,CRY_SEADRA,126,0,emerald-slot-placeholder,sound/arauna/cries/126.aif
127,Curimbatá,SPECIES_GOLDEEN,CRY_GOLDEEN,127,0,emerald-slot-placeholder,sound/arauna/cries/127.aif
128,Traíra,SPECIES_SEAKING,CRY_SEAKING,128,0,emerald-slot-placeholder,sound/arauna/cries/128.aif
129,Dourado,SPECIES_STARYU,CRY_STARYU,129,0,emerald-slot-placeholder,sound/arauna/cries/129.aif
130,Tucunaré,SPECIES_STARMIE,CRY_STARMIE,130,0,emerald-slot-placeholder,sound/arauna/cries/130.aif
131,Pacu,SPECIES_MR_MIME,CRY_MR_MIME,131,0,emerald-slot-placeholder,sound/arauna/cries/131.aif
132,Matrinxã,SPECIES_SCYTHER,CRY_SCYTHER,132,0,emerald-slot-placeholder,sound/arauna/cries/132.aif
133,Piau,SPECIES_JYNX,CRY_JYNX,133,0,emerald-slot-placeholder,sound/arauna/cries/133.aif
134,Cascudo,SPECIES_ELECTABUZZ,CRY_ELECTABUZZ,134,0,emerald-slot-placeholder,sound/arauna/cries/134.aif
135,Acará,SPECIES_MAGMAR,CRY_MAGMAR,135,0,emerald-slot-placeholder,sound/arauna/cries/135.aif
136,Vagalumim,SPECIES_PINSIR,CRY_PINSIR,136,0,emerald-slot-placeholder,sound/arauna/cries/136.aif
137,Vagalume,SPECIES_TAUROS,CRY_TAUROS,136,1,emerald-slot-placeholder,sound/arauna/cries/137.aif
138,Cigarrinho,SPECIES_MAGIKARP,CRY_MAGIKARP,138,0,emerald-slot-placeholder,sound/arauna/cries/138.aif
139,Cigarrão,SPECIES_GYARADOS,CRY_GYARADOS,138,1,emerald-slot-placeholder,sound/arauna/cries/139.aif
140,Louvadinha,SPECIES_LAPRAS,CRY_LAPRAS,140,0,emerald-slot-placeholder,sound/arauna/cries/140.aif
141,Louvadeus,SPECIES_DITTO,CRY_DITTO,140,1,emerald-slot-placeholder,sound/arauna/cries/141.aif
142,Escorpim,SPECIES_EEVEE,CRY_EEVEE,142,0,emerald-slot-placeholder,sound/arauna/cries/142.aif
143,Escorpião,SPECIES_VAPOREON,CRY_VAPOREON,142,1,emerald-slot-placeholder,sound/arauna/cries/143.aif
144,Caramulão,SPECIES_JOLTEON,CRY_JOLTEON,144,0,emerald-slot-placeholder,sound/arauna/cries/144.aif
145,Piolhão,SPECIES_FLAREON,CRY_FLAREON,145,0,emerald-slot-placeholder,sound/arauna/cries/145.aif
146,Barata,SPECIES_PORYGON,CRY_PORYGON,146,0,emerald-slot-placeholder,sound/arauna/cries/146.aif
147,Grilim,SPECIES_OMANYTE,CRY_OMANYTE,147,0,emerald-slot-placeholder,sound/arauna/cries/147.aif
148,Grilão,SPECIES_OMASTAR,CRY_OMASTAR,147,1,emerald-slot-placeholder,sound/arauna/cries/148.aif
149,Aranhão,SPECIES_KABUTO,CRY_KABUTO,149,0,emerald-slot-placeholder,sound/arauna/cries/149.aif
150,Vespão,SPECIES_KABUTOPS,CRY_KABUTOPS,150,0,emerald-slot-placeholder,sound/arauna/cries/150.aif
151,Marimbondão,SPECIES_AERODACTYL,CRY_AERODACTYL,151,0,emerald-slot-placeholder,sound/arauna/cries/151.aif
152,Traça,SPECIES_SNORLAX,CRY_SNORLAX,152,0,emerald-slot-placeholder,sound/arauna/cries/152.aif
153,Corupião,SPECIES_ARTICUNO,CRY_ARTICUNO,153,0,emerald-slot-placeholder,sound/arauna/cries/153.aif
154,Cupinzim,SPECIES_ZAPDOS,CRY_ZAPDOS,154,0,emerald-slot-placeholder,sound/arauna/cries/154.aif
155,Formigão-Preto,SPECIES_MOLTRES,CRY_MOLTRES,155,0,emerald-slot-placeholder,sound/arauna/cries/155.aif
156,Beija-flor,SPECIES_DRATINI,CRY_DRATINI,156,0,emerald-slot-placeholder,sound/arauna/cries/156.aif
157,Sabiá,SPECIES_DRAGONAIR,CRY_DRAGONAIR,157,0,emerald-slot-placeholder,sound/arauna/cries/157.aif
158,Bem-te-vi,SPECIES_DRAGONITE,CRY_DRAGONITE,158,0,emerald-slot-placeholder,sound/arauna/cries/158.aif
159,Urutau,SPECIES_MEWTWO,CRY_MEWTWO,159,0,emerald-slot-placeholder,sound/arauna/cries/159.aif
160,Carcará,SPECIES_MEW,CRY_MEW,160,0,emerald-slot-placeholder,sound/arauna/cries/160.aif
161,Gavião,SPECIES_CHIKORITA,CRY_CHIKORITA,161,0,emerald-slot-placeholder,sound/arauna/cries/161.aif
162,Urubu,SPECIES_BAYLEEF,CRY_BAYLEEF,162,0,emerald-slot-placeholder,sound/arauna/cries/162.aif
163,Corurupim,SPECIES_MEGANIUM,CRY_MEGANIUM,163,1,emerald-slot-placeholder,sound/arauna/cries/163.aif
164,Coruja,SPECIES_CYNDAQUIL,CRY_CYNDAQUIL,164,0,emerald-slot-placeholder,sound/arauna/cries/164.aif
165,Jaburu,SPECIES_QUILAVA,CRY_QUILAVA,165,0,emerald-slot-placeholder,sound/arauna/cries/165.aif
166,Ema,SPECIES_TYPHLOSION,CRY_TYPHLOSION,166,0,emerald-slot-placeholder,sound/arauna/cries/166.aif
167,Seriema,SPECIES_TOTODILE,CRY_TOTODILE,167,0,emerald-slot-placeholder,sound/arauna/cries/167.aif
168,Anú,SPECIES_CROCONAW,CRY_CROCONAW,168,0,emerald-slot-placeholder,sound/arauna/cries/168.aif
169,Trinca-Ferro,SPECIES_FERALIGATR,CRY_FERALIGATR,169,0,emerald-slot-placeholder,sound/arauna/cries/169.aif
170,Curió,SPECIES_SENTRET,CRY_SENTRET,170,0,emerald-slot-placeholder,sound/arauna/cries/170.aif
171,Sanhaço,SPECIES_FURRET,CRY_FURRET,171,0,emerald-slot-placeholder,sound/arauna/cries/171.aif
172,Papa-Formiga,SPECIES_HOOTHOOT,CRY_HOOTHOOT,172,0,emerald-slot-placeholder,sound/arauna/cries/172.aif
173,Choca,SPECIES_NOCTOWL,CRY_NOCTOWL,173,0,emerald-slot-placeholder,sound/arauna/cries/173.aif
174,Bacurau,SPECIES_LEDYBA,CRY_LEDYBA,174,0,emerald-slot-placeholder,sound/arauna/cries/174.aif
175,João-de-Barro,SPECIES_LEDIAN,CRY_LEDIAN,175,0,emerald-slot-placeholder,sound/arauna/cries/175.aif
176,Sementim,SPECIES_SPINARAK,CRY_SPINARAK,176,0,emerald-slot-placeholder,sound/arauna/cries/176.aif
177,Muda,SPECIES_ARIADOS,CRY_ARIADOS,176,1,emerald-slot-placeholder,sound/arauna/cries/177.aif
178,Jequitibá,SPECIES_CROBAT,CRY_CROBAT,176,2,emerald-slot-placeholder,sound/arauna/cries/178.aif
179,Bromelinha,SPECIES_CHINCHOU,CRY_CHINCHOU,179,0,emerald-slot-placeholder,sound/arauna/cries/179.aif
180,Orquidina,SPECIES_LANTURN,CRY_LANTURN,180,0,emerald-slot-placeholder,sound/arauna/cries/180.aif
181,Vitóriarégia,SPECIES_PICHU,CRY_PICHU,181,0,emerald-slot-placeholder,sound/arauna/cries/181.aif
182,Ipê,SPECIES_CLEFFA,CRY_CLEFFA,182,0,emerald-slot-placeholder,sound/arauna/cries/182.aif
183,Cipó,SPECIES_IGGLYBUFF,CRY_IGGLYBUFF,183,0,emerald-slot-placeholder,sound/arauna/cries/183.aif
184,Palmito,SPECIES_TOGEPI,CRY_TOGEPI,184,0,emerald-slot-placeholder,sound/arauna/cries/184.aif
185,Babaçu,SPECIES_TOGETIC,CRY_TOGETIC,185,0,emerald-slot-placeholder,sound/arauna/cries/185.aif
186,Buriti,SPECIES_NATU,CRY_NATU,186,0,emerald-slot-placeholder,sound/arauna/cries/186.aif
187,Cajuzim,SPECIES_XATU,CRY_XATU,187,0,emerald-slot-placeholder,sound/arauna/cries/187.aif
188,Cajueiro,SPECIES_MAREEP,CRY_MAREEP,187,1,emerald-slot-placeholder,sound/arauna/cries/188.aif
189,Açaí,SPECIES_FLAAFFY,CRY_FLAAFFY,189,0,emerald-slot-placeholder,sound/arauna/cries/189.aif
190,Cacauim,SPECIES_AMPHAROS,CRY_AMPHAROS,190,0,emerald-slot-placeholder,sound/arauna/cries/190.aif
191,Cacaueiro,SPECIES_BELLOSSOM,CRY_BELLOSSOM,190,1,emerald-slot-placeholder,sound/arauna/cries/191.aif
192,Guaraná,SPECIES_MARILL,CRY_MARILL,192,0,emerald-slot-placeholder,sound/arauna/cries/192.aif
193,Mate,SPECIES_AZUMARILL,CRY_AZUMARILL,193,0,emerald-slot-placeholder,sound/arauna/cries/193.aif
194,Milho,SPECIES_SUDOWOODO,CRY_SUDOWOODO,194,0,emerald-slot-placeholder,sound/arauna/cries/194.aif
195,Mandioca,SPECIES_POLITOED,CRY_POLITOED,195,0,emerald-slot-placeholder,sound/arauna/cries/195.aif
196,Pedrinha,SPECIES_HOPPIP,CRY_HOPPIP,196,0,emerald-slot-placeholder,sound/arauna/cries/196.aif
197,Rochão,SPECIES_SKIPLOOM,CRY_SKIPLOOM,196,1,emerald-slot-placeholder,sound/arauna/cries/197.aif
198,Cristalim,SPECIES_JUMPLUFF,CRY_JUMPLUFF,198,0,emerald-slot-placeholder,sound/arauna/cries/198.aif
199,Ametista,SPECIES_AIPOM,CRY_AIPOM,198,1,emerald-slot-placeholder,sound/arauna/cries/199.aif
200,Ouríço,SPECIES_SUNKERN,CRY_SUNKERN,200,0,emerald-slot-placeholder,sound/arauna/cries/200.aif
201,Ferrolho,SPECIES_SUNFLORA,CRY_SUNFLORA,201,0,emerald-slot-placeholder,sound/arauna/cries/201.aif
202,Diamantina,SPECIES_YANMA,CRY_YANMA,202,0,emerald-slot-placeholder,sound/arauna/cries/202.aif
203,Bauxito,SPECIES_WOOPER,CRY_WOOPER,203,0,emerald-slot-placeholder,sound/arauna/cries/203.aif
204,Manganim,SPECIES_QUAGSIRE,CRY_QUAGSIRE,204,0,emerald-slot-placeholder,sound/arauna/cries/204.aif
205,Salitre,SPECIES_ESPEON,CRY_ESPEON,205,0,emerald-slot-placeholder,sound/arauna/cries/205.aif
206,Enxofrino,SPECIES_UMBREON,CRY_UMBREON,206,0,emerald-slot-placeholder,sound/arauna/cries/206.aif
207,Argilim,SPECIES_MURKROW,CRY_MURKROW,207,0,emerald-slot-placeholder,sound/arauna/cries/207.aif
208,Boneco,SPECIES_SLOWKING,CRY_SLOWKING,207,1,emerald-slot-placeholder,sound/arauna/cries/208.aif
209,Estalactite,SPECIES_MISDREAVUS,CRY_MISDREAVUS,209,0,emerald-slot-placeholder,sound/arauna/cries/209.aif
210,Estalagmite,SPECIES_UNOWN,CRY_UNOWN,210,0,emerald-slot-placeholder,sound/arauna/cries/210.aif
211,Fóssil,SPECIES_WOBBUFFET,CRY_WOBBUFFET,211,0,emerald-slot-placeholder,sound/arauna/cries/211.aif
212,Meteorito,SPECIES_GIRAFARIG,CRY_GIRAFARIG,212,0,emerald-slot-placeholder,sound/arauna/cries/212.aif
213,Vulcanite,SPECIES_PINECO,CRY_PINECO,213,0,emerald-slot-placeholder,sound/arauna/cries/213.aif
214,Marmim,SPECIES_FORRETRESS,CRY_FORRETRESS,214,0,emerald-slot-placeholder,sound/arauna/cries/214.aif
215,Granito,SPECIES_DUNSPARCE,CRY_DUNSPARCE,215,0,emerald-slot-placeholder,sound/arauna/cries/215.aif
216,Caranguim,SPECIES_GLIGAR,CRY_GLIGAR,216,0,emerald-slot-placeholder,sound/arauna/cries/216.aif
217,Guaiamum,SPECIES_STEELIX,CRY_STEELIX,216,1,emerald-slot-placeholder,sound/arauna/cries/217.aif
218,Siri,SPECIES_SNUBBULL,CRY_SNUBBULL,218,0,emerald-slot-placeholder,sound/arauna/cries/218.aif
219,Camarão,SPECIES_GRANBULL,CRY_GRANBULL,219,0,emerald-slot-placeholder,sound/arauna/cries/219.aif
220,Polvim,SPECIES_QWILFISH,CRY_QWILFISH,220,0,emerald-slot-placeholder,sound/arauna/cries/220.aif
221,Polvão,SPECIES_SCIZOR,CRY_SCIZOR,221,0,emerald-slot-placeholder,sound/arauna/cries/221.aif
222,Águaviva,SPECIES_SHUCKLE,CRY_SHUCKLE,220,1,emerald-slot-placeholder,sound/arauna/cries/222.aif
223,Cavalim-Marinho,SPECIES_HERACROSS,CRY_HERACROSS,223,0,emerald-slot-placeholder,sound/arauna/cries/223.aif
224,Tartaruguim,SPECIES_SNEASEL,CRY_SNEASEL,224,0,emerald-slot-placeholder,sound/arauna/cries/224.aif
225,Tartaruga,SPECIES_TEDDIURSA,CRY_TEDDIURSA,225,0,emerald-slot-placeholder,sound/arauna/cries/225.aif
226,Golfinho,SPECIES_URSARING,CRY_URSARING,224,1,emerald-slot-placeholder,sound/arauna/cries/226.aif
227,Baleia,SPECIES_SLUGMA,CRY_SLUGMA,227,0,emerald-slot-placeholder,sound/arauna/cries/227.aif
228,Tubarim,SPECIES_MAGCARGO,CRY_MAGCARGO,228,0,emerald-slot-placeholder,sound/arauna/cries/228.aif
229,Tubarão,SPECIES_SWINUB,CRY_SWINUB,229,0,emerald-slot-placeholder,sound/arauna/cries/229.aif
230,Arraia,SPECIES_PILOSWINE,CRY_PILOSWINE,228,1,emerald-slot-placeholder,sound/arauna/cries/230.aif
231,Peixe-Espada,SPECIES_CORSOLA,CRY_CORSOLA,231,0,emerald-slot-placeholder,sound/arauna/cries/231.aif
232,Pargo,SPECIES_REMORAID,CRY_REMORAID,232,0,emerald-slot-placeholder,sound/arauna/cries/232.aif
233,Pescadão,SPECIES_OCTILLERY,CRY_OCTILLERY,233,0,emerald-slot-placeholder,sound/arauna/cries/233.aif
234,Loirinha,SPECIES_DELIBIRD,CRY_DELIBIRD,234,0,emerald-slot-placeholder,sound/arauna/cries/234.aif
235,Cuca,SPECIES_MANTINE,CRY_MANTINE,235,0,emerald-slot-placeholder,sound/arauna/cries/235.aif
236,Bicho-Papão,SPECIES_SKARMORY,CRY_SKARMORY,236,0,emerald-slot-placeholder,sound/arauna/cries/236.aif
237,Lobisomem,SPECIES_HOUNDOUR,CRY_HOUNDOUR,237,0,emerald-slot-placeholder,sound/arauna/cries/237.aif
238,Corpo-Seco,SPECIES_HOUNDOOM,CRY_HOUNDOOM,238,0,emerald-slot-placeholder,sound/arauna/cries/238.aif
239,Mão-Peluda,SPECIES_KINGDRA,CRY_KINGDRA,239,0,emerald-slot-placeholder,sound/arauna/cries/239.aif
240,Perna-Cabeluda,SPECIES_PHANPY,CRY_PHANPY,240,0,emerald-slot-placeholder,sound/arauna/cries/240.aif
241,Comadre,SPECIES_DONPHAN,CRY_DONPHAN,241,0,emerald-slot-placeholder,sound/arauna/cries/241.aif
242,Anhangá,SPECIES_PORYGON2,CRY_PORYGON2,242,0,emerald-slot-placeholder,sound/arauna/cries/242.aif
243,Jurupari,SPECIES_STANTLER,CRY_STANTLER,243,0,emerald-slot-placeholder,sound/arauna/cries/243.aif
244,Tupã,SPECIES_SMEARGLE,CRY_SMEARGLE,244,0,emerald-slot-placeholder,sound/arauna/cries/244.aif
245,Jaci,SPECIES_TYROGUE,CRY_TYROGUE,245,0,emerald-slot-placeholder,sound/arauna/cries/245.aif
246,Guaraci,SPECIES_HITMONTOP,CRY_HITMONTOP,246,0,emerald-slot-placeholder,sound/arauna/cries/246.aif
247,Rudá,SPECIES_SMOOCHUM,CRY_SMOOCHUM,247,0,emerald-slot-placeholder,sound/arauna/cries/247.aif
248,Aluá,SPECIES_ELEKID,CRY_ELEKID,248,0,emerald-slot-placeholder,sound/arauna/cries/248.aif
249,Jenipapo,SPECIES_MAGBY,CRY_MAGBY,249,0,emerald-slot-placeholder,sound/arauna/cries/249.aif
250,Urucum,SPECIES_MILTANK,CRY_MILTANK,250,0,emerald-slot-placeholder,sound/arauna/cries/250.aif
251,Caipora,SPECIES_BLISSEY,CRY_BLISSEY,251,0,emerald-slot-placeholder,sound/arauna/cries/251.aif
252,Anhangá-Pitã,SPECIES_RAIKOU,CRY_RAIKOU,252,0,emerald-slot-placeholder,sound/arauna/cries/252.aif
253,Yara-Pindá,SPECIES_ENTEI,CRY_ENTEI,253,0,emerald-slot-placeholder,sound/arauna/cries/253.aif
254,Pisadeira,SPECIES_SUICUNE,CRY_SUICUNE,254,0,emerald-slot-placeholder,sound/arauna/cries/254.aif
255,Zumbi,SPECIES_LARVITAR,CRY_LARVITAR,255,0,emerald-slot-placeholder,sound/arauna/cries/255.aif
256,Iemanjá-Pequena,SPECIES_PUPITAR,CRY_PUPITAR,256,0,emerald-slot-placeholder,sound/arauna/cries/256.aif
257,Ossanha,SPECIES_TYRANITAR,CRY_TYRANITAR,257,0,emerald-slot-placeholder,sound/arauna/cries/257.aif
258,Oxalá,SPECIES_LUGIA,CRY_LUGIA,258,0,emerald-slot-placeholder,sound/arauna/cries/258.aif
259,Saciamigo,SPECIES_HO_OH,CRY_HO_OH,259,0,emerald-slot-placeholder,sound/arauna/cries/259.aif
260,Sacipererê,SPECIES_CELEBI,CRY_CELEBI,260,0,emerald-slot-placeholder,sound/arauna/cries/260.aif
261,Curupira-Ancião,SPECIES_POOCHYENA,CRY_POOCHYENA,261,0,emerald-slot-placeholder,sound/arauna/cries/261.aif
262,Caipora-Fêmea,SPECIES_MIGHTYENA,CRY_MIGHTYENA,262,0,emerald-slot-placeholder,sound/arauna/cries/262.aif
263,Pomba-Gira,SPECIES_ZIGZAGOON,CRY_ZIGZAGOON,263,0,emerald-slot-placeholder,sound/arauna/cries/263.aif
264,Exu,SPECIES_LINOONE,CRY_LINOONE,264,0,emerald-slot-placeholder,sound/arauna/cries/264.aif
265,Preto-Velho,SPECIES_WURMPLE,CRY_WURMPLE,265,0,emerald-slot-placeholder,sound/arauna/cries/265.aif
266,Caboclo-Guerreiro,SPECIES_SILCOON,CRY_SILCOON,266,0,emerald-slot-placeholder,sound/arauna/cries/266.aif
267,Marinheiro,SPECIES_BEAUTIFLY,CRY_BEAUTIFLY,267,0,emerald-slot-placeholder,sound/arauna/cries/267.aif
268,Baiano,SPECIES_CASCOON,CRY_CASCOON,268,0,emerald-slot-placeholder,sound/arauna/cries/268.aif
269,Cangaceiro,SPECIES_DUSTOX,CRY_DUSTOX,269,0,emerald-slot-placeholder,sound/arauna/cries/269.aif
270,Beata,SPECIES_LOTAD,CRY_LOTAD,270,0,emerald-slot-placeholder,sound/arauna/cries/270.aif
271,Menino-Deus,SPECIES_LOMBRE,CRY_LOMBRE,271,0,emerald-slot-placeholder,sound/arauna/cries/271.aif
272,Rei-Momo,SPECIES_LUDICOLO,CRY_LUDICOLO,272,0,emerald-slot-placeholder,sound/arauna/cries/272.aif
273,Bumba-Meu-Boi,SPECIES_SEEDOT,CRY_SEEDOT,273,0,emerald-slot-placeholder,sound/arauna/cries/273.aif
274,Reisado,SPECIES_NUZLEAF,CRY_NUZLEAF,274,0,emerald-slot-placeholder,sound/arauna/cries/274.aif
275,Frevinho,SPECIES_SHIFTRY,CRY_SHIFTRY,275,0,emerald-slot-placeholder,sound/arauna/cries/275.aif
276,Maracatu,SPECIES_TAILLOW,CRY_TAILLOW,276,0,emerald-slot-placeholder,sound/arauna/cries/276.aif
277,Congada,SPECIES_SWELLOW,CRY_SWELLOW,277,0,emerald-slot-placeholder,sound/arauna/cries/277.aif
278,Folião,SPECIES_WINGULL,CRY_WINGULL,278,0,emerald-slot-placeholder,sound/arauna/cries/278.aif
279,Onçuma,SPECIES_PELIPPER,CRY_PELIPPER,279,0,emerald-slot-placeholder,sound/arauna/cries/279.aif
280,Sucuriaçu,SPECIES_RALTS,CRY_RALTS,280,0,emerald-slot-placeholder,sound/arauna/cries/280.aif
281,Pirarumbá,SPECIES_KIRLIA,CRY_KIRLIA,281,0,emerald-slot-placeholder,sound/arauna/cries/281.aif
282,Draguará-Alfa,SPECIES_GARDEVOIR,CRY_GARDEVOIR,282,0,emerald-slot-placeholder,sound/arauna/cries/282.aif
283,Terolibra-Rainha,SPECIES_SURSKIT,CRY_SURSKIT,283,0,emerald-slot-placeholder,sound/arauna/cries/283.aif
284,Petropico-Ancião,SPECIES_MASQUERAIN,CRY_MASQUERAIN,284,0,emerald-slot-placeholder,sound/arauna/cries/284.aif
285,Boitatá-Puro,SPECIES_SHROOMISH,CRY_SHROOMISH,285,0,emerald-slot-placeholder,sound/arauna/cries/285.aif
286,Iara-Mãe,SPECIES_BRELOOM,CRY_BRELOOM,286,0,emerald-slot-placeholder,sound/arauna/cries/286.aif
287,Curupira-Rei,SPECIES_SLAKOTH,CRY_SLAKOTH,287,0,emerald-slot-placeholder,sound/arauna/cries/287.aif
288,Saci-Rei,SPECIES_VIGOROTH,CRY_VIGOROTH,288,0,emerald-slot-placeholder,sound/arauna/cries/288.aif
289,Anhangaú,SPECIES_SLAKING,CRY_SLAKING,289,0,emerald-slot-placeholder,sound/arauna/cries/289.aif
290,Muirá-Kytã,SPECIES_NINCADA,CRY_NINCADA,290,0,emerald-slot-placeholder,sound/arauna/cries/290.aif
291,Cobra-Norato,SPECIES_NINJASK,CRY_NINJASK,291,0,emerald-slot-placeholder,sound/arauna/cries/291.aif
292,Mapinguari,SPECIES_SHEDINJA,CRY_SHEDINJA,292,0,emerald-slot-placeholder,sound/arauna/cries/292.aif
293,Ipupiara,SPECIES_WHISMUR,CRY_WHISMUR,293,0,emerald-slot-placeholder,sound/arauna/cries/293.aif
294,Uirapuru,SPECIES_LOUDRED,CRY_LOUDRED,294,0,emerald-slot-placeholder,sound/arauna/cries/294.aif
295,Muiraquitã,SPECIES_EXPLOUD,CRY_EXPLOUD,295,0,emerald-slot-placeholder,sound/arauna/cries/295.aif
296,Amazona,SPECIES_MAKUHITA,CRY_MAKUHITA,296,0,emerald-slot-placeholder,sound/arauna/cries/296.aif
297,Corcovado-Ancião,SPECIES_HARIYAMA,CRY_HARIYAMA,297,0,emerald-slot-placeholder,sound/arauna/cries/297.aif
298,Cristo,SPECIES_AZURILL,CRY_AZURILL,298,0,emerald-slot-placeholder,sound/arauna/cries/298.aif
299,Ratão,SPECIES_NOSEPASS,CRY_NOSEPASS,299,0,emerald-slot-placeholder,sound/arauna/cries/299.aif
300,Pombim,SPECIES_SKITTY,CRY_SKITTY,300,0,emerald-slot-placeholder,sound/arauna/cries/300.aif
301,Pombão,SPECIES_DELCATTY,CRY_DELCATTY,301,0,emerald-slot-placeholder,sound/arauna/cries/301.aif
302,Baratão,SPECIES_SABLEYE,CRY_SABLEYE,300,1,emerald-slot-placeholder,sound/arauna/cries/302.aif
303,Mosquim,SPECIES_MAWILE,CRY_MAWILE,303,0,emerald-slot-placeholder,sound/arauna/cries/303.aif
304,Cão-Bravo,SPECIES_ARON,CRY_ARON,304,0,emerald-slot-placeholder,sound/arauna/cries/304.aif
305,Gato-Preto,SPECIES_LAIRON,CRY_LAIRON,305,0,emerald-slot-placeholder,sound/arauna/cries/305.aif
306,Perereca,SPECIES_AGGRON,CRY_AGGRON,306,0,emerald-slot-placeholder,sound/arauna/cries/306.aif
307,Lagartixa,SPECIES_MEDITITE,CRY_MEDITITE,307,0,emerald-slot-placeholder,sound/arauna/cries/307.aif
308,Traça-Papel,SPECIES_MEDICHAM,CRY_MEDICHAM,308,0,emerald-slot-placeholder,sound/arauna/cries/308.aif
309,Poeirão,SPECIES_ELECTRIKE,CRY_ELECTRIKE,309,0,emerald-slot-placeholder,sound/arauna/cries/309.aif
310,Ferrugem,SPECIES_MANECTRIC,CRY_MANECTRIC,310,0,emerald-slot-placeholder,sound/arauna/cries/310.aif
311,Fumacento,SPECIES_PLUSLE,CRY_PLUSLE,311,0,emerald-slot-placeholder,sound/arauna/cries/311.aif
312,Óleoso,SPECIES_MINUN,CRY_MINUN,312,0,emerald-slot-placeholder,sound/arauna/cries/312.aif
313,Lixão,SPECIES_VOLBEAT,CRY_VOLBEAT,313,0,emerald-slot-placeholder,sound/arauna/cries/313.aif
314,Chorume,SPECIES_ILLUMISE,CRY_ILLUMISE,314,0,emerald-slot-placeholder,sound/arauna/cries/314.aif
315,Bituca,SPECIES_ROSELIA,CRY_ROSELIA,315,0,emerald-slot-placeholder,sound/arauna/cries/315.aif
316,Latinha,SPECIES_GULPIN,CRY_GULPIN,313,1,emerald-slot-placeholder,sound/arauna/cries/316.aif
317,Sacolim,SPECIES_SWALOT,CRY_SWALOT,317,0,emerald-slot-placeholder,sound/arauna/cries/317.aif
318,Garrafão,SPECIES_CARVANHA,CRY_CARVANHA,318,0,emerald-slot-placeholder,sound/arauna/cries/318.aif
319,Netzero,SPECIES_SHARPEDO,CRY_SHARPEDO,319,0,emerald-slot-placeholder,sound/arauna/cries/319.aif
320,Pilhoso,SPECIES_WAILMER,CRY_WAILMER,320,0,emerald-slot-placeholder,sound/arauna/cries/320.aif
321,Cabofio,SPECIES_WAILORD,CRY_WAILORD,321,0,emerald-slot-placeholder,sound/arauna/cries/321.aif
322,Bugão,SPECIES_NUMEL,CRY_NUMEL,322,0,emerald-slot-placeholder,sound/arauna/cries/322.aif
323,Aluminio,SPECIES_CAMERUPT,CRY_CAMERUPT,323,0,emerald-slot-placeholder,sound/arauna/cries/323.aif
324,Concretim,SPECIES_TORKOAL,CRY_TORKOAL,324,0,emerald-slot-placeholder,sound/arauna/cries/324.aif
325,Bueiro,SPECIES_SPOINK,CRY_SPOINK,325,0,emerald-slot-placeholder,sound/arauna/cries/325.aif
326,Sinal,SPECIES_GRUMPIG,CRY_GRUMPIG,326,0,emerald-slot-placeholder,sound/arauna/cries/326.aif
327,Poste,SPECIES_SPINDA,CRY_SPINDA,327,0,emerald-slot-placeholder,sound/arauna/cries/327.aif
328,Grafiteiro,SPECIES_TRAPINCH,CRY_TRAPINCH,328,0,emerald-slot-placeholder,sound/arauna/cries/328.aif
329,Guaraciana,SPECIES_VIBRAVA,CRY_VIBRAVA,329,0,emerald-slot-placeholder,sound/arauna/cries/329.aif
330,Jaciana,SPECIES_FLYGON,CRY_FLYGON,330,0,emerald-slot-placeholder,sound/arauna/cries/330.aif
331,Tupanaú,SPECIES_CACNEA,CRY_CACNEA,331,0,emerald-slot-placeholder,sound/arauna/cries/331.aif
332,Iaraú,SPECIES_CACTURNE,CRY_CACTURNE,332,0,emerald-slot-placeholder,sound/arauna/cries/332.aif
333,Kuarahy,SPECIES_SWABLU,CRY_SWABLU,333,0,emerald-slot-placeholder,sound/arauna/cries/333.aif
334,Yasy,SPECIES_ALTARIA,CRY_ALTARIA,334,0,emerald-slot-placeholder,sound/arauna/cries/334.aif
335,Rudarauna,SPECIES_ZANGOOSE,CRY_ZANGOOSE,335,0,emerald-slot-placeholder,sound/arauna/cries/335.aif
336,Perybé,SPECIES_SEVIPER,CRY_SEVIPER,336,0,emerald-slot-placeholder,sound/arauna/cries/336.aif
337,Arauanaú,SPECIES_LUNATONE,CRY_LUNATONE,337,0,emerald-slot-placeholder,sound/arauna/cries/337.aif
338,Verdejante,SPECIES_SOLROCK,CRY_SOLROCK,338,0,emerald-slot-placeholder,sound/arauna/cries/338.aif
339,Chuvão,SPECIES_BARBOACH,CRY_BARBOACH,339,0,emerald-slot-placeholder,sound/arauna/cries/339.aif
340,Solzão,SPECIES_WHISCASH,CRY_WHISCASH,340,0,emerald-slot-placeholder,sound/arauna/cries/340.aif
341,Ventania,SPECIES_CORPHISH,CRY_CORPHISH,341,0,emerald-slot-placeholder,sound/arauna/cries/341.aif
342,Terraão,SPECIES_CRAWDAUNT,CRY_CRAWDAUNT,342,0,emerald-slot-placeholder,sound/arauna/cries/342.aif
343,Fogaréu,SPECIES_BALTOY,CRY_BALTOY,343,0,emerald-slot-placeholder,sound/arauna/cries/343.aif
344,Marulho,SPECIES_CLAYDOL,CRY_CLAYDOL,344,0,emerald-slot-placeholder,sound/arauna/cries/344.aif
345,Alvorecer,SPECIES_LILEEP,CRY_LILEEP,345,0,emerald-slot-placeholder,sound/arauna/cries/345.aif
346,Poente,SPECIES_CRADILY,CRY_CRADILY,346,0,emerald-slot-placeholder,sound/arauna/cries/346.aif
347,Estrelinha,SPECIES_ANORITH,CRY_ANORITH,347,0,emerald-slot-placeholder,sound/arauna/cries/347.aif
348,Arauanamon,SPECIES_ARMALDO,CRY_ARMALDO,348,0,emerald-slot-placeholder,sound/arauna/cries/348.aif
349,Aracuã,SPECIES_FEEBAS,CRY_FEEBAS,349,0,emerald-slot-placeholder,sound/arauna/cries/349.aif
350,Bugio,SPECIES_MILOTIC,CRY_MILOTIC,350,0,emerald-slot-placeholder,sound/arauna/cries/350.aif
351,Tuim,SPECIES_CASTFORM,CRY_CASTFORM,351,0,emerald-slot-placeholder,sound/arauna/cries/351.aif
352,Periquitão,SPECIES_KECLEON,CRY_KECLEON,351,1,emerald-slot-placeholder,sound/arauna/cries/352.aif
353,Ararunão,SPECIES_SHUPPET,CRY_SHUPPET,351,2,emerald-slot-placeholder,sound/arauna/cries/353.aif
354,Preazinho,SPECIES_BANETTE,CRY_BANETTE,354,0,emerald-slot-placeholder,sound/arauna/cries/354.aif
355,Capivarão,SPECIES_DUSKULL,CRY_DUSKULL,354,1,emerald-slot-placeholder,sound/arauna/cries/355.aif
356,Tamanduí,SPECIES_DUSCLOPS,CRY_DUSCLOPS,356,0,emerald-slot-placeholder,sound/arauna/cries/356.aif
357,Tamanduá,SPECIES_TROPIUS,CRY_TROPIUS,356,1,emerald-slot-placeholder,sound/arauna/cries/357.aif
358,Tamanduão,SPECIES_CHIMECHO,CRY_CHIMECHO,356,2,emerald-slot-placeholder,sound/arauna/cries/358.aif
359,Preguicinha,SPECIES_ABSOL,CRY_ABSOL,359,0,emerald-slot-placeholder,sound/arauna/cries/359.aif
360,Preguiçoso,SPECIES_WYNAUT,CRY_WYNAUT,359,1,emerald-slot-placeholder,sound/arauna/cries/360.aif
361,Beija-Flor,SPECIES_SNORUNT,CRY_SNORUNT,361,0,emerald-slot-placeholder,sound/arauna/cries/361.aif
362,Beija-Luz,SPECIES_GLALIE,CRY_GLALIE,361,1,emerald-slot-placeholder,sound/arauna/cries/362.aif
363,Beija-Sol,SPECIES_SPHEAL,CRY_SPHEAL,361,2,emerald-slot-placeholder,sound/arauna/cries/363.aif
364,Sarará,SPECIES_SEALEO,CRY_SEALEO,364,0,emerald-slot-placeholder,sound/arauna/cries/364.aif
365,Cambota,SPECIES_WALREIN,CRY_WALREIN,365,0,emerald-slot-placeholder,sound/arauna/cries/365.aif
366,Berimbau,SPECIES_CLAMPERL,CRY_CLAMPERL,366,0,emerald-slot-placeholder,sound/arauna/cries/366.aif
367,Atabaque,SPECIES_HUNTAIL,CRY_HUNTAIL,367,0,emerald-slot-placeholder,sound/arauna/cries/367.aif
368,Pandeirim,SPECIES_GOREBYSS,CRY_GOREBYSS,368,0,emerald-slot-placeholder,sound/arauna/cries/368.aif
369,Sanfoninha,SPECIES_RELICANTH,CRY_RELICANTH,369,0,emerald-slot-placeholder,sound/arauna/cries/369.aif
370,Violeiro,SPECIES_LUVDISC,CRY_LUVDISC,370,0,emerald-slot-placeholder,sound/arauna/cries/370.aif
371,Zabumba,SPECIES_BAGON,CRY_BAGON,371,0,emerald-slot-placeholder,sound/arauna/cries/371.aif
372,Cordelim,SPECIES_SHELGON,CRY_SHELGON,372,0,emerald-slot-placeholder,sound/arauna/cries/372.aif
373,Rendeira,SPECIES_SALAMENCE,CRY_SALAMENCE,373,0,emerald-slot-placeholder,sound/arauna/cries/373.aif
374,Escamoso,SPECIES_BELDUM,CRY_BELDUM,374,0,emerald-slot-placeholder,sound/arauna/cries/374.aif
375,Piranhita,SPECIES_METANG,CRY_METANG,375,0,emerald-slot-placeholder,sound/arauna/cries/375.aif
376,Boitatã,SPECIES_METAGROSS,CRY_METAGROSS,376,0,emerald-slot-placeholder,sound/arauna/cries/376.aif
377,Piraruaçu,SPECIES_REGIROCK,CRY_REGIROCK,377,0,emerald-slot-placeholder,sound/arauna/cries/377.aif
378,Mata-Mata,SPECIES_REGICE,CRY_REGICE,378,0,emerald-slot-placeholder,sound/arauna/cries/378.aif
379,Solaris,SPECIES_REGISTEEL,CRY_REGISTEEL,379,0,emerald-slot-placeholder,sound/arauna/cries/379.aif
380,Selenê,SPECIES_LATIAS,CRY_LATIAS,380,0,emerald-slot-placeholder,sound/arauna/cries/380.aif
381,Zumbi-Rei,SPECIES_LATIOS,CRY_LATIOS,381,0,emerald-slot-placeholder,sound/arauna/cries/381.aif
382,Iemanjã,SPECIES_KYOGRE,CRY_KYOGRE,382,0,emerald-slot-placeholder,sound/arauna/cries/382.aif
383,Oxumará,SPECIES_GROUDON,CRY_GROUDON,383,0,emerald-slot-placeholder,sound/arauna/cries/383.aif
384,Curupixel,SPECIES_RAYQUAZA,CRY_RAYQUAZA,384,0,emerald-slot-placeholder,sound/arauna/cries/384.aif
385,Sacinho,SPECIES_JIRACHI,CRY_JIRACHI,385,0,emerald-slot-placeholder,sound/arauna/cries/385.aif
386,Arauá,SPECIES_DEOXYS,CRY_DEOXYS,386,0,emerald-slot-placeholder,sound/arauna/cries/386.aif
