arauna_dex,name,types,bst,map,table,displaced
010,Formilim,bug,248,MAP_ROUTE104,land_mons,QWILFISH
010,Formilim,bug,248,MAP_ROUTE112,land_mons,QWILFISH
013,Tucanhão,flying/grass,437,MAP_ROUTE110,land_mons,PLUSLE
013,Tucanhão,flying/grass,437,MAP_ROUTE111,land_mons,FURRET
017,Curupim,grass/fairy,445,MAP_ROUTE111,land_mons,FURRET
017,Curupim,grass/fairy,445,MAP_ROUTE114,land_mons,WINGULL
019,Iaraço,water/fairy,548,MAP_ROUTE114,land_mons,VAPOREON
019,Iaraço,water/fairy,548,MAP_ROUTE114,land_mons,VAPOREON
024,Tamanduá,ground/steel,470,MAP_VICTORY_ROAD_1F,land_mons,FEEBAS
024,Tamanduá,ground/steel,470,MAP_GRANITE_CAVE_B1F,land_mons,TAILLOW
028,Tatuim,ground,283,MAP_ROUTE111,land_mons,MURKROW
028,Tatuim,ground,283,MAP_ROUTE111,land_mons,MURKROW
034,Jacarim,water,284,MAP_ROUTE102,land_mons,HOPPIP
034,Jacarim,water,284,MAP_ROUTE102,land_mons,GRIMER
040,Papaguim,flying,285,MAP_ROUTE104,land_mons,GLIGAR
040,Papaguim,flying,285,MAP_ROUTE104,land_mons,GLIGAR
043,Antinha,normal,286,MAP_ROUTE115,land_mons,MACHOKE
043,Antinha,normal,286,MAP_ARTISAN_CAVE_B1F,land_mons,GASTLY
046,Sucurim,water/poison,286,MAP_ROUTE110,land_mons,GLIGAR
046,Sucurim,water/poison,286,MAP_GRANITE_CAVE_1F,land_mons,SNEASEL
049,Borbolim,bug,287,MAP_SHOAL_CAVE_LOW_TIDE_ICE_ROOM,land_mons,MAGCARGO
049,Borbolim,bug,287,MAP_SHOAL_CAVE_LOW_TIDE_ICE_ROOM,land_mons,MAGCARGO
054,Guaraflama,fire/ghost,448,MAP_MAGMA_HIDEOUT_1F,land_mons,LEDIAN
054,Guaraflama,fire/ghost,448,MAP_MAGMA_HIDEOUT_1F,land_mons,LEDIAN
055,Peixim,water,282,MAP_ROUTE102,water_mons,QWILFISH
055,Peixim,water,282,MAP_ROUTE102,water_mons,QWILFISH
057,Mãe-d'Água,water/fairy,448,MAP_ROUTE110,land_mons,WAILORD
057,Mãe-d'Água,water/fairy,448,MAP_ROUTE121,land_mons,NOSEPASS
061,Preguim,normal,283,MAP_ROUTE101,land_mons,ZUBAT
061,Preguim,normal,283,MAP_ROUTE101,land_mons,ZUBAT
064,Aranin,bug,284,MAP_ROUTE101,land_mons,HOPPIP
064,Aranin,bug,284,MAP_ROUTE101,land_mons,HOPPIP
070,Cutim,normal,285,MAP_ROUTE103,land_mons,GLIGAR
070,Cutim,normal,285,MAP_ROUTE103,land_mons,GLIGAR
074,Marimbondo,bug/poison,449,MAP_SAFARI_ZONE_SOUTH,land_mons,SMOOCHUM
074,Marimbondo,bug/poison,449,MAP_SAFARI_ZONE_SOUTH,land_mons,LAIRON
075,Abelhinha,bug/flying,446,MAP_SAFARI_ZONE_SOUTH,land_mons,MIGHTYENA
075,Abelhinha,bug/flying,446,MAP_FIERY_PATH,land_mons,SWALOT
078,Coati,dark/ground,446,MAP_GRANITE_CAVE_B1F,land_mons,TAILLOW
078,Coati,dark/ground,446,MAP_GRANITE_CAVE_B1F,land_mons,TAILLOW
079,Gambá,poison/normal,286,MAP_SEAFLOOR_CAVERN_ROOM1,land_mons,LICKITUNG
079,Gambá,poison/normal,286,MAP_SEAFLOOR_CAVERN_ROOM1,land_mons,LICKITUNG
081,Sarué,poison/ghost,447,MAP_FIERY_PATH,land_mons,FERALIGATR
081,Sarué,poison/ghost,447,MAP_SAFARI_ZONE_NORTHWEST,land_mons,GRAVELER
082,Tuquinho,flying,287,MAP_ROUTE113,land_mons,ODDISH
082,Tuquinho,flying,287,MAP_ROUTE113,land_mons,ODDISH
088,Teiuzim,normal,282,MAP_SAFARI_ZONE_SOUTHEAST,land_mons,SPINARAK
088,Teiuzim,normal,282,MAP_ROUTE101,land_mons,ZUBAT
090,Camaleão,normal/psychic,448,MAP_SAFARI_ZONE_SOUTH,land_mons,LAIRON
090,Camaleão,normal/psychic,448,MAP_SAFARI_ZONE_SOUTHWEST,land_mons,SMOOCHUM
094,Piuiuim,flying,283,MAP_ROUTE116,land_mons,MAGIKARP
094,Piuiuim,flying,283,MAP_PETALBURG_WOODS,land_mons,ZUBAT
096,Colhereiro,flying/fairy,449,MAP_ROUTE110,land_mons,KRABBY
096,Colhereiro,flying/fairy,449,MAP_CAVE_OF_ORIGIN_1F,land_mons,FEEBAS
100,Corcovado,rock/dragon,604,MAP_SKY_PILLAR_1F,land_mons,AZURILL
100,Corcovado,rock/dragon,604,MAP_SKY_PILLAR_1F,land_mons,AZURILL
103,Suçuapara,normal/fighting,447,MAP_ROUTE119,land_mons,DRAGONITE
103,Suçuapara,normal/fighting,447,MAP_SAFARI_ZONE_NORTH,land_mons,IGGLYBUFF
108,Iemanjá,water/fairy,604,MAP_NEW_MAUVILLE_INSIDE,land_mons,VOLTORB
108,Iemanjá,water/fairy,604,MAP_NEW_MAUVILLE_INSIDE,land_mons,VOLTORB
111,Cavalim,normal,284,MAP_ROUTE101,land_mons,HOPPIP
111,Cavalim,normal,284,MAP_ROUTE101,land_mons,GRIMER
113,Zebuim,normal,283,MAP_ROUTE102,land_mons,ZUBAT
113,Zebuim,normal,283,MAP_ROUTE102,land_mons,VENOMOTH
115,Ovelhinha,normal/fairy,449,MAP_CAVE_OF_ORIGIN_1F,land_mons,FEEBAS
115,Ovelhinha,normal/fairy,449,MAP_CAVE_OF_ORIGIN_1F,land_mons,FEEBAS
116,Cabrita,normal/rock,445,MAP_PETALBURG_WOODS,land_mons,CLEFFA
116,Cabrita,normal/rock,445,MAP_METEOR_FALLS_B1F_2R,land_mons,SHARPEDO
120,Jararaca,poison/grass,448,MAP_ROUTE120,land_mons,NOSEPASS
120,Jararaca,poison/grass,448,MAP_ROUTE123,land_mons,NOSEPASS
128,Traíra,water/dark,447,MAP_ROUTE103,fishing_mons,OCTILLERY
128,Traíra,water/dark,447,MAP_ROUTE103,fishing_mons,OCTILLERY
129,Dourado,water/fighting,449,MAP_ROUTE117,land_mons,KADABRA
129,Dourado,water/fighting,449,MAP_ROUTE117,land_mons,KADABRA
131,Pacu,water/grass,448,MAP_MT_PYRE_SUMMIT,land_mons,MANECTRIC
131,Pacu,water/grass,448,MAP_ROUTE117,land_mons,KADABRA
132,Matrinxã,water/normal,444,MAP_ROUTE114,land_mons,WINGULL
132,Matrinxã,water/normal,444,MAP_ROUTE118,fishing_mons,URSARING
134,Cascudo,water/rock,448,MAP_ROUTE117,land_mons,MIGHTYENA
134,Cascudo,water/rock,448,MAP_ROUTE117,land_mons,MIGHTYENA
135,Acará,water/psychic,445,MAP_ROUTE103,fishing_mons,URSARING
135,Acará,water/psychic,445,MAP_ROUTE105,fishing_mons,URSARING
136,Vagalumim,bug/electric,285,MAP_ROUTE104,land_mons,GLIGAR
136,Vagalumim,bug/electric,285,MAP_SHOAL_CAVE_LOW_TIDE_ICE_ROOM,land_mons,LICKITUNG
140,Louvadinha,bug,287,MAP_SHOAL_CAVE_LOW_TIDE_ICE_ROOM,land_mons,MAGCARGO
140,Louvadinha,bug,287,MAP_SHOAL_CAVE_LOW_TIDE_ICE_ROOM,land_mons,LICKITUNG
142,Escorpim,poison,286,MAP_GRANITE_CAVE_1F,land_mons,LICKITUNG
142,Escorpim,poison,286,MAP_GRANITE_CAVE_1F,land_mons,SNEASEL
144,Caramulão,bug/water,446,MAP_SAFARI_ZONE_NORTHEAST,land_mons,SEEDOT
144,Caramulão,bug/water,446,MAP_SAFARI_ZONE_NORTHEAST,land_mons,CLEFABLE
145,Piolhão,bug/poison,448,MAP_SAFARI_ZONE_SOUTHWEST,land_mons,LAIRON
145,Piolhão,bug/poison,448,MAP_SAFARI_ZONE_SOUTHWEST,land_mons,LAIRON
149,Aranhão,bug/poison,445,MAP_SAFARI_ZONE_SOUTH,land_mons,PORYGON
149,Aranhão,bug/poison,445,MAP_FIERY_PATH,land_mons,NUMEL
150,Vespão,bug/flying,447,MAP_SAFARI_ZONE_NORTHWEST,land_mons,IGGLYBUFF
150,Vespão,bug/flying,447,MAP_SAFARI_ZONE_SOUTHEAST,land_mons,CAMERUPT
152,Traça,bug/normal,446,MAP_SAFARI_ZONE_SOUTHWEST,land_mons,MIGHTYENA
152,Traça,bug/normal,446,MAP_SAFARI_ZONE_NORTH,land_mons,TOGETIC
153,Corupião,bug/ground,448,MAP_SAFARI_ZONE_NORTH,land_mons,MIGHTYENA
153,Corupião,bug/ground,448,MAP_SAFARI_ZONE_NORTH,land_mons,DRAGONAIR
154,Cupinzim,bug/ground,444,MAP_SAFARI_ZONE_NORTHEAST,land_mons,POLIWAG
154,Cupinzim,bug/ground,444,MAP_FIERY_PATH,land_mons,LINOONE
155,Formigão-Preto,bug/dark,446,MAP_SAFARI_ZONE_NORTHWEST,land_mons,MIGHTYENA
155,Formigão-Preto,bug/dark,446,MAP_ROUTE112,land_mons,NUMEL
156,Beija-flor,flying/fairy,448,MAP_VICTORY_ROAD_B1F,land_mons,SUNKERN
156,Beija-flor,flying/fairy,448,MAP_VICTORY_ROAD_B1F,land_mons,SUNKERN
160,Carcará,flying/dark,445,MAP_JAGGED_PASS,land_mons,NUMEL
160,Carcará,flying/dark,445,MAP_JAGGED_PASS,land_mons,NUMEL
162,Urubu,flying/dark,555,MAP_SAFARI_ZONE_NORTHWEST,land_mons,OMASTAR
162,Urubu,flying/dark,555,MAP_SAFARI_ZONE_NORTHEAST,land_mons,SLOWBRO
165,Jaburu,flying/water,444,MAP_VICTORY_ROAD_1F,land_mons,SUNFLORA
165,Jaburu,flying/water,444,MAP_ROUTE115,land_mons,WINGULL
166,Ema,normal/flying,446,MAP_ROUTE119,land_mons,MIGHTYENA
166,Ema,normal/flying,446,MAP_ROUTE119,land_mons,MIGHTYENA
168,Anú,flying/dark,445,MAP_JAGGED_PASS,land_mons,NUMEL
168,Anú,flying/dark,445,MAP_JAGGED_PASS,land_mons,NUMEL
170,Curió,flying/normal,449,MAP_METEOR_FALLS_B1F_2R,land_mons,FEEBAS
170,Curió,flying/normal,449,MAP_METEOR_FALLS_B1F_2R,land_mons,TORKOAL
172,Papa-Formiga,flying/bug,447,MAP_SAFARI_ZONE_SOUTHWEST,land_mons,PORYGON
172,Papa-Formiga,flying/bug,447,MAP_SAFARI_ZONE_NORTHWEST,land_mons,ABRA
173,Choca,flying/normal,449,MAP_METEOR_FALLS_B1F_2R,land_mons,TORKOAL
173,Choca,flying/normal,449,MAP_METEOR_FALLS_B1F_2R,land_mons,FEEBAS
174,Bacurau,flying/dark,446,MAP_ROUTE120,land_mons,MIGHTYENA
174,Bacurau,flying/dark,446,MAP_ROUTE120,land_mons,MIGHTYENA
179,Bromelinha,grass/water,445,MAP_ROUTE121,land_mons,DELIBIRD
179,Bromelinha,grass/water,445,MAP_ROUTE123,land_mons,DELIBIRD
181,Vitóriarégia,grass/water,449,MAP_ROUTE114,land_mons,STARMIE
181,Vitóriarégia,grass/water,449,MAP_ROUTE114,land_mons,STARMIE
184,Palmito,grass/fighting,449,MAP_SAFARI_ZONE_NORTHWEST,land_mons,MEWTWO
184,Palmito,grass/fighting,449,MAP_SKY_PILLAR_5F,land_mons,FEEBAS
186,Buriti,grass/water,448,MAP_ROUTE121,land_mons,MIGHTYENA
186,Buriti,grass/water,448,MAP_ROUTE123,land_mons,MIGHTYENA
187,Cajuzim,grass,282,MAP_ROUTE120,land_mons,QWILFISH
187,Cajuzim,grass,282,MAP_ROUTE114,land_mons,VENOMOTH
189,Açaí,grass/dark,448,MAP_SKY_PILLAR_5F,land_mons,KINGDRA
189,Açaí,grass/dark,448,MAP_SKY_PILLAR_5F,land_mons,TAILLOW
192,Guaraná,grass/electric,449,MAP_VICTORY_ROAD_B1F,land_mons,FEEBAS
192,Guaraná,grass/electric,449,MAP_VICTORY_ROAD_B1F,land_mons,FEEBAS
193,Mate,grass/water,445,MAP_MT_PYRE_SUMMIT,land_mons,DELIBIRD
193,Mate,grass/water,445,MAP_MT_PYRE_SUMMIT,land_mons,DELIBIRD
195,Mandioca,grass/ground,449,MAP_VICTORY_ROAD_B1F,rock_smash_mons,LEDIAN
195,Mandioca,grass/ground,449,MAP_VICTORY_ROAD_B1F,rock_smash_mons,LEDIAN
198,Cristalim,rock/fairy,282,MAP_PETALBURG_WOODS,land_mons,SKITTY
198,Cristalim,rock/fairy,282,MAP_PETALBURG_WOODS,land_mons,HOPPIP
202,Diamantina,rock/fairy,605,MAP_NEW_MAUVILLE_INSIDE,land_mons,VOLTORB
202,Diamantina,rock/fairy,605,MAP_NEW_MAUVILLE_INSIDE,land_mons,VOLTORB
203,Bauxito,steel/ground,449,MAP_GRANITE_CAVE_B2F,land_mons,TAILLOW
203,Bauxito,steel/ground,449,MAP_GRANITE_CAVE_B2F,land_mons,TAILLOW
205,Salitre,rock/water,447,MAP_GRANITE_CAVE_1F,land_mons,DUNSPARCE
205,Salitre,rock/water,447,MAP_GRANITE_CAVE_1F,land_mons,DUNSPARCE
206,Enxofrino,fire/poison,449,MAP_NEW_MAUVILLE_INSIDE,land_mons,WAILMER
206,Enxofrino,fire/poison,449,MAP_NEW_MAUVILLE_INSIDE,land_mons,WAILMER
209,Estalactite,rock/water,444,MAP_GRANITE_CAVE_1F,land_mons,DUNSPARCE
209,Estalactite,rock/water,444,MAP_ROUTE116,land_mons,MUK
210,Estalagmite,rock/ground,446,MAP_MAGMA_HIDEOUT_1F,land_mons,DUNSPARCE
210,Estalagmite,rock/ground,446,MAP_MAGMA_HIDEOUT_1F,land_mons,DUNSPARCE
211,Fóssil,rock/dragon,448,MAP_VICTORY_ROAD_B1F,rock_smash_mons,LEDIAN
211,Fóssil,rock/dragon,448,MAP_MAGMA_HIDEOUT_1F,land_mons,LEDIAN
212,Meteorito,rock/psychic,603,MAP_SKY_PILLAR_1F,land_mons,AZURILL
212,Meteorito,rock/psychic,603,MAP_SKY_PILLAR_1F,land_mons,AZURILL
213,Vulcanite,fire/rock,447,MAP_MAGMA_HIDEOUT_1F,land_mons,LEDIAN
213,Vulcanite,fire/rock,447,MAP_MAGMA_HIDEOUT_2F_1R,land_mons,LEDIAN
214,Marmim,rock/fairy,449,MAP_METEOR_FALLS_B1F_2R,land_mons,FEEBAS
214,Marmim,rock/fairy,449,MAP_METEOR_FALLS_B1F_2R,land_mons,FEEBAS
223,Cavalim-Marinho,water/fairy,445,MAP_GRANITE_CAVE_B1F,land_mons,SUNFLORA
223,Cavalim-Marinho,water/fairy,445,MAP_GRANITE_CAVE_B1F,land_mons,SUNFLORA
230,Arraia,water/electric,448,MAP_NEW_MAUVILLE_INSIDE,land_mons,WAILMER
230,Arraia,water/electric,448,MAP_NEW_MAUVILLE_INSIDE,land_mons,WAILMER
232,Pargo,water/fire,446,MAP_MT_PYRE_EXTERIOR,land_mons,DELIBIRD
232,Pargo,water/fire,446,MAP_MT_PYRE_EXTERIOR,land_mons,DELIBIRD
235,Cuca,dark/psychic,447,MAP_GRANITE_CAVE_B2F,land_mons,TAILLOW
235,Cuca,dark/psychic,447,MAP_GRANITE_CAVE_B2F,land_mons,TAILLOW
236,Bicho-Papão,dark/ghost,449,MAP_SKY_PILLAR_1F,land_mons,FEEBAS
236,Bicho-Papão,dark/ghost,449,MAP_SKY_PILLAR_1F,land_mons,KINGDRA
237,Lobisomem,dark/normal,445,MAP_VICTORY_ROAD_B1F,land_mons,QUAGSIRE
237,Lobisomem,dark/normal,445,MAP_VICTORY_ROAD_B2F,land_mons,QUAGSIRE
238,Corpo-Seco,ghost/dark,447,MAP_SKY_PILLAR_1F,land_mons,TAILLOW
238,Corpo-Seco,ghost/dark,447,MAP_SKY_PILLAR_3F,land_mons,TAILLOW
240,Perna-Cabeluda,ghost/normal,446,MAP_SKY_PILLAR_3F,land_mons,FEEBAS
240,Perna-Cabeluda,ghost/normal,446,MAP_SKY_PILLAR_3F,land_mons,KINGDRA
241,Comadre,ghost/fairy,448,MAP_MT_PYRE_1F,land_mons,DELIBIRD
241,Comadre,ghost/fairy,448,MAP_MT_PYRE_1F,land_mons,DELIBIRD
243,Jurupari,dark/fairy,604,MAP_SKY_PILLAR_1F,land_mons,AZURILL
243,Jurupari,dark/fairy,604,MAP_SKY_PILLAR_3F,land_mons,AZURILL
244,Tupã,electric/dragon,606,MAP_NEW_MAUVILLE_ENTRANCE,land_mons,VOLTORB
244,Tupã,electric/dragon,606,MAP_NEW_MAUVILLE_ENTRANCE,land_mons,VOLTORB
245,Jaci,fairy/psychic,603,MAP_SKY_PILLAR_3F,land_mons,AZURILL
245,Jaci,fairy/psychic,603,MAP_SKY_PILLAR_3F,land_mons,AZURILL
246,Guaraci,fire/fairy,605,MAP_NEW_MAUVILLE_ENTRANCE,land_mons,VOLTORB
246,Guaraci,fire/fairy,605,MAP_NEW_MAUVILLE_ENTRANCE,land_mons,VOLTORB
248,Aluá,water/poison,445,MAP_GRANITE_CAVE_B2F,land_mons,SUNFLORA
248,Aluá,water/poison,445,MAP_GRANITE_CAVE_B2F,land_mons,SUNFLORA
249,Jenipapo,dark/grass,447,MAP_ROUTE113,land_mons,ARON
249,Jenipapo,dark/grass,447,MAP_ROUTE113,land_mons,ARON
250,Urucum,fire/grass,449,MAP_MAGMA_HIDEOUT_2F_1R,land_mons,LEDIAN
250,Urucum,fire/grass,449,MAP_MAGMA_HIDEOUT_2F_1R,land_mons,LEDIAN
251,Caipora,grass/fighting,552,MAP_SAFARI_ZONE_NORTH,land_mons,DITTO
251,Caipora,grass/fighting,552,MAP_SKY_PILLAR_5F,land_mons,GEODUDE
252,Anhangá-Pitã,ghost/fire,448,MAP_MAGMA_HIDEOUT_2F_1R,land_mons,LEDIAN
252,Anhangá-Pitã,ghost/fire,448,MAP_MAGMA_HIDEOUT_2F_2R,land_mons,LEDIAN
253,Yara-Pindá,water/fairy,444,MAP_MT_PYRE_SUMMIT,land_mons,PORYGON2
253,Yara-Pindá,water/fairy,444,MAP_MT_PYRE_SUMMIT,land_mons,PORYGON2
254,Pisadeira,ghost/fighting,446,MAP_MAGMA_HIDEOUT_1F,land_mons,DUNSPARCE
254,Pisadeira,ghost/fighting,446,MAP_MAGMA_HIDEOUT_1F,land_mons,DUNSPARCE
255,Zumbi,ghost/fighting,606,MAP_SKY_PILLAR_3F,land_mons,AZURILL
255,Zumbi,ghost/fighting,606,MAP_SKY_PILLAR_3F,land_mons,AZURILL
257,Ossanha,grass/fairy,447,MAP_ROUTE119,land_mons,MIGHTYENA
257,Ossanha,grass/fairy,447,MAP_MT_PYRE_4F,land_mons,DELIBIRD
258,Oxalá,normal/fairy,607,MAP_SKY_PILLAR_5F,land_mons,AZURILL
258,Oxalá,normal/fairy,607,MAP_SKY_PILLAR_5F,land_mons,AZURILL
259,Saciamigo,dark/fairy,445,MAP_GRANITE_CAVE_B2F,land_mons,TAILLOW
259,Saciamigo,dark/fairy,445,MAP_CAVE_OF_ORIGIN_1F,land_mons,TAILLOW
260,Sacipererê,dark/fairy,605,MAP_NEW_MAUVILLE_ENTRANCE,land_mons,VOLTORB
260,Sacipererê,dark/fairy,605,MAP_SKY_PILLAR_5F,land_mons,GEODUDE
261,Curupira-Ancião,grass/fairy,449,MAP_MT_PYRE_4F,land_mons,DELIBIRD
261,Curupira-Ancião,grass/fairy,449,MAP_MT_PYRE_4F,land_mons,DELIBIRD
263,Pomba-Gira,dark/fairy,448,MAP_VICTORY_ROAD_B1F,land_mons,SUNKERN
263,Pomba-Gira,dark/fairy,448,MAP_VICTORY_ROAD_B2F,land_mons,SUNKERN
265,Preto-Velho,ghost/psychic,604,MAP_SAFARI_ZONE_NORTH,land_mons,ARBOK
265,Preto-Velho,ghost/psychic,604,MAP_ROUTE120,land_mons,KAKUNA
266,Caboclo-Guerreiro,grass/fighting,448,MAP_MAGMA_HIDEOUT_2F_2R,land_mons,LEDIAN
266,Caboclo-Guerreiro,grass/fighting,448,MAP_MAGMA_HIDEOUT_2F_2R,land_mons,LEDIAN
267,Marinheiro,water/dark,445,MAP_ROUTE102,fishing_mons,SPOINK
267,Marinheiro,water/dark,445,MAP_ROUTE110,fishing_mons,URSARING
268,Baiano,fire/fighting,447,MAP_MAGMA_HIDEOUT_2F_2R,land_mons,LEDIAN
268,Baiano,fire/fighting,447,MAP_MAGMA_HIDEOUT_3F_1R,land_mons,LEDIAN
269,Cangaceiro,dark/fighting,449,MAP_JAGGED_PASS,land_mons,LINOONE
269,Cangaceiro,dark/fighting,449,MAP_JAGGED_PASS,land_mons,LINOONE
270,Beata,fairy/psychic,445,MAP_ROUTE112,land_mons,NUMEL
270,Beata,fairy/psychic,445,MAP_ROUTE112,land_mons,NUMEL
271,Menino-Deus,fairy/normal,447,MAP_CAVE_OF_ORIGIN_1F,land_mons,TAILLOW
271,Menino-Deus,fairy/normal,447,MAP_CAVE_OF_ORIGIN_UNUSED_RUBY_SAPPHIRE_MAP1,land_mons,TAILLOW
272,Rei-Momo,normal/fire,449,MAP_ROUTE113,land_mons,ARON
272,Rei-Momo,normal/fire,449,MAP_ROUTE113,land_mons,ARON
274,Reisado,fairy/normal,448,MAP_VICTORY_ROAD_B2F,land_mons,SUNKERN
274,Reisado,fairy/normal,448,MAP_VICTORY_ROAD_B2F,land_mons,SUNKERN
275,Frevinho,fighting/fire,444,MAP_MAGMA_HIDEOUT_2F_1R,land_mons,DUNSPARCE
275,Frevinho,fighting/fire,444,MAP_MAGMA_HIDEOUT_2F_1R,land_mons,DUNSPARCE
277,Congada,fighting/fire,448,MAP_MAGMA_HIDEOUT_3F_1R,land_mons,LEDIAN
277,Congada,fighting/fire,448,MAP_MAGMA_HIDEOUT_3F_1R,land_mons,LEDIAN
279,Onçuma,dark/ghost,605,MAP_FIERY_PATH,land_mons,SQUIRTLE
279,Onçuma,dark/ghost,605,MAP_FIERY_PATH,land_mons,SQUIRTLE
280,Sucuriaçu,water/dragon,607,MAP_SAFARI_ZONE_NORTHWEST,water_mons,CLAYDOL
280,Sucuriaçu,water/dragon,607,MAP_ABANDONED_SHIP_ROOMS_B1F,fishing_mons,SURSKIT
281,Pirarumbá,water/dragon,603,MAP_ABANDONED_SHIP_ROOMS_B1F,fishing_mons,SURSKIT
281,Pirarumbá,water/dragon,603,MAP_ABANDONED_SHIP_HIDDEN_FLOOR_CORRIDORS,fishing_mons,SURSKIT
282,Draguará-Alfa,fire/dragon,605,MAP_MAGMA_HIDEOUT_1F,land_mons,SQUIRTLE
282,Draguará-Alfa,fire/dragon,605,MAP_MAGMA_HIDEOUT_2F_1R,land_mons,SQUIRTLE
284,Petropico-Ancião,grass/rock,604,MAP_ROUTE119,land_mons,LUVDISC
284,Petropico-Ancião,grass/rock,604,MAP_ROUTE119,land_mons,LUVDISC
285,Boitatá-Puro,fire/dragon,606,MAP_MAGMA_HIDEOUT_2F_2R,land_mons,SQUIRTLE
285,Boitatá-Puro,fire/dragon,606,MAP_MAGMA_HIDEOUT_3F_1R,land_mons,SQUIRTLE
287,Curupira-Rei,grass/fairy,604,MAP_SAFARI_ZONE_SOUTHEAST,land_mons,RELICANTH
287,Curupira-Rei,grass/fairy,604,MAP_ALTERING_CAVE,land_mons,SALAMENCE
288,Saci-Rei,dark/fairy,606,MAP_VICTORY_ROAD_B1F,land_mons,CLAMPERL
288,Saci-Rei,dark/fairy,606,MAP_VICTORY_ROAD_B1F,land_mons,CLAMPERL
289,Anhangaú,ghost/grass,603,MAP_MAGMA_HIDEOUT_3F_2R,land_mons,SQUIRTLE
289,Anhangaú,ghost/grass,603,MAP_MAGMA_HIDEOUT_4F,land_mons,SQUIRTLE
290,Muirá-Kytã,grass/fairy,605,MAP_ALTERING_CAVE,land_mons,SALAMENCE
290,Muirá-Kytã,grass/fairy,605,MAP_ALTERING_CAVE,land_mons,SALAMENCE
291,Cobra-Norato,water/dragon,607,MAP_ABANDONED_SHIP_HIDDEN_FLOOR_CORRIDORS,fishing_mons,SURSKIT
291,Cobra-Norato,water/dragon,607,MAP_SOOTOPOLIS_CITY,fishing_mons,DODUO
292,Mapinguari,grass/fighting,603,MAP_MAGMA_HIDEOUT_3F_3R,land_mons,SQUIRTLE
292,Mapinguari,grass/fighting,603,MAP_MAGMA_HIDEOUT_2F_3R,land_mons,SQUIRTLE
293,Ipupiara,water/dark,605,MAP_SOOTOPOLIS_CITY,fishing_mons,DODUO
293,Ipupiara,water/dark,605,MAP_UNDERWATER_ROUTE126,water_mons,PARASECT
294,Uirapuru,flying/fairy,607,MAP_VICTORY_ROAD_1F,land_mons,CLAMPERL
294,Uirapuru,flying/fairy,607,MAP_ALTERING_CAVE,land_mons,SALAMENCE
295,Muiraquitã,rock/fairy,604,MAP_SAFARI_ZONE_NORTHEAST,rock_smash_mons,SALAMENCE
295,Muiraquitã,rock/fairy,604,MAP_SAFARI_ZONE_NORTHEAST,rock_smash_mons,SALAMENCE
296,Amazona,fighting/fairy,606,MAP_ALTERING_CAVE,land_mons,SALAMENCE
296,Amazona,fighting/fairy,606,MAP_ALTERING_CAVE,land_mons,SALAMENCE
297,Corcovado-Ancião,rock/dragon,602,MAP_SAFARI_ZONE_NORTHEAST,rock_smash_mons,SALAMENCE
297,Corcovado-Ancião,rock/dragon,602,MAP_SAFARI_ZONE_NORTHEAST,rock_smash_mons,SALAMENCE
302,Baratão,bug/flying,449,MAP_SHOAL_CAVE_LOW_TIDE_ICE_ROOM,land_mons,FEEBAS
302,Baratão,bug/flying,449,MAP_SHOAL_CAVE_LOW_TIDE_ICE_ROOM,land_mons,MAWILE
306,Perereca,water/poison,446,MAP_NEW_MAUVILLE_ENTRANCE,land_mons,WAILMER
306,Perereca,water/poison,446,MAP_NEW_MAUVILLE_ENTRANCE,land_mons,WAILMER
307,Lagartixa,normal/psychic,448,MAP_ROUTE113,land_mons,ARON
307,Lagartixa,normal/psychic,448,MAP_ROUTE113,land_mons,ARON
308,Traça-Papel,bug/psychic,444,MAP_ROUTE112,land_mons,NUMEL
308,Traça-Papel,bug/psychic,444,MAP_ROUTE112,land_mons,NUMEL
309,Poeirão,ground/dark,446,MAP_CAVE_OF_ORIGIN_UNUSED_RUBY_SAPPHIRE_MAP1,land_mons,TAILLOW
309,Poeirão,ground/dark,446,MAP_CAVE_OF_ORIGIN_UNUSED_RUBY_SAPPHIRE_MAP2,land_mons,TAILLOW
312,Óleoso,poison/water,447,MAP_NEW_MAUVILLE_ENTRANCE,land_mons,WAILMER
312,Óleoso,poison/water,447,MAP_NEW_MAUVILLE_ENTRANCE,land_mons,WAILMER
313,Lixão,poison/ground,287,MAP_GRANITE_CAVE_B1F,land_mons,LICKITUNG
313,Lixão,poison/ground,287,MAP_GRANITE_CAVE_B1F,land_mons,SNEASEL
315,Bituca,fire/poison,447,MAP_CAVE_OF_ORIGIN_UNUSED_RUBY_SAPPHIRE_MAP2,land_mons,TAILLOW
315,Bituca,fire/poison,447,MAP_CAVE_OF_ORIGIN_UNUSED_RUBY_SAPPHIRE_MAP3,land_mons,TAILLOW
326,Sinal,electric/psychic,447,MAP_NEW_MAUVILLE_ENTRANCE,land_mons,WAILMER
326,Sinal,electric/psychic,447,MAP_VICTORY_ROAD_B2F,land_mons,TAILLOW
327,Poste,steel/electric,449,MAP_VICTORY_ROAD_B2F,land_mons,FEEBAS
327,Poste,steel/electric,449,MAP_VICTORY_ROAD_B2F,land_mons,FEEBAS
328,Grafiteiro,dark/fairy,446,MAP_CAVE_OF_ORIGIN_UNUSED_RUBY_SAPPHIRE_MAP3,land_mons,TAILLOW
328,Grafiteiro,dark/fairy,446,MAP_VICTORY_ROAD_B2F,land_mons,TAILLOW
329,Guaraciana,fire/fairy,606,MAP_ALTERING_CAVE,land_mons,SALAMENCE
329,Guaraciana,fire/fairy,606,MAP_ALTERING_CAVE,land_mons,SALAMENCE
330,Jaciana,fairy/water,602,MAP_UNDERWATER_ROUTE124,water_mons,PARASECT
330,Jaciana,fairy/water,602,MAP_ALTERING_CAVE,land_mons,SALAMENCE
331,Tupanaú,electric/dragon,604,MAP_ALTERING_CAVE,land_mons,SALAMENCE
331,Tupanaú,electric/dragon,604,MAP_ALTERING_CAVE,land_mons,SALAMENCE
332,Iaraú,water/fairy,606,MAP_METEOR_FALLS_B1F_2R,fishing_mons,SEALEO
332,Iaraú,water/fairy,606,MAP_METEOR_FALLS_B1F_2R,fishing_mons,SEALEO
333,Kuarahy,fire/psychic,603,MAP_ALTERING_CAVE,land_mons,RELICANTH
333,Kuarahy,fire/psychic,603,MAP_ALTERING_CAVE,land_mons,RELICANTH
334,Yasy,fairy/dark,605,MAP_ALTERING_CAVE,land_mons,RELICANTH
334,Yasy,fairy/dark,605,MAP_ALTERING_CAVE,land_mons,RELICANTH
335,Rudarauna,fairy/psychic,607,MAP_ALTERING_CAVE,land_mons,RELICANTH
335,Rudarauna,fairy/psychic,607,MAP_ALTERING_CAVE,land_mons,RELICANTH
336,Perybé,water/psychic,603,MAP_SEAFLOOR_CAVERN_ROOM6,water_mons,FEEBAS
336,Perybé,water/psychic,603,MAP_SEAFLOOR_CAVERN_ROOM7,water_mons,FEEBAS
337,Arauanaú,fairy/dragon,605,MAP_ALTERING_CAVE,land_mons,RELICANTH
337,Arauanaú,fairy/dragon,605,MAP_ALTERING_CAVE,land_mons,RELICANTH
338,Verdejante,grass/dragon,607,MAP_ALTERING_CAVE,land_mons,RELICANTH
338,Verdejante,grass/dragon,607,MAP_ALTERING_CAVE,land_mons,RELICANTH
339,Chuvão,water/electric,604,MAP_VICTORY_ROAD_B2F,fishing_mons,SEALEO
339,Chuvão,water/electric,604,MAP_VICTORY_ROAD_B2F,fishing_mons,SEALEO
340,Solzão,fire/ground,606,MAP_MAGMA_HIDEOUT_3F_1R,land_mons,LEDIAN
340,Solzão,fire/ground,606,MAP_MAGMA_HIDEOUT_3F_2R,land_mons,LEDIAN
341,Ventania,flying/dragon,602,MAP_ALTERING_CAVE,land_mons,RELICANTH
341,Ventania,flying/dragon,602,MAP_ROUTE113,land_mons,METAPOD
342,Terraão,ground/rock,604,MAP_MAGMA_HIDEOUT_3F_2R,land_mons,LEDIAN
342,Terraão,ground/rock,604,MAP_MAGMA_HIDEOUT_3F_2R,land_mons,LEDIAN
343,Fogaréu,fire/dragon,606,MAP_MAGMA_HIDEOUT_3F_2R,land_mons,LEDIAN
343,Fogaréu,fire/dragon,606,MAP_MAGMA_HIDEOUT_4F,land_mons,LEDIAN
346,Poente,dark/fire,607,MAP_CAVE_OF_ORIGIN_UNUSED_RUBY_SAPPHIRE_MAP1,land_mons,FEEBAS
346,Poente,dark/fire,607,MAP_CAVE_OF_ORIGIN_UNUSED_RUBY_SAPPHIRE_MAP1,land_mons,FEEBAS
348,Arauanamon,dragon/fairy,650,MAP_CAVE_OF_ORIGIN_UNUSED_RUBY_SAPPHIRE_MAP1,land_mons,FEEBAS
348,Arauanamon,dragon/fairy,650,MAP_CAVE_OF_ORIGIN_UNUSED_RUBY_SAPPHIRE_MAP2,land_mons,FEEBAS
350,Bugio,normal/dark,446,MAP_SHOAL_CAVE_LOW_TIDE_ICE_ROOM,land_mons,MAWILE
350,Bugio,normal/dark,446,MAP_ALTERING_CAVE,land_mons,POLIWAG
354,Preazinho,normal,328,MAP_DESERT_UNDERPASS,land_mons,CHARMELEON
354,Preazinho,normal,328,MAP_DESERT_UNDERPASS,land_mons,CHARMELEON
365,Cambota,fighting/normal,485,MAP_METEOR_FALLS_B1F_2R,land_mons,FEEBAS
365,Cambota,fighting/normal,485,MAP_SEAFLOOR_CAVERN_ROOM1,land_mons,FEEBAS
367,Atabaque,fighting/ground,495,MAP_MAGMA_HIDEOUT_4F,land_mons,LEDIAN
367,Atabaque,fighting/ground,495,MAP_MAGMA_HIDEOUT_4F,land_mons,LEDIAN
368,Pandeirim,fairy/normal,460,MAP_CAVE_OF_ORIGIN_UNUSED_RUBY_SAPPHIRE_MAP2,land_mons,FEEBAS
368,Pandeirim,fairy/normal,460,MAP_CAVE_OF_ORIGIN_UNUSED_RUBY_SAPPHIRE_MAP2,land_mons,FEEBAS
371,Zabumba,ground/fighting,515,MAP_MAGMA_HIDEOUT_4F,land_mons,LEDIAN
371,Zabumba,ground/fighting,515,MAP_MAGMA_HIDEOUT_3F_3R,land_mons,LEDIAN
372,Cordelim,psychic/fairy,485,MAP_CAVE_OF_ORIGIN_UNUSED_RUBY_SAPPHIRE_MAP3,land_mons,FEEBAS
372,Cordelim,psychic/fairy,485,MAP_CAVE_OF_ORIGIN_UNUSED_RUBY_SAPPHIRE_MAP3,land_mons,FEEBAS
376,Boitatã,fire/dragon,650,MAP_MAGMA_HIDEOUT_3F_3R,land_mons,LEDIAN
376,Boitatã,fire/dragon,650,MAP_MAGMA_HIDEOUT_3F_3R,land_mons,LEDIAN
380,Selenê,dark/psychic,670,MAP_ROUTE112,land_mons,NUMEL
380,Selenê,dark/psychic,670,MAP_ROUTE112,land_mons,NUMEL
381,Zumbi-Rei,fighting/dark,655,MAP_CAVE_OF_ORIGIN_UNUSED_RUBY_SAPPHIRE_MAP3,land_mons,FEEBAS
381,Zumbi-Rei,fighting/dark,655,MAP_SHOAL_CAVE_LOW_TIDE_STAIRS_ROOM,land_mons,FEEBAS
385,Sacinho,dark/fairy,650,MAP_SHOAL_CAVE_LOW_TIDE_LOWER_ROOM,land_mons,FEEBAS
385,Sacinho,dark/fairy,650,MAP_SHOAL_CAVE_LOW_TIDE_INNER_ROOM,land_mons,FEEBAS
386,Arauá,dragon/psychic,720,MAP_ROUTE112,land_mons,NUMEL
386,Arauá,dragon/psychic,720,MAP_GRANITE_CAVE_STEVENS_ROOM,land_mons,SUNFLORA
