dex,name,types,status,productionMethod,referenceStatus,frontPicBox,backPicBox,iconPalIndex,visibleColors,animation,shiny
1,Caramelo,fire,integrated,hand-prepared-approved,available,56/54,56/56,3,15,two-frame-idle-lift,type-directed-palette
2,Caramelão,fire,integrated,hand-prepared-approved,available,60/56,60/56,3,15,two-frame-idle-lift,type-directed-palette
3,Draguará,fire/dragon,integrated,hand-prepared-approved,available,60/60,60/60,3,15,two-frame-idle-lift,type-directed-palette
4,Querô,water,integrated,hand-prepared-approved,available,48/56,48/56,2,15,two-frame-idle-lift,type-directed-palette
5,Queribela,water/bug,integrated,hand-prepared-approved,available,60/60,60/60,2,15,two-frame-idle-lift,type-directed-palette
6,Terolibra,water/bug,integrated,hand-prepared-approved,available,62/60,62/60,4,15,two-frame-idle-lift,type-directed-palette
7,Pimpau,grass,integrated,hand-prepared-approved,available,54/54,52/56,5,15,two-frame-idle-lift,type-directed-palette
8,Bicopau,grass,integrated,hand-prepared-approved,available,54/58,54/58,1,15,two-frame-idle-lift,type-directed-palette
9,Petropico,grass/rock,integrated,hand-prepared-approved,available,58/60,58/60,5,15,two-frame-idle-lift,type-directed-palette
10,Formilim,bug,integrated,reference-front-plus-reconstructed-back,available,58/58,58/58,5,15,two-frame-idle-lift,type-directed-palette
11,Saúvarco,bug/ground,integrated,reference-front-plus-reconstructed-back,available,58/58,58/58,5,15,two-frame-idle-lift,type-directed-palette
12,Capivim,water/normal,integrated,reference-front-plus-reconstructed-back,available,58/58,58/58,4,15,two-frame-idle-lift,type-directed-palette
13,Tucanhão,flying/grass,integrated,reference-front-plus-reconstructed-back,available,58/58,58/58,5,15,two-frame-idle-lift,type-directed-palette
14,Sagüim,normal,integrated,reference-front-plus-reconstructed-back,available,58/58,58/58,2,15,two-frame-idle-lift,type-directed-palette
15,Micuiras,normal/psychic,integrated,reference-front-plus-reconstructed-back,available,58/58,58/58,3,15,two-frame-idle-lift,type-directed-palette
16,Boitatá,fire/ghost,integrated,reference-front-plus-reconstructed-back,available,58/58,58/58,3,15,two-frame-idle-lift,type-directed-palette
17,Curupim,grass/fairy,integrated,reference-front-plus-reconstructed-back,available,58/58,58/58,5,15,two-frame-idle-lift,type-directed-palette
18,Curupira,grass/fairy,integrated,reference-front-plus-reconstructed-back,available,58/58,58/58,5,15,two-frame-idle-lift,type-directed-palette
19,Iaraço,water/fairy,integrated,reference-front-plus-reconstructed-back,available,58/58,58/58,4,15,two-frame-idle-lift,type-directed-palette
20,Sacizinho,dark/flying,integrated,reference-front-plus-reconstructed-back,available,58/58,58/58,1,15,two-frame-idle-lift,type-directed-palette
21,Cactula,grass/poison,integrated,reference-front-plus-reconstructed-back,available,58/58,58/58,4,15,two-frame-idle-lift,type-directed-palette
22,Muriçoco,bug/poison,integrated,reference-front-plus-reconstructed-back,available,58/58,58/58,1,15,two-frame-idle-lift,type-directed-palette
23,Onçaléu,dark,integrated,reference-front-plus-reconstructed-back,available,58/58,58/58,5,15,two-frame-idle-lift,type-directed-palette
24,Tamanduá,ground/steel,integrated,reference-front-plus-reconstructed-back,available,58/58,58/58,3,15,two-frame-idle-lift,type-directed-palette
25,Botim,water,integrated,reference-front-plus-reconstructed-back,available,58/58,58/58,0,15,two-frame-idle-lift,type-directed-palette
26,Botão,water/psychic,integrated,reference-front-plus-reconstructed-back,available,58/58,58/58,0,15,two-frame-idle-lift,type-directed-palette
27,Botogaláu,water/psychic,integrated,reference-front-plus-reconstructed-back,available,58/58,58/58,0,15,two-frame-idle-lift,type-directed-palette
28,Tatuim,ground,integrated,reference-front-plus-reconstructed-back,available,58/58,58/58,2,15,two-frame-idle-lift,type-directed-palette
29,Tatubola,ground/steel,integrated,reference-front-plus-reconstructed-back,available,58/58,58/58,1,15,two-frame-idle-lift,type-directed-palette
30,Tatuçu,ground/steel,integrated,reference-front-plus-reconstructed-back,available,58/58,58/58,2,15,two-frame-idle-lift,type-directed-palette
31,Ararinha,flying,integrated,reference-front-plus-reconstructed-back,available,58/58,58/58,0,15,two-frame-idle-lift,type-directed-palette
32,Arará,flying/fire,integrated,reference-front-plus-reconstructed-back,available,58/58,58/58,1,15,two-frame-idle-lift,type-directed-palette
33,Araracanga,flying/fire,integrated,reference-front-plus-reconstructed-back,available,58/58,58/58,1,15,two-frame-idle-lift,type-directed-palette
34,Jacarim,water,integrated,reference-front-plus-reconstructed-back,available,58/58,58/58,3,15,two-frame-idle-lift,type-directed-palette
35,Jacarão,water/dark,integrated,reference-front-plus-reconstructed-back,available,58/58,58/58,5,15,two-frame-idle-lift,type-directed-palette
36,Jacarodon,water/dragon,integrated,reference-front-plus-reconstructed-back,available,58/58,58/58,5,15,two-frame-idle-lift,type-directed-palette
37,Preguicim,grass,integrated,reference-front-plus-reconstructed-back,available,58/58,58/58,1,15,two-frame-idle-lift,type-directed-palette
38,Preguicão,grass/psychic,integrated,reference-front-plus-reconstructed-back,available,58/58,58/58,1,15,two-frame-idle-lift,type-directed-palette
39,Bicho-Preguiça,grass/psychic,integrated,reference-front-plus-reconstructed-back,available,58/58,58/58,1,15,two-frame-idle-lift,type-directed-palette
40,Papaguim,flying,integrated,reference-front-plus-reconstructed-back,available,58/58,58/58,4,15,two-frame-idle-lift,type-directed-palette
41,Papagaio,flying/psychic,integrated,reference-front-plus-reconstructed-back,available,58/58,58/58,4,15,two-frame-idle-lift,type-directed-palette
42,Papagaião,flying/psychic,integrated,reference-front-plus-reconstructed-back,available,58/58,58/58,5,15,two-frame-idle-lift,type-directed-palette
43,Antinha,normal,integrated,reference-front-plus-reconstructed-back,available,58/58,58/58,2,15,two-frame-idle-lift,type-directed-palette
44,Anta,normal/water,integrated,reference-front-plus-reconstructed-back,available,58/58,58/58,3,15,two-frame-idle-lift,type-directed-palette
45,Antaraú,normal/water,integrated,reference-front-plus-reconstructed-back,available,58/58,58/58,3,15,two-frame-idle-lift,type-directed-palette
46,Sucurim,water/poison,integrated,reference-front-plus-reconstructed-back,available,58/58,58/58,1,15,two-frame-idle-lift,type-directed-palette
47,Sucuri,water/poison,integrated,reference-front-plus-reconstructed-back,available,58/58,58/58,3,15,two-frame-idle-lift,type-directed-palette
48,Boiuna,water/dragon,integrated,reference-front-plus-reconstructed-back,available,58/58,58/58,3,15,two-frame-idle-lift,type-directed-palette
49,Borbolim,bug,integrated,reference-front-plus-reconstructed-back,available,58/58,58/58,5,15,two-frame-idle-lift,type-directed-palette
50,Casulete,bug,integrated,reference-front-plus-reconstructed-back,available,58/58,58/58,4,15,two-frame-idle-lift,type-directed-palette
51,Morphália,bug/fairy,integrated,reference-front-plus-reconstructed-back,available,58/58,58/58,0,15,two-frame-idle-lift,type-directed-palette
52,Guaracim,fire,integrated,reference-front-plus-reconstructed-back,available,58/58,58/58,3,15,two-frame-idle-lift,type-directed-palette
53,Guará,fire/normal,integrated,reference-front-plus-reconstructed-back,available,58/58,58/58,5,15,two-frame-idle-lift,type-directed-palette
54,Guaraflama,fire/ghost,integrated,reference-front-plus-reconstructed-back,available,58/58,58/58,0,15,two-frame-idle-lift,type-directed-palette
55,Peixim,water,integrated,reference-front-plus-reconstructed-back,available,58/58,58/58,3,15,two-frame-idle-lift,type-directed-palette
56,Peixeboi,water,integrated,reference-front-plus-reconstructed-back,available,58/58,58/58,5,15,two-frame-idle-lift,type-directed-palette
57,Mãe-d'Água,water/fairy,integrated,reference-front-plus-reconstructed-back,available,58/58,58/58,4,15,two-frame-idle-lift,type-directed-palette
58,Mandim,water,integrated,reference-front-plus-reconstructed-back,available,58/58,58/58,3,15,two-frame-idle-lift,type-directed-palette
59,Mandí,water/poison,integrated,reference-front-plus-reconstructed-back,available,58/58,58/58,0,15,two-frame-idle-lift,type-directed-palette
60,Mandubé,water/dark,integrated,reference-front-plus-reconstructed-back,available,58/58,58/58,1,15,two-frame-idle-lift,type-directed-palette
61,Preguim,normal,integrated,reference-front-plus-reconstructed-back,available,58/58,58/58,5,15,two-frame-idle-lift,type-directed-palette
62,Prego,fighting/normal,integrated,reference-front-plus-reconstructed-back,available,58/58,58/58,2,15,two-frame-idle-lift,type-directed-palette
63,Pregarcanjo,fighting/psychic,integrated,reference-front-plus-reconstructed-back,available,58/58,58/58,2,15,two-frame-idle-lift,type-directed-palette
64,Aranin,bug,integrated,reference-front-plus-reconstructed-back,available,58/58,58/58,2,15,two-frame-idle-lift,type-directed-palette
65,Caraninha,bug/poison,integrated,reference-front-plus-reconstructed-back,available,58/58,58/58,5,15,two-frame-idle-lift,type-directed-palette
66,Caranga,bug/poison,integrated,reference-front-plus-reconstructed-back,available,58/58,58/58,5,15,two-frame-idle-lift,type-directed-palette
67,Gatim,normal,integrated,reference-front-plus-reconstructed-back,available,58/58,58/58,3,15,two-frame-idle-lift,type-directed-palette
68,Gato-do-mato,normal/dark,integrated,reference-front-plus-reconstructed-back,available,58/58,58/58,1,15,two-frame-idle-lift,type-directed-palette
69,Jaguatirica,dark/normal,integrated,reference-front-plus-reconstructed-back,available,58/58,58/58,2,15,two-frame-idle-lift,type-directed-palette
70,Cutim,normal,integrated,reference-front-plus-reconstructed-back,available,58/58,58/58,5,15,two-frame-idle-lift,type-directed-palette
71,Cutia,normal,integrated,reference-front-plus-reconstructed-back,available,58/58,58/58,5,15,two-frame-idle-lift,type-directed-palette
72,Paca,normal/dark,integrated,reference-front-plus-reconstructed-back,available,58/58,58/58,2,15,two-frame-idle-lift,type-directed-palette
73,Formigão,bug/fighting,integrated,reference-front-plus-reconstructed-back,available,58/58,58/58,1,15,two-frame-idle-lift,type-directed-palette
74,Marimbondo,bug/poison,integrated,reference-front-plus-reconstructed-back,available,58/58,58/58,3,15,two-frame-idle-lift,type-directed-palette
75,Abelhinha,bug/flying,integrated,reference-front-plus-reconstructed-back,available,58/58,58/58,3,15,two-frame-idle-lift,type-directed-palette
76,Quatim,normal,integrated,reference-front-plus-reconstructed-back,available,58/58,58/58,2,15,two-frame-idle-lift,type-directed-palette
77,Quati,normal/dark,integrated,reference-front-plus-reconstructed-back,available,58/58,58/58,3,15,two-frame-idle-lift,type-directed-palette
78,Coati,dark/ground,integrated,reference-front-plus-reconstructed-back,available,58/58,58/58,5,15,two-frame-idle-lift,type-directed-palette
79,Gambá,poison/normal,integrated,reference-front-plus-reconstructed-back,available,58/58,58/58,5,15,two-frame-idle-lift,type-directed-palette
80,Cangambá,poison/dark,integrated,reference-front-plus-reconstructed-back,available,58/58,58/58,2,15,two-frame-idle-lift,type-directed-palette
81,Sarué,poison/ghost,integrated,reference-front-plus-reconstructed-back,available,58/58,58/58,2,15,two-frame-idle-lift,type-directed-palette
82,Tuquinho,flying,integrated,reference-front-plus-reconstructed-back,available,58/58,58/58,3,15,two-frame-idle-lift,type-directed-palette
83,Aracari,flying/grass,integrated,reference-front-plus-reconstructed-back,available,58/58,58/58,1,15,two-frame-idle-lift,type-directed-palette
84,Curicaca,flying/normal,integrated,reference-front-plus-reconstructed-back,available,58/58,58/58,3,15,two-frame-idle-lift,type-directed-palette
85,Sapim,water,integrated,reference-front-plus-reconstructed-back,available,58/58,58/58,3,15,two-frame-idle-lift,type-directed-palette
86,Sapão,water/poison,integrated,reference-front-plus-reconstructed-back,available,58/58,58/58,2,15,two-frame-idle-lift,type-directed-palette
87,Cururu,poison/ground,integrated,reference-front-plus-reconstructed-back,available,58/58,58/58,2,15,two-frame-idle-lift,type-directed-palette
88,Teiuzim,normal,integrated,reference-front-plus-reconstructed-back,available,58/58,58/58,1,15,two-frame-idle-lift,type-directed-palette
89,Teiú,normal/dark,integrated,reference-front-plus-reconstructed-back,available,58/58,58/58,3,15,two-frame-idle-lift,type-directed-palette
90,Camaleão,normal/psychic,integrated,reference-front-plus-reconstructed-back,available,58/58,58/58,4,15,two-frame-idle-lift,type-directed-palette
91,Morcim,flying,integrated,reference-front-plus-reconstructed-back,available,58/58,58/58,5,15,two-frame-idle-lift,type-directed-palette
92,Morcego,flying/psychic,integrated,reference-front-plus-reconstructed-back,available,58/58,58/58,0,15,two-frame-idle-lift,type-directed-palette
93,Vampiro,flying/dark,integrated,reference-front-plus-reconstructed-back,available,58/58,58/58,5,15,two-frame-idle-lift,type-directed-palette
94,Piuiuim,flying,integrated,reference-front-plus-reconstructed-back,available,58/58,58/58,3,15,two-frame-idle-lift,type-directed-palette
95,Tuiuiú,flying/water,integrated,reference-front-plus-reconstructed-back,available,58/58,58/58,3,15,two-frame-idle-lift,type-directed-palette
96,Colhereiro,flying/fairy,integrated,reference-front-plus-reconstructed-back,available,58/58,58/58,3,15,two-frame-idle-lift,type-directed-palette
97,Mulinha,normal,integrated,reference-front-plus-reconstructed-back,available,58/58,58/58,2,15,two-frame-idle-lift,type-directed-palette
98,Mula,normal/fire,integrated,reference-front-plus-reconstructed-back,available,58/58,58/58,0,15,two-frame-idle-lift,type-directed-palette
99,Mula-sem-Cabeça,fire/ghost,integrated,reference-front-plus-reconstructed-back,available,58/58,58/58,0,15,two-frame-idle-lift,type-directed-palette
100,Corcovado,rock/dragon,integrated,reference-front-plus-reconstructed-back,available,58/58,58/58,5,15,two-frame-idle-lift,type-directed-palette
101,Cerválo,normal,integrated,reference-front-plus-reconstructed-back,available,58/58,58/58,3,15,two-frame-idle-lift,type-directed-palette
102,Catingueiro,normal/grass,integrated,reference-front-plus-reconstructed-back,available,58/58,58/58,5,15,two-frame-idle-lift,type-directed-palette
103,Suçuapara,normal/fighting,integrated,reference-front-plus-reconstructed-back,available,58/58,58/58,5,15,two-frame-idle-lift,type-directed-palette
104,Cabocim,water,integrated,reference-front-plus-reconstructed-back,available,58/58,58/58,3,15,two-frame-idle-lift,type-directed-palette
105,Caboclo,water/fighting,integrated,reference-front-plus-reconstructed-back,available,58/58,58/58,3,15,two-frame-idle-lift,type-directed-palette
106,Cangaço,dark/flying,integrated,reference-front-plus-reconstructed-back,available,58/58,58/58,5,15,two-frame-idle-lift,type-directed-palette
107,Xangô,electric/fighting,integrated,reference-front-plus-reconstructed-back,available,58/58,58/58,1,15,two-frame-idle-lift,type-directed-palette
108,Iemanjá,water/fairy,integrated,reference-front-plus-reconstructed-back,available,58/58,58/58,3,15,two-frame-idle-lift,type-directed-palette
109,Oxum,water/fairy,integrated,reference-front-plus-reconstructed-back,available,58/58,58/58,3,15,two-frame-idle-lift,type-directed-palette
110,Ogum,steel/fire,integrated,reference-front-plus-reconstructed-back,available,58/58,58/58,1,15,two-frame-idle-lift,type-directed-palette
111,Cavalim,normal,integrated,reference-front-plus-reconstructed-back,available,58/58,58/58,2,15,two-frame-idle-lift,type-directed-palette
112,Cavalgado,normal/fighting,integrated,reference-front-plus-reconstructed-back,available,58/58,58/58,3,15,two-frame-idle-lift,type-directed-palette
113,Zebuim,normal,integrated,reference-front-plus-reconstructed-back,available,58/58,58/58,0,15,two-frame-idle-lift,type-directed-palette
114,Zebu,normal/fighting,integrated,reference-front-plus-reconstructed-back,available,58/58,58/58,3,15,two-frame-idle-lift,type-directed-palette
115,Ovelhinha,normal/fairy,integrated,reference-front-plus-reconstructed-back,available,58/58,58/58,3,15,two-frame-idle-lift,type-directed-palette
116,Cabrita,normal/rock,integrated,reference-front-plus-reconstructed-back,available,58/58,58/58,5,15,two-frame-idle-lift,type-directed-palette
117,Chocalhão,poison,integrated,reference-front-plus-reconstructed-back,available,58/58,58/58,5,15,two-frame-idle-lift,type-directed-palette
118,Cascavelim,poison,integrated,reference-front-plus-reconstructed-back,available,58/58,58/58,5,15,two-frame-idle-lift,type-directed-palette
119,Cascavão,poison/dark,integrated,reference-front-plus-reconstructed-back,available,58/58,58/58,0,15,two-frame-idle-lift,type-directed-palette
120,Jararaca,poison/grass,integrated,reference-front-plus-reconstructed-back,available,58/58,58/58,4,15,two-frame-idle-lift,type-directed-palette
121,Pirarim,water,integrated,reference-front-plus-reconstructed-back,available,58/58,58/58,2,15,two-frame-idle-lift,type-directed-palette
122,Pirarucu,water/dragon,integrated,reference-front-plus-reconstructed-back,available,58/58,58/58,5,15,two-frame-idle-lift,type-directed-palette
123,Piranha,water/dark,integrated,reference-front-plus-reconstructed-back,available,58/58,58/58,0,15,two-frame-idle-lift,type-directed-palette
124,Tambaqui,water/normal,integrated,reference-front-plus-reconstructed-back,available,58/58,58/58,3,15,two-frame-idle-lift,type-directed-palette
125,Aruanã,water/flying,integrated,reference-front-plus-reconstructed-back,available,58/58,58/58,0,15,two-frame-idle-lift,type-directed-palette
126,Poraquê,electric/water,integrated,reference-front-plus-reconstructed-back,available,58/58,58/58,2,15,two-frame-idle-lift,type-directed-palette
127,Curimbatá,water/ground,integrated,reference-front-plus-reconstructed-back,available,58/58,58/58,3,15,two-frame-idle-lift,type-directed-palette
128,Traíra,water/dark,integrated,reference-front-plus-reconstructed-back,available,58/58,58/58,1,15,two-frame-idle-lift,type-directed-palette
129,Dourado,water/fighting,integrated,reference-front-plus-reconstructed-back,available,58/58,58/58,3,15,two-frame-idle-lift,type-directed-palette
130,Tucunaré,water/dark,integrated,reference-front-plus-reconstructed-back,available,58/58,58/58,5,15,two-frame-idle-lift,type-directed-palette
131,Pacu,water/grass,integrated,reference-front-plus-reconstructed-back,available,58/58,58/58,5,15,two-frame-idle-lift,type-directed-palette
132,Matrinxã,water/normal,integrated,reference-front-plus-reconstructed-back,available,58/58,58/58,2,15,two-frame-idle-lift,type-directed-palette
133,Piau,water/normal,integrated,reference-front-plus-reconstructed-back,available,58/58,58/58,3,15,two-frame-idle-lift,type-directed-palette
134,Cascudo,water/rock,integrated,reference-front-plus-reconstructed-back,available,58/58,58/58,2,15,two-frame-idle-lift,type-directed-palette
135,Acará,water/psychic,integrated,reference-front-plus-reconstructed-back,available,58/58,58/58,3,15,two-frame-idle-lift,type-directed-palette
136,Vagalumim,bug/electric,integrated,reference-front-plus-reconstructed-back,available,58/58,58/58,0,15,two-frame-idle-lift,type-directed-palette
137,Vagalume,bug/electric,integrated,reference-front-plus-reconstructed-back,available,58/58,58/58,5,15,two-frame-idle-lift,type-directed-palette
138,Cigarrinho,bug,integrated,reference-front-plus-reconstructed-back,available,58/58,58/58,5,15,two-frame-idle-lift,type-directed-palette
139,Cigarrão,bug/flying,integrated,reference-front-plus-reconstructed-back,available,58/58,58/58,1,15,two-frame-idle-lift,type-directed-palette
140,Louvadinha,bug,integrated,reference-front-plus-reconstructed-back,available,58/58,58/58,1,15,two-frame-idle-lift,type-directed-palette
141,Louvadeus,bug/psychic,integrated,reference-front-plus-reconstructed-back,available,58/58,58/58,1,15,two-frame-idle-lift,type-directed-palette
142,Escorpim,poison,integrated,reference-front-plus-reconstructed-back,available,58/58,58/58,3,15,two-frame-idle-lift,type-directed-palette
143,Escorpião,poison/dark,integrated,reference-front-plus-reconstructed-back,available,58/58,58/58,1,15,two-frame-idle-lift,type-directed-palette
144,Caramulão,bug/water,integrated,reference-front-plus-reconstructed-back,available,58/58,58/58,5,15,two-frame-idle-lift,type-directed-palette
145,Piolhão,bug/poison,integrated,reference-front-plus-reconstructed-back,available,58/58,58/58,0,15,two-frame-idle-lift,type-directed-palette
146,Barata,bug/dark,integrated,reference-front-plus-reconstructed-back,available,58/58,58/58,5,15,two-frame-idle-lift,type-directed-palette
147,Grilim,bug,integrated,reference-front-plus-reconstructed-back,available,58/58,58/58,1,15,two-frame-idle-lift,type-directed-palette
148,Grilão,bug/normal,integrated,reference-front-plus-reconstructed-back,available,58/58,58/58,0,15,two-frame-idle-lift,type-directed-palette
149,Aranhão,bug/poison,integrated,reference-front-plus-reconstructed-back,available,58/58,58/58,1,15,two-frame-idle-lift,type-directed-palette
150,Vespão,bug/flying,integrated,reference-front-plus-reconstructed-back,available,58/58,58/58,0,15,two-frame-idle-lift,type-directed-palette
151,Marimbondão,bug/poison,integrated,reference-front-plus-reconstructed-back,available,58/58,58/58,0,15,two-frame-idle-lift,type-directed-palette
152,Traça,bug/normal,integrated,reference-front-plus-reconstructed-back,available,58/58,58/58,3,15,two-frame-idle-lift,type-directed-palette
153,Corupião,bug/ground,integrated,reference-front-plus-reconstructed-back,available,58/58,58/58,3,15,two-frame-idle-lift,type-directed-palette
154,Cupinzim,bug/ground,integrated,reference-front-plus-reconstructed-back,available,58/58,58/58,4,15,two-frame-idle-lift,type-directed-palette
155,Formigão-Preto,bug/dark,integrated,reference-front-plus-reconstructed-back,available,58/58,58/58,1,15,two-frame-idle-lift,type-directed-palette
156,Beija-flor,flying/fairy,integrated,reference-front-plus-reconstructed-back,available,58/58,58/58,0,15,two-frame-idle-lift,type-directed-palette
157,Sabiá,flying/normal,integrated,reference-front-plus-reconstructed-back,available,58/58,58/58,5,15,two-frame-idle-lift,type-directed-palette
158,Bem-te-vi,flying/normal,integrated,reference-front-plus-reconstructed-back,available,58/58,58/58,3,15,two-frame-idle-lift,type-directed-palette
159,Urutau,flying/ghost,integrated,reference-front-plus-reconstructed-back,available,58/58,58/58,3,15,two-frame-idle-lift,type-directed-palette
160,Carcará,flying/dark,integrated,reference-front-plus-reconstructed-back,available,58/58,58/58,1,15,two-frame-idle-lift,type-directed-palette
161,Gavião,flying/fighting,integrated,reference-front-plus-reconstructed-back,available,58/58,58/58,5,15,two-frame-idle-lift,type-directed-palette
162,Urubu,flying/dark,integrated,reference-front-plus-reconstructed-back,available,58/58,58/58,3,15,two-frame-idle-lift,type-directed-palette
163,Corurupim,flying/psychic,integrated,reference-front-plus-reconstructed-back,available,58/58,58/58,3,15,two-frame-idle-lift,type-directed-palette
164,Coruja,flying/psychic,integrated,reference-front-plus-reconstructed-back,available,58/58,58/58,5,15,two-frame-idle-lift,type-directed-palette
165,Jaburu,flying/water,integrated,reference-front-plus-reconstructed-back,available,58/58,58/58,3,15,two-frame-idle-lift,type-directed-palette
166,Ema,normal/flying,integrated,reference-front-plus-reconstructed-back,available,58/58,58/58,0,15,two-frame-idle-lift,type-directed-palette
167,Seriema,flying/fighting,integrated,reference-front-plus-reconstructed-back,available,58/58,58/58,1,15,two-frame-idle-lift,type-directed-palette
168,Anú,flying/dark,integrated,reference-front-plus-reconstructed-back,available,58/58,58/58,5,15,two-frame-idle-lift,type-directed-palette
169,Trinca-Ferro,flying/steel,integrated,reference-front-plus-reconstructed-back,available,58/58,58/58,5,15,two-frame-idle-lift,type-directed-palette
170,Curió,flying/normal,integrated,reference-front-plus-reconstructed-back,available,58/58,58/58,5,15,two-frame-idle-lift,type-directed-palette
171,Sanhaço,flying/fairy,integrated,reference-front-plus-reconstructed-back,available,58/58,58/58,0,15,two-frame-idle-lift,type-directed-palette
172,Papa-Formiga,flying/bug,integrated,reference-front-plus-reconstructed-back,available,58/58,58/58,5,15,two-frame-idle-lift,type-directed-palette
173,Choca,flying/normal,integrated,reference-front-plus-reconstructed-back,available,58/58,58/58,3,15,two-frame-idle-lift,type-directed-palette
174,Bacurau,flying/dark,integrated,reference-front-plus-reconstructed-back,available,58/58,58/58,5,15,two-frame-idle-lift,type-directed-palette
175,João-de-Barro,flying/ground,integrated,reference-front-plus-reconstructed-back,available,58/58,58/58,5,15,two-frame-idle-lift,type-directed-palette
176,Sementim,grass,integrated,reference-front-plus-reconstructed-back,available,58/58,58/58,1,15,two-frame-idle-lift,type-directed-palette
177,Muda,grass,integrated,reference-front-plus-reconstructed-back,available,58/58,58/58,1,15,two-frame-idle-lift,type-directed-palette
178,Jequitibá,grass/rock,integrated,reference-front-plus-reconstructed-back,available,58/58,58/58,5,15,two-frame-idle-lift,type-directed-palette
179,Bromelinha,grass/water,integrated,reference-front-plus-reconstructed-back,available,58/58,58/58,0,15,two-frame-idle-lift,type-directed-palette
180,Orquidina,grass/fairy,integrated,reference-front-plus-reconstructed-back,available,58/58,58/58,4,15,two-frame-idle-lift,type-directed-palette
181,Vitóriarégia,grass/water,integrated,reference-front-plus-reconstructed-back,available,58/58,58/58,4,15,two-frame-idle-lift,type-directed-palette
182,Ipê,grass/fairy,integrated,reference-front-plus-reconstructed-back,available,58/58,58/58,1,15,two-frame-idle-lift,type-directed-palette
183,Cipó,grass/poison,integrated,reference-front-plus-reconstructed-back,available,58/58,58/58,5,15,two-frame-idle-lift,type-directed-palette
184,Palmito,grass/fighting,integrated,reference-front-plus-reconstructed-back,available,58/58,58/58,4,15,two-frame-idle-lift,type-directed-palette
185,Babaçu,grass/ground,integrated,reference-front-plus-reconstructed-back,available,58/58,58/58,4,15,two-frame-idle-lift,type-directed-palette
186,Buriti,grass/water,integrated,reference-front-plus-reconstructed-back,available,58/58,58/58,5,15,two-frame-idle-lift,type-directed-palette
187,Cajuzim,grass,integrated,reference-front-plus-reconstructed-back,available,58/58,58/58,5,15,two-frame-idle-lift,type-directed-palette
188,Cajueiro,grass/fire,integrated,reference-front-plus-reconstructed-back,available,58/58,58/58,4,15,two-frame-idle-lift,type-directed-palette
189,Açaí,grass/dark,integrated,reference-front-plus-reconstructed-back,available,58/58,58/58,1,15,two-frame-idle-lift,type-directed-palette
190,Cacauim,grass,integrated,reference-front-plus-reconstructed-back,available,58/58,58/58,5,15,two-frame-idle-lift,type-directed-palette
191,Cacaueiro,grass/normal,integrated,reference-front-plus-reconstructed-back,available,58/58,58/58,5,15,two-frame-idle-lift,type-directed-palette
192,Guaraná,grass/electric,integrated,reference-front-plus-reconstructed-back,available,58/58,58/58,1,15,two-frame-idle-lift,type-directed-palette
193,Mate,grass/water,integrated,reference-front-plus-reconstructed-back,available,58/58,58/58,5,15,two-frame-idle-lift,type-directed-palette
194,Milho,grass/normal,integrated,reference-front-plus-reconstructed-back,available,58/58,58/58,5,15,two-frame-idle-lift,type-directed-palette
195,Mandioca,grass/ground,integrated,reference-front-plus-reconstructed-back,available,58/58,58/58,5,15,two-frame-idle-lift,type-directed-palette
196,Pedrinha,rock,integrated,reference-front-plus-reconstructed-back,available,58/58,58/58,0,15,two-frame-idle-lift,type-directed-palette
197,Rochão,rock,integrated,reference-front-plus-reconstructed-back,available,58/58,58/58,2,15,two-frame-idle-lift,type-directed-palette
198,Cristalim,rock/fairy,integrated,reference-front-plus-reconstructed-back,available,58/58,58/58,0,15,two-frame-idle-lift,type-directed-palette
199,Ametista,rock/psychic,integrated,reference-front-plus-reconstructed-back,available,58/58,58/58,2,15,two-frame-idle-lift,type-directed-palette
200,Ouríço,steel/electric,integrated,reference-front-plus-reconstructed-back,available,58/58,58/58,5,15,two-frame-idle-lift,type-directed-palette
201,Ferrolho,steel/ground,integrated,reference-front-plus-reconstructed-back,available,58/58,58/58,5,15,two-frame-idle-lift,type-directed-palette
202,Diamantina,rock/fairy,integrated,reference-front-plus-reconstructed-back,available,58/58,58/58,4,15,two-frame-idle-lift,type-directed-palette
203,Bauxito,steel/ground,integrated,reference-front-plus-reconstructed-back,available,58/58,58/58,2,15,two-frame-idle-lift,type-directed-palette
204,Manganim,steel/dark,integrated,reference-front-plus-reconstructed-back,available,58/58,58/58,2,15,two-frame-idle-lift,type-directed-palette
205,Salitre,rock/water,integrated,reference-front-plus-reconstructed-back,available,58/58,58/58,3,15,two-frame-idle-lift,type-directed-palette
206,Enxofrino,fire/poison,integrated,reference-front-plus-reconstructed-back,available,58/58,58/58,1,15,two-frame-idle-lift,type-directed-palette
207,Argilim,ground,integrated,reference-front-plus-reconstructed-back,available,58/58,58/58,5,15,two-frame-idle-lift,type-directed-palette
208,Boneco,ground/psychic,integrated,reference-front-plus-reconstructed-back,available,58/58,58/58,3,15,two-frame-idle-lift,type-directed-palette
209,Estalactite,rock/water,integrated,reference-front-plus-reconstructed-back,available,58/58,58/58,3,15,two-frame-idle-lift,type-directed-palette
210,Estalagmite,rock/ground,integrated,reference-front-plus-reconstructed-back,available,58/58,58/58,5,15,two-frame-idle-lift,type-directed-palette
211,Fóssil,rock/dragon,integrated,reference-front-plus-reconstructed-back,available,58/58,58/58,1,15,two-frame-idle-lift,type-directed-palette
212,Meteorito,rock/psychic,integrated,reference-front-plus-reconstructed-back,available,58/58,58/58,1,15,two-frame-idle-lift,type-directed-palette
213,Vulcanite,fire/rock,integrated,reference-front-plus-reconstructed-back,available,58/58,58/58,1,15,two-frame-idle-lift,type-directed-palette
214,Marmim,rock/fairy,integrated,reference-front-plus-reconstructed-back,available,58/58,58/58,0,15,two-frame-idle-lift,type-directed-palette
215,Granito,rock/fighting,integrated,reference-front-plus-reconstructed-back,available,58/58,58/58,0,15,two-frame-idle-lift,type-directed-palette
216,Caranguim,water,integrated,reference-front-plus-reconstructed-back,available,58/58,58/58,3,15,two-frame-idle-lift,type-directed-palette
217,Guaiamum,water/ground,integrated,reference-front-plus-reconstructed-back,available,58/58,58/58,2,15,two-frame-idle-lift,type-directed-palette
218,Siri,water/fighting,integrated,reference-front-plus-reconstructed-back,available,58/58,58/58,3,15,two-frame-idle-lift,type-directed-palette
219,Camarão,water,integrated,reference-front-plus-reconstructed-back,available,58/58,58/58,0,15,two-frame-idle-lift,type-directed-palette
220,Polvim,water/psychic,integrated,reference-front-plus-reconstructed-back,available,58/58,58/58,2,15,two-frame-idle-lift,type-directed-palette
221,Polvão,water/psychic,integrated,reference-front-plus-reconstructed-back,available,58/58,58/58,1,15,two-frame-idle-lift,type-directed-palette
222,Águaviva,water/poison,integrated,reference-front-plus-reconstructed-back,available,58/58,58/58,4,15,two-frame-idle-lift,type-directed-palette
223,Cavalim-Marinho,water/fairy,integrated,reference-front-plus-reconstructed-back,available,58/58,58/58,3,15,two-frame-idle-lift,type-directed-palette
224,Tartaruguim,water,integrated,reference-front-plus-reconstructed-back,available,58/58,58/58,1,15,two-frame-idle-lift,type-directed-palette
225,Tartaruga,water/rock,integrated,reference-front-plus-reconstructed-back,available,58/58,58/58,1,15,two-frame-idle-lift,type-directed-palette
226,Golfinho,water/psychic,integrated,reference-front-plus-reconstructed-back,available,58/58,58/58,3,15,two-frame-idle-lift,type-directed-palette
227,Baleia,water/normal,integrated,reference-front-plus-reconstructed-back,available,58/58,58/58,3,15,two-frame-idle-lift,type-directed-palette
228,Tubarim,water/dark,integrated,reference-front-plus-reconstructed-back,available,58/58,58/58,3,15,two-frame-idle-lift,type-directed-palette
229,Tubarão,water/dark,integrated,reference-front-plus-reconstructed-back,available,58/58,58/58,3,15,two-frame-idle-lift,type-directed-palette
230,Arraia,water/electric,integrated,reference-front-plus-reconstructed-back,available,58/58,58/58,0,15,two-frame-idle-lift,type-directed-palette
231,Peixe-Espada,water/steel,integrated,reference-front-plus-reconstructed-back,available,58/58,58/58,0,15,two-frame-idle-lift,type-directed-palette
232,Pargo,water/fire,integrated,reference-front-plus-reconstructed-back,available,58/58,58/58,1,15,two-frame-idle-lift,type-directed-palette
233,Pescadão,water/dark,integrated,reference-front-plus-reconstructed-back,available,58/58,58/58,3,15,two-frame-idle-lift,type-directed-palette
234,Loirinha,ghost/fairy,integrated,reference-front-plus-reconstructed-back,available,58/58,58/58,3,15,two-frame-idle-lift,type-directed-palette
235,Cuca,dark/psychic,integrated,reference-front-plus-reconstructed-back,available,58/58,58/58,0,15,two-frame-idle-lift,type-directed-palette
236,Bicho-Papão,dark/ghost,integrated,reference-front-plus-reconstructed-back,available,58/58,58/58,3,15,two-frame-idle-lift,type-directed-palette
237,Lobisomem,dark/normal,integrated,reference-front-plus-reconstructed-back,available,58/58,58/58,0,15,two-frame-idle-lift,type-directed-palette
238,Corpo-Seco,ghost/dark,integrated,reference-front-plus-reconstructed-back,available,58/58,58/58,5,15,two-frame-idle-lift,type-directed-palette
239,Mão-Peluda,ghost/fighting,integrated,reference-front-plus-reconstructed-back,available,58/58,58/58,2,15,two-frame-idle-lift,type-directed-palette
240,Perna-Cabeluda,ghost/normal,integrated,reference-front-plus-reconstructed-back,available,58/58,58/58,0,15,two-frame-idle-lift,type-directed-palette
241,Comadre,ghost/fairy,integrated,reference-front-plus-reconstructed-back,available,58/58,58/58,0,15,two-frame-idle-lift,type-directed-palette
242,Anhangá,ghost/grass,integrated,reference-front-plus-reconstructed-back,available,58/58,58/58,0,15,two-frame-idle-lift,type-directed-palette
243,Jurupari,dark/fairy,integrated,reference-front-plus-reconstructed-back,available,58/58,58/58,0,15,two-frame-idle-lift,type-directed-palette
244,Tupã,electric/dragon,integrated,reference-front-plus-reconstructed-back,available,58/58,58/58,3,15,two-frame-idle-lift,type-directed-palette
245,Jaci,fairy/psychic,integrated,reference-front-plus-reconstructed-back,available,58/58,58/58,3,15,two-frame-idle-lift,type-directed-palette
246,Guaraci,fire/fairy,integrated,reference-front-plus-reconstructed-back,available,58/58,58/58,5,15,two-frame-idle-lift,type-directed-palette
247,Rudá,fairy/psychic,integrated,reference-front-plus-reconstructed-back,available,58/58,58/58,0,15,two-frame-idle-lift,type-directed-palette
248,Aluá,water/poison,integrated,reference-front-plus-reconstructed-back,available,58/58,58/58,0,15,two-frame-idle-lift,type-directed-palette
249,Jenipapo,dark/grass,integrated,reference-front-plus-reconstructed-back,available,58/58,58/58,1,15,two-frame-idle-lift,type-directed-palette
250,Urucum,fire/grass,integrated,reference-front-plus-reconstructed-back,available,58/58,58/58,1,15,two-frame-idle-lift,type-directed-palette
251,Caipora,grass/fighting,integrated,reference-front-plus-reconstructed-back,available,58/58,58/58,5,15,two-frame-idle-lift,type-directed-palette
252,Anhangá-Pitã,ghost/fire,integrated,reference-front-plus-reconstructed-back,available,58/58,58/58,1,15,two-frame-idle-lift,type-directed-palette
253,Yara-Pindá,water/fairy,integrated,reference-front-plus-reconstructed-back,available,58/58,58/58,4,15,two-frame-idle-lift,type-directed-palette
254,Pisadeira,ghost/fighting,integrated,reference-front-plus-reconstructed-back,available,58/58,58/58,2,15,two-frame-idle-lift,type-directed-palette
255,Zumbi,ghost/fighting,integrated,reference-front-plus-reconstructed-back,available,58/58,58/58,3,15,two-frame-idle-lift,type-directed-palette
256,Iemanjá-Pequena,water/fairy,integrated,reference-front-plus-reconstructed-back,available,58/58,58/58,3,15,two-frame-idle-lift,type-directed-palette
257,Ossanha,grass/fairy,integrated,reference-front-plus-reconstructed-back,available,58/58,58/58,5,15,two-frame-idle-lift,type-directed-palette
258,Oxalá,normal/fairy,integrated,reference-front-plus-reconstructed-back,available,58/58,58/58,3,15,two-frame-idle-lift,type-directed-palette
259,Saciamigo,dark/fairy,integrated,reference-front-plus-reconstructed-back,available,58/58,58/58,3,15,two-frame-idle-lift,type-directed-palette
260,Sacipererê,dark/fairy,integrated,reference-front-plus-reconstructed-back,available,58/58,58/58,1,15,two-frame-idle-lift,type-directed-palette
261,Curupira-Ancião,grass/fairy,integrated,reference-front-plus-reconstructed-back,available,58/58,58/58,5,15,two-frame-idle-lift,type-directed-palette
262,Caipora-Fêmea,grass/fighting,integrated,reference-front-plus-reconstructed-back,available,58/58,58/58,1,15,two-frame-idle-lift,type-directed-palette
263,Pomba-Gira,dark/fairy,integrated,reference-front-plus-reconstructed-back,available,58/58,58/58,1,15,two-frame-idle-lift,type-directed-palette
264,Exu,dark/fighting,integrated,reference-front-plus-reconstructed-back,available,58/58,58/58,1,15,two-frame-idle-lift,type-directed-palette
265,Preto-Velho,ghost/psychic,integrated,reference-front-plus-reconstructed-back,available,58/58,58/58,2,15,two-frame-idle-lift,type-directed-palette
266,Caboclo-Guerreiro,grass/fighting,integrated,reference-front-plus-reconstructed-back,available,58/58,58/58,1,15,two-frame-idle-lift,type-directed-palette
267,Marinheiro,water/dark,integrated,reference-front-plus-reconstructed-back,available,58/58,58/58,3,15,two-frame-idle-lift,type-directed-palette
268,Baiano,fire/fighting,integrated,reference-front-plus-reconstructed-back,available,58/58,58/58,2,15,two-frame-idle-lift,type-directed-palette
269,Cangaceiro,dark/fighting,integrated,reference-front-plus-reconstructed-back,available,58/58,58/58,2,15,two-frame-idle-lift,type-directed-palette
270,Beata,fairy/psychic,integrated,reference-front-plus-reconstructed-back,available,58/58,58/58,2,15,two-frame-idle-lift,type-directed-palette
271,Menino-Deus,fairy/normal,integrated,reference-front-plus-reconstructed-back,available,58/58,58/58,1,15,two-frame-idle-lift,type-directed-palette
272,Rei-Momo,normal/fire,integrated,reference-front-plus-reconstructed-back,available,58/58,58/58,3,15,two-frame-idle-lift,type-directed-palette
273,Bumba-Meu-Boi,normal/fire,integrated,reference-front-plus-reconstructed-back,available,58/58,58/58,0,15,two-frame-idle-lift,type-directed-palette
274,Reisado,fairy/normal,integrated,reference-front-plus-reconstructed-back,available,58/58,58/58,3,15,two-frame-idle-lift,type-directed-palette
275,Frevinho,fighting/fire,integrated,reference-front-plus-reconstructed-back,available,58/58,58/58,1,15,two-frame-idle-lift,type-directed-palette
276,Maracatu,dark/fairy,integrated,reference-front-plus-reconstructed-back,available,58/58,58/58,3,15,two-frame-idle-lift,type-directed-palette
277,Congada,fighting/fire,integrated,reference-front-plus-reconstructed-back,available,58/58,58/58,0,15,two-frame-idle-lift,type-directed-palette
278,Folião,normal/fairy,integrated,reference-front-plus-reconstructed-back,available,58/58,58/58,4,15,two-frame-idle-lift,type-directed-palette
279,Onçuma,dark/ghost,integrated,reference-front-plus-reconstructed-back,available,58/58,58/58,0,15,two-frame-idle-lift,type-directed-palette
280,Sucuriaçu,water/dragon,integrated,reference-front-plus-reconstructed-back,available,58/58,58/58,4,15,two-frame-idle-lift,type-directed-palette
281,Pirarumbá,water/dragon,integrated,reference-front-plus-reconstructed-back,available,58/58,58/58,1,15,two-frame-idle-lift,type-directed-palette
282,Draguará-Alfa,fire/dragon,integrated,reference-front-plus-reconstructed-back,available,58/58,58/58,0,15,two-frame-idle-lift,type-directed-palette
283,Terolibra-Rainha,water/bug,integrated,reference-front-plus-reconstructed-back,available,58/58,58/58,3,15,two-frame-idle-lift,type-directed-palette
284,Petropico-Ancião,grass/rock,integrated,reference-front-plus-reconstructed-back,available,58/58,58/58,5,15,two-frame-idle-lift,type-directed-palette
285,Boitatá-Puro,fire/dragon,integrated,reference-front-plus-reconstructed-back,available,58/58,58/58,4,15,two-frame-idle-lift,type-directed-palette
286,Iara-Mãe,water/fairy,integrated,reference-front-plus-reconstructed-back,available,58/58,58/58,3,15,two-frame-idle-lift,type-directed-palette
287,Curupira-Rei,grass/fairy,integrated,reference-front-plus-reconstructed-back,available,58/58,58/58,0,15,two-frame-idle-lift,type-directed-palette
288,Saci-Rei,dark/fairy,integrated,reference-front-plus-reconstructed-back,available,58/58,58/58,1,15,two-frame-idle-lift,type-directed-palette
289,Anhangaú,ghost/grass,integrated,reference-front-plus-reconstructed-back,available,58/58,58/58,4,15,two-frame-idle-lift,type-directed-palette
290,Muirá-Kytã,grass/fairy,integrated,reference-front-plus-reconstructed-back,available,58/58,58/58,1,15,two-frame-idle-lift,type-directed-palette
291,Cobra-Norato,water/dragon,integrated,reference-front-plus-reconstructed-back,available,58/58,58/58,3,15,two-frame-idle-lift,type-directed-palette
292,Mapinguari,grass/fighting,integrated,reference-front-plus-reconstructed-back,available,58/58,58/58,3,15,two-frame-idle-lift,type-directed-palette
293,Ipupiara,water/dark,integrated,reference-front-plus-reconstructed-back,available,58/58,58/58,3,15,two-frame-idle-lift,type-directed-palette
294,Uirapuru,flying/fairy,integrated,reference-front-plus-reconstructed-back,available,58/58,58/58,5,15,two-frame-idle-lift,type-directed-palette
295,Muiraquitã,rock/fairy,integrated,reference-front-plus-reconstructed-back,available,58/58,58/58,0,15,two-frame-idle-lift,type-directed-palette
296,Amazona,fighting/fairy,integrated,reference-front-plus-reconstructed-back,available,58/58,58/58,0,15,two-frame-idle-lift,type-directed-palette
297,Corcovado-Ancião,rock/dragon,integrated,reference-front-plus-reconstructed-back,available,58/58,58/58,5,15,two-frame-idle-lift,type-directed-palette
298,Cristo,fairy/psychic,integrated,reference-front-plus-reconstructed-back,available,58/58,58/58,3,15,two-frame-idle-lift,type-directed-palette
299,Ratão,dark/poison,integrated,reference-front-plus-reconstructed-back,available,58/58,58/58,2,15,two-frame-idle-lift,type-directed-palette
300,Pombim,flying/normal,integrated,reference-front-plus-reconstructed-back,available,58/58,58/58,3,15,two-frame-idle-lift,type-directed-palette
301,Pombão,flying/poison,integrated,reference-front-plus-reconstructed-back,available,58/58,58/58,0,15,two-frame-idle-lift,type-directed-palette
302,Baratão,bug/flying,integrated,reference-front-plus-reconstructed-back,available,58/58,58/58,0,15,two-frame-idle-lift,type-directed-palette
303,Mosquim,bug/poison,integrated,reference-front-plus-reconstructed-back,available,58/58,58/58,2,15,two-frame-idle-lift,type-directed-palette
304,Cão-Bravo,dark/normal,integrated,reference-front-plus-reconstructed-back,available,58/58,58/58,0,15,two-frame-idle-lift,type-directed-palette
305,Gato-Preto,dark/psychic,integrated,reference-front-plus-reconstructed-back,available,58/58,58/58,0,15,two-frame-idle-lift,type-directed-palette
306,Perereca,water/poison,integrated,reference-front-plus-reconstructed-back,available,58/58,58/58,4,15,two-frame-idle-lift,type-directed-palette
307,Lagartixa,normal/psychic,integrated,reference-front-plus-reconstructed-back,available,58/58,58/58,3,15,two-frame-idle-lift,type-directed-palette
308,Traça-Papel,bug/psychic,integrated,reference-front-plus-reconstructed-back,available,58/58,58/58,3,15,two-frame-idle-lift,type-directed-palette
309,Poeirão,ground/dark,integrated,reference-front-plus-reconstructed-back,available,58/58,58/58,5,15,two-frame-idle-lift,type-directed-palette
310,Ferrugem,steel/water,integrated,reference-front-plus-reconstructed-back,available,58/58,58/58,2,15,two-frame-idle-lift,type-directed-palette
311,Fumacento,poison/flying,integrated,reference-front-plus-reconstructed-back,available,58/58,58/58,3,15,two-frame-idle-lift,type-directed-palette
312,Óleoso,poison/water,integrated,reference-front-plus-reconstructed-back,available,58/58,58/58,3,15,two-frame-idle-lift,type-directed-palette
313,Lixão,poison/ground,integrated,reference-front-plus-reconstructed-back,available,58/58,58/58,1,15,two-frame-idle-lift,type-directed-palette
314,Chorume,poison/dark,integrated,reference-front-plus-reconstructed-back,available,58/58,58/58,3,15,two-frame-idle-lift,type-directed-palette
315,Bituca,fire/poison,integrated,procedural-concept-front-and-back,missing-created-from-dex-data,58/58,58/58,2,5,two-frame-idle-lift,type-directed-palette
316,Latinha,steel/normal,integrated,procedural-concept-front-and-back,missing-created-from-dex-data,58/58,58/58,2,5,two-frame-idle-lift,type-directed-palette
317,Sacolim,poison/flying,integrated,procedural-concept-front-and-back,missing-created-from-dex-data,58/58,58/58,2,5,two-frame-idle-lift,type-directed-palette
318,Garrafão,water/poison,integrated,procedural-concept-front-and-back,missing-created-from-dex-data,58/58,58/58,3,5,two-frame-idle-lift,type-directed-palette
319,Netzero,flying/poison,integrated,procedural-concept-front-and-back,missing-created-from-dex-data,58/58,58/58,2,5,two-frame-idle-lift,type-directed-palette
320,Pilhoso,electric/poison,integrated,procedural-concept-front-and-back,missing-created-from-dex-data,58/58,58/58,2,5,two-frame-idle-lift,type-directed-palette
321,Cabofio,electric/steel,integrated,procedural-concept-front-and-back,missing-created-from-dex-data,58/58,58/58,1,5,two-frame-idle-lift,type-directed-palette
322,Bugão,bug/dark,integrated,procedural-concept-front-and-back,missing-created-from-dex-data,58/58,58/58,5,5,two-frame-idle-lift,type-directed-palette
323,Aluminio,steel/flying,integrated,procedural-concept-front-and-back,missing-created-from-dex-data,58/58,58/58,2,5,two-frame-idle-lift,type-directed-palette
324,Concretim,rock/steel,integrated,procedural-concept-front-and-back,missing-created-from-dex-data,58/58,58/58,2,5,two-frame-idle-lift,type-directed-palette
325,Bueiro,water/dark,integrated,procedural-concept-front-and-back,missing-created-from-dex-data,58/58,58/58,3,5,two-frame-idle-lift,type-directed-palette
326,Sinal,electric/psychic,integrated,procedural-concept-front-and-back,missing-created-from-dex-data,58/58,58/58,1,5,two-frame-idle-lift,type-directed-palette
327,Poste,steel/electric,integrated,procedural-concept-front-and-back,missing-created-from-dex-data,58/58,58/58,1,5,two-frame-idle-lift,type-directed-palette
328,Grafiteiro,dark/fairy,integrated,procedural-concept-front-and-back,missing-created-from-dex-data,58/58,58/58,0,5,two-frame-idle-lift,type-directed-palette
329,Guaraciana,fire/fairy,integrated,procedural-concept-front-and-back,missing-created-from-dex-data,58/58,58/58,1,5,two-frame-idle-lift,type-directed-palette
330,Jaciana,fairy/water,integrated,procedural-concept-front-and-back,missing-created-from-dex-data,58/58,58/58,4,5,two-frame-idle-lift,type-directed-palette
331,Tupanaú,electric/dragon,integrated,procedural-concept-front-and-back,missing-created-from-dex-data,58/58,58/58,0,5,two-frame-idle-lift,type-directed-palette
332,Iaraú,water/fairy,integrated,procedural-concept-front-and-back,missing-created-from-dex-data,58/58,58/58,3,5,two-frame-idle-lift,type-directed-palette
333,Kuarahy,fire/psychic,integrated,procedural-concept-front-and-back,missing-created-from-dex-data,58/58,58/58,1,5,two-frame-idle-lift,type-directed-palette
334,Yasy,fairy/dark,integrated,procedural-concept-front-and-back,missing-created-from-dex-data,58/58,58/58,1,5,two-frame-idle-lift,type-directed-palette
335,Rudarauna,fairy/psychic,integrated,procedural-concept-front-and-back,missing-created-from-dex-data,58/58,58/58,1,5,two-frame-idle-lift,type-directed-palette
336,Perybé,water/psychic,integrated,procedural-concept-front-and-back,missing-created-from-dex-data,58/58,58/58,3,5,two-frame-idle-lift,type-directed-palette
337,Arauanaú,fairy/dragon,integrated,procedural-concept-front-and-back,missing-created-from-dex-data,58/58,58/58,0,4,two-frame-idle-lift,type-directed-palette
338,Verdejante,grass/dragon,integrated,procedural-concept-front-and-back,missing-created-from-dex-data,58/58,58/58,4,5,two-frame-idle-lift,type-directed-palette
339,Chuvão,water/electric,integrated,procedural-concept-front-and-back,missing-created-from-dex-data,58/58,58/58,3,5,two-frame-idle-lift,type-directed-palette
340,Solzão,fire/ground,integrated,procedural-concept-front-and-back,missing-created-from-dex-data,58/58,58/58,1,5,two-frame-idle-lift,type-directed-palette
341,Ventania,flying/dragon,integrated,procedural-concept-front-and-back,missing-created-from-dex-data,58/58,58/58,2,5,two-frame-idle-lift,type-directed-palette
342,Terraão,ground/rock,integrated,procedural-concept-front-and-back,missing-created-from-dex-data,58/58,58/58,2,5,two-frame-idle-lift,type-directed-palette
343,Fogaréu,fire/dragon,integrated,procedural-concept-front-and-back,missing-created-from-dex-data,58/58,58/58,0,5,two-frame-idle-lift,type-directed-palette
344,Marulho,water/dragon,integrated,procedural-concept-front-and-back,missing-created-from-dex-data,58/58,58/58,3,5,two-frame-idle-lift,type-directed-palette
345,Alvorecer,fairy/fire,integrated,procedural-concept-front-and-back,missing-created-from-dex-data,58/58,58/58,1,5,two-frame-idle-lift,type-directed-palette
346,Poente,dark/fire,integrated,procedural-concept-front-and-back,missing-created-from-dex-data,58/58,58/58,1,5,two-frame-idle-lift,type-directed-palette
347,Estrelinha,fairy/psychic,integrated,procedural-concept-front-and-back,missing-created-from-dex-data,58/58,58/58,1,5,two-frame-idle-lift,type-directed-palette
348,Arauanamon,dragon/fairy,integrated,procedural-concept-front-and-back,missing-created-from-dex-data,58/58,58/58,0,4,two-frame-idle-lift,type-directed-palette
349,Aracuã,flying/normal,integrated,procedural-concept-front-and-back,missing-created-from-dex-data,58/58,58/58,2,5,two-frame-idle-lift,type-directed-palette
350,Bugio,normal/dark,integrated,procedural-concept-front-and-back,missing-created-from-dex-data,58/58,58/58,2,5,two-frame-idle-lift,type-directed-palette
351,Tuim,grass,integrated,procedural-concept-front-and-back,missing-created-from-dex-data,58/58,58/58,5,5,two-frame-idle-lift,type-directed-palette
352,Periquitão,grass/flying,integrated,procedural-concept-front-and-back,missing-created-from-dex-data,58/58,58/58,5,5,two-frame-idle-lift,type-directed-palette
353,Ararunão,grass/flying,integrated,procedural-concept-front-and-back,missing-created-from-dex-data,58/58,58/58,5,5,two-frame-idle-lift,type-directed-palette
354,Preazinho,normal,integrated,procedural-concept-front-and-back,missing-created-from-dex-data,58/58,58/58,2,5,two-frame-idle-lift,type-directed-palette
355,Capivarão,normal/water,integrated,procedural-concept-front-and-back,missing-created-from-dex-data,58/58,58/58,2,5,two-frame-idle-lift,type-directed-palette
356,Tamanduí,bug,integrated,procedural-concept-front-and-back,missing-created-from-dex-data,58/58,58/58,1,5,two-frame-idle-lift,type-directed-palette
357,Tamanduá,bug/ground,integrated,procedural-concept-front-and-back,missing-created-from-dex-data,58/58,58/58,5,5,two-frame-idle-lift,type-directed-palette
358,Tamanduão,bug/ground,integrated,procedural-concept-front-and-back,missing-created-from-dex-data,58/58,58/58,5,5,two-frame-idle-lift,type-directed-palette
359,Preguicinha,grass,integrated,procedural-concept-front-and-back,missing-created-from-dex-data,58/58,58/58,5,5,two-frame-idle-lift,type-directed-palette
360,Preguiçoso,grass/psychic,integrated,procedural-concept-front-and-back,missing-created-from-dex-data,58/58,58/58,1,5,two-frame-idle-lift,type-directed-palette
361,Beija-Flor,fairy/flying,integrated,procedural-concept-front-and-back,missing-created-from-dex-data,58/58,58/58,0,5,two-frame-idle-lift,type-directed-palette
362,Beija-Luz,fairy/fire,integrated,procedural-concept-front-and-back,missing-created-from-dex-data,58/58,58/58,1,5,two-frame-idle-lift,type-directed-palette
363,Beija-Sol,fairy/fire,integrated,procedural-concept-front-and-back,missing-created-from-dex-data,58/58,58/58,1,5,two-frame-idle-lift,type-directed-palette
364,Sarará,fairy/water,integrated,procedural-concept-front-and-back,missing-created-from-dex-data,58/58,58/58,4,5,two-frame-idle-lift,type-directed-palette
365,Cambota,fighting/normal,integrated,procedural-concept-front-and-back,missing-created-from-dex-data,58/58,58/58,5,5,two-frame-idle-lift,type-directed-palette
366,Berimbau,fairy/fighting,integrated,procedural-concept-front-and-back,missing-created-from-dex-data,58/58,58/58,1,5,two-frame-idle-lift,type-directed-palette
367,Atabaque,fighting/ground,integrated,procedural-concept-front-and-back,missing-created-from-dex-data,58/58,58/58,5,5,two-frame-idle-lift,type-directed-palette
368,Pandeirim,fairy/normal,integrated,procedural-concept-front-and-back,missing-created-from-dex-data,58/58,58/58,1,5,two-frame-idle-lift,type-directed-palette
369,Sanfoninha,normal/fairy,integrated,procedural-concept-front-and-back,missing-created-from-dex-data,58/58,58/58,2,5,two-frame-idle-lift,type-directed-palette
370,Violeiro,grass/fairy,integrated,procedural-concept-front-and-back,missing-created-from-dex-data,58/58,58/58,1,5,two-frame-idle-lift,type-directed-palette
371,Zabumba,ground/fighting,integrated,procedural-concept-front-and-back,missing-created-from-dex-data,58/58,58/58,5,5,two-frame-idle-lift,type-directed-palette
372,Cordelim,psychic/fairy,integrated,procedural-concept-front-and-back,missing-created-from-dex-data,58/58,58/58,0,5,two-frame-idle-lift,type-directed-palette
373,Rendeira,fairy/bug,integrated,procedural-concept-front-and-back,missing-created-from-dex-data,58/58,58/58,1,5,two-frame-idle-lift,type-directed-palette
374,Escamoso,water/dark,integrated,procedural-concept-front-and-back,missing-created-from-dex-data,58/58,58/58,3,5,two-frame-idle-lift,type-directed-palette
375,Piranhita,water/dark,integrated,procedural-concept-front-and-back,missing-created-from-dex-data,58/58,58/58,3,5,two-frame-idle-lift,type-directed-palette
376,Boitatã,fire/dragon,integrated,procedural-concept-front-and-back,missing-created-from-dex-data,58/58,58/58,1,4,two-frame-idle-lift,type-directed-palette
377,Piraruaçu,water/dragon,integrated,procedural-concept-front-and-back,missing-created-from-dex-data,58/58,58/58,3,5,two-frame-idle-lift,type-directed-palette
378,Mata-Mata,grass/dragon,integrated,procedural-concept-front-and-back,missing-created-from-dex-data,58/58,58/58,4,4,two-frame-idle-lift,type-directed-palette
379,Solaris,fire/psychic,integrated,procedural-concept-front-and-back,missing-created-from-dex-data,58/58,58/58,1,5,two-frame-idle-lift,type-directed-palette
380,Selenê,dark/psychic,integrated,procedural-concept-front-and-back,missing-created-from-dex-data,58/58,58/58,0,5,two-frame-idle-lift,type-directed-palette
381,Zumbi-Rei,fighting/dark,integrated,procedural-concept-front-and-back,missing-created-from-dex-data,58/58,58/58,1,5,two-frame-idle-lift,type-directed-palette
382,Iemanjã,water/fairy,integrated,procedural-concept-front-and-back,missing-created-from-dex-data,58/58,58/58,3,4,two-frame-idle-lift,type-directed-palette
383,Oxumará,dragon/fairy,integrated,procedural-concept-front-and-back,missing-created-from-dex-data,58/58,58/58,0,5,two-frame-idle-lift,type-directed-palette
384,Curupixel,grass/fairy,integrated,procedural-concept-front-and-back,missing-created-from-dex-data,58/58,58/58,1,4,two-frame-idle-lift,type-directed-palette
385,Sacinho,dark/fairy,integrated,procedural-concept-front-and-back,missing-created-from-dex-data,58/58,58/58,0,4,two-frame-idle-lift,type-directed-palette
386,Arauá,dragon/psychic,integrated,procedural-concept-front-and-back,missing-created-from-dex-data,58/58,58/58,0,5,two-frame-idle-lift,type-directed-palette
