map,layout,primary,secondary,status
AbandonedShip_CaptainsOffice,LAYOUT_ARAUNA_NAVIO_CAPTAINSOFFICE_V1,gTileset_AraunaNavioMar,gTileset_AraunaNavioConves,Arauna bank
AbandonedShip_Corridors_1F,LAYOUT_ARAUNA_NAVIO_CORRIDORS_1F_V1,gTileset_AraunaNavioMar,gTileset_AraunaNavioInterior,Arauna bank
AbandonedShip_Corridors_B1F,LAYOUT_ARAUNA_NAVIO_CORRIDORS_B1F_V1,gTileset_AraunaNavioMar,gTileset_AraunaNavioInterior,Arauna bank
AbandonedShip_Deck,LAYOUT_ARAUNA_NAVIO_DECK_V1,gTileset_AraunaNavioMar,gTileset_AraunaNavioConves,Arauna bank
AbandonedShip_HiddenFloorCorridors,LAYOUT_ARAUNA_NAVIO_HIDDENFLOORCORRIDORS_V1,gTileset_AraunaNavioMar,gTileset_AraunaNavioAlagado,Arauna bank
AbandonedShip_HiddenFloorRooms,LAYOUT_ARAUNA_NAVIO_HIDDENFLOORROOMS_V1,gTileset_AraunaNavioMar,gTileset_AraunaNavioAlagado,Arauna bank
AbandonedShip_Room_B1F,LAYOUT_ARAUNA_NAVIO_ROOM_B1F_V1,gTileset_AraunaNavioMar,gTileset_AraunaNavioInterior,Arauna bank
AbandonedShip_Rooms2_1F,LAYOUT_ARAUNA_NAVIO_ROOMS2_1F_V1,gTileset_AraunaNavioMar,gTileset_AraunaNavioInterior,Arauna bank
AbandonedShip_Rooms2_B1F,LAYOUT_ARAUNA_NAVIO_ROOMS2_B1F_V1,gTileset_AraunaNavioMar,gTileset_AraunaNavioInterior,Arauna bank
AbandonedShip_Rooms_1F,LAYOUT_ARAUNA_NAVIO_ROOMS_1F_V1,gTileset_AraunaNavioMar,gTileset_AraunaNavioInterior,Arauna bank
AbandonedShip_Rooms_B1F,LAYOUT_ARAUNA_NAVIO_ROOMS_B1F_V1,gTileset_AraunaNavioMar,gTileset_AraunaNavioInterior,Arauna bank
AbandonedShip_Underwater1,LAYOUT_ARAUNA_NAVIO_UNDERWATER1_V1,gTileset_AraunaNavioMar,gTileset_AraunaNavioAlagado,Arauna bank
AbandonedShip_Underwater2,LAYOUT_ARAUNA_NAVIO_UNDERWATER2_V1,gTileset_AraunaNavioMar,gTileset_AraunaNavioAlagado,Arauna bank
AlteringCave,LAYOUT_ALTERING_CAVE,gTileset_General,gTileset_AraunaAlteringCave03C,Arauna bank
AncientTomb,LAYOUT_ANCIENT_TOMB,gTileset_General,gTileset_AraunaAncientTomb03BV11,Arauna bank
AquaHideout_1F,LAYOUT_ARAUNA_ARQUIVO_1F_V1,gTileset_General,gTileset_AraunaArquivoCentral,Arauna bank
AquaHideout_B1F,LAYOUT_ARAUNA_ARQUIVO_B1F_V1,gTileset_General,gTileset_AraunaArquivoCentral,Arauna bank
AquaHideout_B2F,LAYOUT_ARAUNA_ARQUIVO_B2F_V1,gTileset_General,gTileset_AraunaArquivoCentral,Arauna bank
AquaHideout_UnusedRubyMap1,LAYOUT_ARAUNA_ARQUIVO_UNUSEDRUBYMAP1_V1,gTileset_General,gTileset_AraunaArquivoCentral,Arauna bank
AquaHideout_UnusedRubyMap2,LAYOUT_ARAUNA_ARQUIVO_UNUSEDRUBYMAP2_V1,gTileset_General,gTileset_AraunaArquivoCentral,Arauna bank
AquaHideout_UnusedRubyMap3,LAYOUT_ARAUNA_ARQUIVO_UNUSEDRUBYMAP3_V1,gTileset_General,gTileset_AraunaArquivoCentral,Arauna bank
Arauna_Anahi_Equipamentos,LAYOUT_ARAUNA_ANAHI_EQUIPAMENTOS,gTileset_Building,gTileset_AraunaAnahi,Arauna bank
Arauna_Anahi_Pesquisa,LAYOUT_ARAUNA_ANAHI_PESQUISA,gTileset_Building,gTileset_AraunaAnahi,Arauna bank
Arauna_CasaFogueira_Entrada,LAYOUT_ARAUNA_CASA_FOGUEIRA_ENTRADA,gTileset_Building,gTileset_AraunaFogueira,Arauna bank
Arauna_CasaFogueira_Memorial,LAYOUT_ARAUNA_CASA_FOGUEIRA_MEMORIAL,gTileset_Building,gTileset_AraunaFogueira,Arauna bank
Arauna_CasaFogueira_Salao,LAYOUT_ARAUNA_CASA_FOGUEIRA_SALAO,gTileset_Building,gTileset_AraunaFogueira,Arauna bank
Arauna_CasaUivo_Memorias,LAYOUT_ARAUNA_CASA_UIVO_MEMORIAS,gTileset_Building,gTileset_AraunaUivoInterior,Arauna bank
Arauna_CasaUivo_Refugio,LAYOUT_ARAUNA_CASA_UIVO_REFUGIO,gTileset_General,gTileset_AraunaUivoRefugio,Arauna bank
Arauna_CasaUivo_Sala,LAYOUT_ARAUNA_CASA_UIVO_SALA,gTileset_Building,gTileset_AraunaUivoInterior,Arauna bank
Arauna_PrimeiraCamara_Chegada,LAYOUT_ARAUNA_PRIMEIRA_CAMARA_CHEGADA,gTileset_Building,gTileset_AraunaPrimeiraCamara,Arauna bank
Arauna_PrimeiraCamara_Interior,LAYOUT_ARAUNA_PRIMEIRA_CAMARA_INTERIOR,gTileset_Building,gTileset_AraunaPrimeiraCamara,Arauna bank
ArtisanCave_1F,LAYOUT_ARTISAN_CAVE_1F,gTileset_General,gTileset_AraunaArtisanCave03C,Arauna bank
ArtisanCave_B1F,LAYOUT_ARTISAN_CAVE_B1F,gTileset_General,gTileset_AraunaArtisanCave03C,Arauna bank
BattleColosseum_2P,LAYOUT_BATTLE_COLOSSEUM_2P,gTileset_Building,gTileset_CableClub,native remaining
BattleColosseum_4P,LAYOUT_BATTLE_COLOSSEUM_4P,gTileset_Building,gTileset_CableClub,native remaining
BattleFrontier_BattleArenaBattleRoom,LAYOUT_BATTLE_FRONTIER_BATTLE_ARENA_BATTLE_ROOM,gTileset_AraunaFrontier07CArenaBase,gTileset_AraunaFrontier07CArenaArt,Arauna bank
BattleFrontier_BattleArenaCorridor,LAYOUT_BATTLE_FRONTIER_BATTLE_ARENA_CORRIDOR,gTileset_AraunaFrontier07CArenaBase,gTileset_AraunaFrontier07CArenaArt,Arauna bank
BattleFrontier_BattleArenaLobby,LAYOUT_BATTLE_FRONTIER_BATTLE_ARENA_LOBBY,gTileset_AraunaFrontier07CArenaBase,gTileset_AraunaFrontier07CArenaArt,Arauna bank
BattleFrontier_BattleDomeBattleRoom,LAYOUT_BATTLE_FRONTIER_BATTLE_DOME_BATTLE_ROOM,gTileset_AraunaFrontier07BDomeBase,gTileset_AraunaFrontier07BDomeArt,Arauna bank
BattleFrontier_BattleDomeCorridor,LAYOUT_BATTLE_FRONTIER_BATTLE_DOME_CORRIDOR,gTileset_AraunaFrontier07BDomeBase,gTileset_AraunaFrontier07BDomeArt,Arauna bank
BattleFrontier_BattleDomeLobby,LAYOUT_BATTLE_FRONTIER_BATTLE_DOME_LOBBY,gTileset_AraunaFrontier07BDomeBase,gTileset_AraunaFrontier07BDomeArt,Arauna bank
BattleFrontier_BattleDomePreBattleRoom,LAYOUT_BATTLE_FRONTIER_BATTLE_DOME_PRE_BATTLE_ROOM,gTileset_AraunaFrontier07BDomeBase,gTileset_AraunaFrontier07BDomeArt,Arauna bank
BattleFrontier_BattleFactoryBattleRoom,LAYOUT_BATTLE_FRONTIER_BATTLE_FACTORY_BATTLE_ROOM,gTileset_AraunaFrontier07DFactoryBase,gTileset_AraunaFrontier07DFactoryArt,Arauna bank
BattleFrontier_BattleFactoryLobby,LAYOUT_BATTLE_FRONTIER_BATTLE_FACTORY_LOBBY,gTileset_AraunaFrontier07DFactoryBase,gTileset_AraunaFrontier07DFactoryArt,Arauna bank
BattleFrontier_BattleFactoryPreBattleRoom,LAYOUT_BATTLE_FRONTIER_BATTLE_FACTORY_PRE_BATTLE_ROOM,gTileset_AraunaFrontier07DFactoryBase,gTileset_AraunaFrontier07DFactoryArt,Arauna bank
BattleFrontier_BattlePalaceBattleRoom,LAYOUT_BATTLE_FRONTIER_BATTLE_PALACE_BATTLE_ROOM,gTileset_AraunaFrontier07CPalaceGardenBase,gTileset_AraunaFrontier07CPalaceGardenArt,Arauna bank
BattleFrontier_BattlePalaceCorridor,LAYOUT_BATTLE_FRONTIER_BATTLE_PALACE_CORRIDOR,gTileset_AraunaFrontier07CPalaceGardenBase,gTileset_AraunaFrontier07CPalaceGardenArt,Arauna bank
BattleFrontier_BattlePalaceLobby,LAYOUT_BATTLE_FRONTIER_BATTLE_PALACE_LOBBY,gTileset_AraunaFrontier07CPalaceLobbyBase,gTileset_AraunaFrontier07CPalaceLobbyArt,Arauna bank
BattleFrontier_BattlePikeCorridor,LAYOUT_BATTLE_FRONTIER_BATTLE_PIKE_CORRIDOR,gTileset_AraunaFrontier07EPikeBase,gTileset_AraunaFrontier07EPikeArt,Arauna bank
BattleFrontier_BattlePikeLobby,LAYOUT_BATTLE_FRONTIER_BATTLE_PIKE_LOBBY,gTileset_AraunaFrontier07EPikeBase,gTileset_AraunaFrontier07EPikeArt,Arauna bank
BattleFrontier_BattlePikeRoomFinal,LAYOUT_BATTLE_FRONTIER_BATTLE_PIKE_ROOM_FINAL,gTileset_AraunaFrontier07EPikeBase,gTileset_AraunaFrontier07EPikeArt,Arauna bank
BattleFrontier_BattlePikeRoomNormal,LAYOUT_BATTLE_FRONTIER_BATTLE_PIKE_ROOM_NORMAL,gTileset_AraunaFrontier07EPikeBase,gTileset_AraunaFrontier07EPikeArt,Arauna bank
BattleFrontier_BattlePikeRoomWildMons,LAYOUT_BATTLE_FRONTIER_BATTLE_PIKE_ROOM_WILD_MONS,gTileset_AraunaFrontier07EPikeBase,gTileset_AraunaFrontier07EPikeArt,Arauna bank
BattleFrontier_BattlePikeThreePathRoom,LAYOUT_BATTLE_FRONTIER_BATTLE_PIKE_THREE_PATH_ROOM,gTileset_AraunaFrontier07EPikeBase,gTileset_AraunaFrontier07EPikeArt,Arauna bank
BattleFrontier_BattlePyramidFloor,LAYOUT_BATTLE_FRONTIER_BATTLE_PYRAMID_FLOOR,gTileset_AraunaFrontier07FPyramidBase,gTileset_AraunaFrontier07FPyramidArt,Arauna bank
BattleFrontier_BattlePyramidLobby,LAYOUT_BATTLE_FRONTIER_BATTLE_PYRAMID_LOBBY,gTileset_AraunaFrontier07FPyramidBase,gTileset_AraunaFrontier07FPyramidArt,Arauna bank
BattleFrontier_BattlePyramidTop,LAYOUT_BATTLE_FRONTIER_BATTLE_PYRAMID_TOP,gTileset_AraunaFrontier07FPyramidBase,gTileset_AraunaFrontier07FPyramidArt,Arauna bank
BattleFrontier_BattleTowerBattleRoom,LAYOUT_BATTLE_FRONTIER_BATTLE_TOWER_BATTLE_ROOM,gTileset_AraunaFrontier07ATowerBase,gTileset_AraunaFrontier07ATowerArt,Arauna bank
BattleFrontier_BattleTowerCorridor,LAYOUT_BATTLE_FRONTIER_BATTLE_TOWER_CORRIDOR,gTileset_AraunaFrontier07ATowerBase,gTileset_AraunaFrontier07ATowerArt,Arauna bank
BattleFrontier_BattleTowerElevator,LAYOUT_BATTLE_ELEVATOR,gTileset_AraunaFrontier07ATowerBase,gTileset_AraunaFrontier07ATowerArt,Arauna bank
BattleFrontier_BattleTowerLobby,LAYOUT_BATTLE_FRONTIER_BATTLE_TOWER_LOBBY,gTileset_AraunaFrontier07ATowerBase,gTileset_AraunaFrontier07ATowerArt,Arauna bank
BattleFrontier_BattleTowerMultiBattleRoom,LAYOUT_BATTLE_FRONTIER_BATTLE_TOWER_BATTLE_ROOM,gTileset_AraunaFrontier07ATowerBase,gTileset_AraunaFrontier07ATowerArt,Arauna bank
BattleFrontier_BattleTowerMultiCorridor,LAYOUT_BATTLE_FRONTIER_BATTLE_TOWER_MULTI_CORRIDOR,gTileset_AraunaFrontier07ATowerBase,gTileset_AraunaFrontier07ATowerArt,Arauna bank
BattleFrontier_BattleTowerMultiPartnerRoom,LAYOUT_BATTLE_FRONTIER_BATTLE_TOWER_MULTI_PARTNER_ROOM,gTileset_AraunaFrontier07ATowerBase,gTileset_AraunaFrontier07ATowerArt,Arauna bank
BattleFrontier_ExchangeServiceCorner,LAYOUT_BATTLE_FRONTIER_EXCHANGE_SERVICE_CORNER,gTileset_AraunaFrontier07HExchangeBase,gTileset_AraunaFrontier07HExchangeArt,Arauna bank
BattleFrontier_Lounge1,LAYOUT_BATTLE_FRONTIER_LOUNGE2,gTileset_AraunaFrontier07GLoungeNarrowBase,gTileset_AraunaFrontier07GLoungeNarrowArt,Arauna bank
BattleFrontier_Lounge2,LAYOUT_BATTLE_FRONTIER_LOUNGE1,gTileset_AraunaFrontier07GLoungeWideBase,gTileset_AraunaFrontier07GLoungeWideArt,Arauna bank
BattleFrontier_Lounge3,LAYOUT_BATTLE_FRONTIER_LOUNGE2,gTileset_AraunaFrontier07GLoungeNarrowBase,gTileset_AraunaFrontier07GLoungeNarrowArt,Arauna bank
BattleFrontier_Lounge4,LAYOUT_BATTLE_FRONTIER_LOUNGE2,gTileset_AraunaFrontier07GLoungeNarrowBase,gTileset_AraunaFrontier07GLoungeNarrowArt,Arauna bank
BattleFrontier_Lounge5,LAYOUT_BATTLE_FRONTIER_LOUNGE1,gTileset_AraunaFrontier07GLoungeWideBase,gTileset_AraunaFrontier07GLoungeWideArt,Arauna bank
BattleFrontier_Lounge6,LAYOUT_BATTLE_FRONTIER_LOUNGE2,gTileset_AraunaFrontier07GLoungeNarrowBase,gTileset_AraunaFrontier07GLoungeNarrowArt,Arauna bank
BattleFrontier_Lounge7,LAYOUT_BATTLE_FRONTIER_LOUNGE2,gTileset_AraunaFrontier07GLoungeNarrowBase,gTileset_AraunaFrontier07GLoungeNarrowArt,Arauna bank
BattleFrontier_Lounge8,LAYOUT_BATTLE_FRONTIER_LOUNGE2,gTileset_AraunaFrontier07GLoungeNarrowBase,gTileset_AraunaFrontier07GLoungeNarrowArt,Arauna bank
BattleFrontier_Lounge9,LAYOUT_BATTLE_FRONTIER_LOUNGE2,gTileset_AraunaFrontier07GLoungeNarrowBase,gTileset_AraunaFrontier07GLoungeNarrowArt,Arauna bank
BattleFrontier_Mart,LAYOUT_MART,gTileset_AraunaFrontier07HMarketBase,gTileset_AraunaFrontier07HMarketArt,Arauna bank
BattleFrontier_OutsideEast,LAYOUT_BATTLE_FRONTIER_OUTSIDE_EAST,gTileset_AraunaFrontier07IEastBase,gTileset_AraunaFrontier07IEastArt,Arauna bank
BattleFrontier_OutsideWest,LAYOUT_BATTLE_FRONTIER_OUTSIDE_WEST,gTileset_AraunaFrontier07IWestBase,gTileset_AraunaFrontier07IWestArt,Arauna bank
BattleFrontier_PokemonCenter_1F,LAYOUT_POKEMON_CENTER_1F,gTileset_AraunaFrontier07HClinicBase,gTileset_AraunaFrontier07HClinicArt,Arauna bank
BattleFrontier_PokemonCenter_2F,LAYOUT_POKEMON_CENTER_2F,gTileset_AraunaFrontier07HClinicBase,gTileset_AraunaFrontier07HClinicArt,Arauna bank
BattleFrontier_RankingHall,LAYOUT_BATTLE_FRONTIER_RANKING_HALL,gTileset_AraunaFrontier07HRecordsBase,gTileset_AraunaFrontier07HRecordsArt,Arauna bank
BattleFrontier_ReceptionGate,LAYOUT_BATTLE_FRONTIER_RECEPTION_GATE,gTileset_AraunaFrontier07IGateBase,gTileset_AraunaFrontier07IGateArt,Arauna bank
BattleFrontier_ScottsHouse,LAYOUT_BATTLE_FRONTIER_SCOTTS_HOUSE,gTileset_AraunaFrontier07GBentoHouseBase,gTileset_AraunaFrontier07GBentoHouseArt,Arauna bank
BattlePyramidSquare01,LAYOUT_BATTLE_PYRAMID_SQUARE01,gTileset_Building,gTileset_BattlePyramid,pyramid_runtime
BattlePyramidSquare02,LAYOUT_BATTLE_PYRAMID_SQUARE02,gTileset_Building,gTileset_BattlePyramid,pyramid_runtime
BattlePyramidSquare03,LAYOUT_BATTLE_PYRAMID_SQUARE03,gTileset_Building,gTileset_BattlePyramid,pyramid_runtime
BattlePyramidSquare04,LAYOUT_BATTLE_PYRAMID_SQUARE04,gTileset_Building,gTileset_BattlePyramid,pyramid_runtime
BattlePyramidSquare05,LAYOUT_BATTLE_PYRAMID_SQUARE05,gTileset_Building,gTileset_BattlePyramid,pyramid_runtime
BattlePyramidSquare06,LAYOUT_BATTLE_PYRAMID_SQUARE06,gTileset_Building,gTileset_BattlePyramid,pyramid_runtime
BattlePyramidSquare07,LAYOUT_BATTLE_PYRAMID_SQUARE07,gTileset_Building,gTileset_BattlePyramid,pyramid_runtime
BattlePyramidSquare08,LAYOUT_BATTLE_PYRAMID_SQUARE08,gTileset_Building,gTileset_BattlePyramid,pyramid_runtime
BattlePyramidSquare09,LAYOUT_BATTLE_PYRAMID_SQUARE09,gTileset_Building,gTileset_BattlePyramid,pyramid_runtime
BattlePyramidSquare10,LAYOUT_BATTLE_PYRAMID_SQUARE10,gTileset_Building,gTileset_BattlePyramid,pyramid_runtime
BattlePyramidSquare11,LAYOUT_BATTLE_PYRAMID_SQUARE11,gTileset_Building,gTileset_BattlePyramid,pyramid_runtime
BattlePyramidSquare12,LAYOUT_BATTLE_PYRAMID_SQUARE12,gTileset_Building,gTileset_BattlePyramid,pyramid_runtime
BattlePyramidSquare13,LAYOUT_BATTLE_PYRAMID_SQUARE13,gTileset_Building,gTileset_BattlePyramid,pyramid_runtime
BattlePyramidSquare14,LAYOUT_BATTLE_PYRAMID_SQUARE14,gTileset_Building,gTileset_BattlePyramid,pyramid_runtime
BattlePyramidSquare15,LAYOUT_BATTLE_PYRAMID_SQUARE15,gTileset_Building,gTileset_BattlePyramid,pyramid_runtime
BattlePyramidSquare16,LAYOUT_BATTLE_PYRAMID_SQUARE16,gTileset_Building,gTileset_BattlePyramid,pyramid_runtime
BirthIsland_Exterior,LAYOUT_BIRTH_ISLAND_EXTERIOR,gTileset_General,gTileset_Dewford,native remaining
BirthIsland_Harbor,LAYOUT_ISLAND_HARBOR,gTileset_General,gTileset_IslandHarbor,native remaining
CaveOfOrigin_1F,LAYOUT_ARAUNA_ORIGEM_1F_V1,gTileset_General,gTileset_AraunaGrutaOrigem,Arauna bank
CaveOfOrigin_B1F,LAYOUT_ARAUNA_ORIGEM_B1F_V1,gTileset_General,gTileset_AraunaGrutaOrigem,Arauna bank
CaveOfOrigin_Entrance,LAYOUT_ARAUNA_ORIGEM_ENTRANCE_V1,gTileset_General,gTileset_AraunaGrutaOrigem,Arauna bank
CaveOfOrigin_UnusedRubySapphireMap1,LAYOUT_ARAUNA_ORIGEM_UNUSEDRUBYSAPPHIREMAP1_V1,gTileset_General,gTileset_AraunaGrutaOrigem,Arauna bank
CaveOfOrigin_UnusedRubySapphireMap2,LAYOUT_ARAUNA_ORIGEM_UNUSEDRUBYSAPPHIREMAP2_V1,gTileset_General,gTileset_AraunaGrutaOrigem,Arauna bank
CaveOfOrigin_UnusedRubySapphireMap3,LAYOUT_ARAUNA_ORIGEM_UNUSEDRUBYSAPPHIREMAP3_V1,gTileset_General,gTileset_AraunaGrutaOrigem,Arauna bank
ContestHall,LAYOUT_CONTEST_HALL,gTileset_General,gTileset_Contest,native remaining
ContestHallBeauty,LAYOUT_CONTEST_HALL_BEAUTY,gTileset_General,gTileset_Contest,native remaining
ContestHallCool,LAYOUT_CONTEST_HALL_COOL,gTileset_General,gTileset_Contest,native remaining
ContestHallCute,LAYOUT_CONTEST_HALL_CUTE,gTileset_General,gTileset_Contest,native remaining
ContestHallSmart,LAYOUT_CONTEST_HALL_SMART,gTileset_General,gTileset_Contest,native remaining
ContestHallTough,LAYOUT_CONTEST_HALL_TOUGH,gTileset_General,gTileset_Contest,native remaining
DesertRuins,LAYOUT_DESERT_RUINS,gTileset_AraunaDesert08B1Primary,gTileset_AraunaDesert08B1,Arauna bank
DesertUnderpass,LAYOUT_DESERT_UNDERPASS,gTileset_AraunaUnderpass08B2Primary,gTileset_AraunaUnderpass08B2,Arauna bank
DewfordTown,LAYOUT_DEWFORD_TOWN,gTileset_General,gTileset_AraunaRedes,Arauna bank
DewfordTown_Gym,LAYOUT_DEWFORD_TOWN_GYM,gTileset_Building,gTileset_AraunaMare,Arauna bank
DewfordTown_Hall,LAYOUT_ARAUNA_REDES_INTERIORS_HALL,gTileset_Building,gTileset_AraunaRedesInteriorsV1,Arauna bank
DewfordTown_House1,LAYOUT_ARAUNA_REDES_INTERIORS_HOUSE1,gTileset_Building,gTileset_AraunaRedesInteriorsV1,Arauna bank
DewfordTown_House2,LAYOUT_ARAUNA_REDES_INTERIORS_HOUSE2,gTileset_Building,gTileset_AraunaRedesInteriorsV1,Arauna bank
DewfordTown_PokemonCenter_1F,LAYOUT_ARAUNA_REDES_INTERIORS_POKEMONCENTER_1F,gTileset_Building,gTileset_AraunaRedesInteriorsV1,Arauna bank
DewfordTown_PokemonCenter_2F,LAYOUT_ARAUNA_REDES_INTERIORS_POKEMONCENTER_2F,gTileset_Building,gTileset_AraunaRedesInteriorsV1,Arauna bank
EverGrandeCity,LAYOUT_EVER_GRANDE_CITY,gTileset_AraunaBorderEverGrandeCityBaseUivoV1,gTileset_AraunaBorderEverGrandeCityArtUivoV1,Arauna bank
EverGrandeCity_ChampionsRoom,LAYOUT_ARAUNA_LIGA_CHAMPIONSROOM_V1,gTileset_AraunaLigaPedra,gTileset_AraunaLigaVozes,Arauna bank
EverGrandeCity_DrakesRoom,LAYOUT_ARAUNA_LIGA_DRAKESROOM_V1,gTileset_AraunaLigaPedra,gTileset_AraunaLigaVozesDrake,Arauna bank
EverGrandeCity_GlaciasRoom,LAYOUT_ARAUNA_LIGA_GLACIASROOM_V1,gTileset_AraunaLigaPedra,gTileset_AraunaLigaVozesGlacia,Arauna bank
EverGrandeCity_Hall1,LAYOUT_ARAUNA_LIGA_HALL1_V1,gTileset_AraunaLigaPedra,gTileset_AraunaLigaVozes,Arauna bank
EverGrandeCity_Hall2,LAYOUT_ARAUNA_LIGA_HALL2_V1,gTileset_AraunaLigaPedra,gTileset_AraunaLigaVozes,Arauna bank
EverGrandeCity_Hall3,LAYOUT_ARAUNA_LIGA_HALL3_V1,gTileset_AraunaLigaPedra,gTileset_AraunaLigaVozes,Arauna bank
EverGrandeCity_Hall4,LAYOUT_ARAUNA_LIGA_HALL4_V1,gTileset_AraunaLigaPedra,gTileset_AraunaLigaVozes,Arauna bank
EverGrandeCity_Hall5,LAYOUT_ARAUNA_LIGA_HALL5_V1,gTileset_AraunaLigaPedra,gTileset_AraunaLigaVozes,Arauna bank
EverGrandeCity_HallOfFame,LAYOUT_ARAUNA_LIGA_HALLOFFAME_V1,gTileset_AraunaLigaPedra,gTileset_AraunaLigaMemoria,Arauna bank
EverGrandeCity_PhoebesRoom,LAYOUT_ARAUNA_LIGA_PHOEBESROOM_V1,gTileset_AraunaLigaPedra,gTileset_AraunaLigaVozesPhoebe,Arauna bank
EverGrandeCity_PokemonCenter_1F,LAYOUT_ARAUNA_LIGA_POKEMONCENTER_1F_V1,gTileset_AraunaLigaPedra,gTileset_AraunaLigaHall,Arauna bank
EverGrandeCity_PokemonCenter_2F,LAYOUT_ARAUNA_LIGA_POKEMONCENTER_2F_V1,gTileset_AraunaLigaPedra,gTileset_AraunaLigaHall,Arauna bank
EverGrandeCity_PokemonLeague_1F,LAYOUT_ARAUNA_LIGA_POKEMONLEAGUE_1F_V1,gTileset_AraunaLigaPedra,gTileset_AraunaLigaHall,Arauna bank
EverGrandeCity_PokemonLeague_2F,LAYOUT_ARAUNA_LIGA_POKEMONLEAGUE_2F_V1,gTileset_AraunaLigaPedra,gTileset_AraunaLigaHall,Arauna bank
EverGrandeCity_SidneysRoom,LAYOUT_ARAUNA_LIGA_SIDNEYSROOM_V1,gTileset_AraunaLigaPedra,gTileset_AraunaLigaVozes,Arauna bank
FallarborTown,LAYOUT_FALLARBOR_TOWN,gTileset_AraunaCampoCinzasCidadeSoloV3,gTileset_AraunaCampoInterfacesV4,Arauna bank
FallarborTown_BattleTentBattleRoom,LAYOUT_ARAUNA_QUATRO_INTERIORS_FALLARBORTOWN_BATTLETENTBATTLEROOM,gTileset_Building,gTileset_AraunaCampoBattleTent,Arauna bank
FallarborTown_BattleTentCorridor,LAYOUT_ARAUNA_QUATRO_INTERIORS_FALLARBORTOWN_BATTLETENTCORRIDOR,gTileset_Building,gTileset_AraunaCampoBattleTent,Arauna bank
FallarborTown_BattleTentLobby,LAYOUT_ARAUNA_QUATRO_INTERIORS_FALLARBORTOWN_BATTLETENTLOBBY,gTileset_Building,gTileset_AraunaCampoBattleTent,Arauna bank
FallarborTown_CozmosHouse,LAYOUT_ARAUNA_QUATRO_INTERIORS_FALLARBORTOWN_COZMOSHOUSE,gTileset_Building,gTileset_AraunaCampoGenericBuilding,Arauna bank
FallarborTown_Mart,LAYOUT_ARAUNA_QUATRO_INTERIORS_FALLARBORTOWN_MART,gTileset_Building,gTileset_AraunaCampoShop,Arauna bank
FallarborTown_MoveRelearnersHouse,LAYOUT_ARAUNA_QUATRO_INTERIORS_FALLARBORTOWN_MOVERELEARNERSHOUSE,gTileset_Building,gTileset_AraunaCampoGenericBuilding,Arauna bank
FallarborTown_PokemonCenter_1F,LAYOUT_ARAUNA_QUATRO_INTERIORS_FALLARBORTOWN_POKEMONCENTER_1F,gTileset_Building,gTileset_AraunaCampoPokemonCenter,Arauna bank
FallarborTown_PokemonCenter_2F,LAYOUT_ARAUNA_QUATRO_INTERIORS_FALLARBORTOWN_POKEMONCENTER_2F,gTileset_Building,gTileset_AraunaCampoPokemonCenter,Arauna bank
FarawayIsland_Entrance,LAYOUT_FARAWAY_ISLAND_ENTRANCE,gTileset_General,gTileset_Rustboro,native remaining
FarawayIsland_Interior,LAYOUT_FARAWAY_ISLAND_INTERIOR,gTileset_General,gTileset_Fortree,native remaining
FieryPath,LAYOUT_ARAUNA_TRILHA_BRASA_V1,gTileset_General,gTileset_AraunaTrilhaBrasa,Arauna bank
FortreeCity,LAYOUT_FORTREE_CITY,gTileset_General,gTileset_AraunaMataMeioV3,Arauna bank
FortreeCity_DecorationShop,LAYOUT_ARAUNA_QUATRO_INTERIORS_FORTREECITY_DECORATIONSHOP,gTileset_Building,gTileset_AraunaMataGenericBuilding,Arauna bank
FortreeCity_Gym,LAYOUT_ARAUNA_QUATRO_INTERIORS_FORTREECITY_GYM,gTileset_Building,gTileset_AraunaMataFortreeGym,Arauna bank
FortreeCity_House1,LAYOUT_ARAUNA_QUATRO_INTERIORS_FORTREECITY_HOUSE1,gTileset_Building,gTileset_AraunaMataGenericBuilding,Arauna bank
FortreeCity_House2,LAYOUT_ARAUNA_QUATRO_INTERIORS_FORTREECITY_HOUSE2,gTileset_Building,gTileset_AraunaMataGenericBuilding,Arauna bank
FortreeCity_House3,LAYOUT_ARAUNA_QUATRO_INTERIORS_FORTREECITY_HOUSE3,gTileset_Building,gTileset_AraunaMataGenericBuilding,Arauna bank
FortreeCity_House4,LAYOUT_ARAUNA_QUATRO_INTERIORS_FORTREECITY_HOUSE4,gTileset_Building,gTileset_AraunaMataGenericBuilding,Arauna bank
FortreeCity_House5,LAYOUT_ARAUNA_QUATRO_INTERIORS_FORTREECITY_HOUSE5,gTileset_Building,gTileset_AraunaMataGenericBuilding,Arauna bank
FortreeCity_Mart,LAYOUT_ARAUNA_QUATRO_INTERIORS_FORTREECITY_MART,gTileset_Building,gTileset_AraunaMataShop,Arauna bank
FortreeCity_PokemonCenter_1F,LAYOUT_ARAUNA_QUATRO_INTERIORS_FORTREECITY_POKEMONCENTER_1F,gTileset_Building,gTileset_AraunaMataPokemonCenter,Arauna bank
FortreeCity_PokemonCenter_2F,LAYOUT_ARAUNA_QUATRO_INTERIORS_FORTREECITY_POKEMONCENTER_2F,gTileset_Building,gTileset_AraunaMataPokemonCenter,Arauna bank
GraniteCave_1F,LAYOUT_ARAUNA_GRUTA_VOZES_ENTRADA_V1,gTileset_General,gTileset_AraunaGrutaVozesEntrada,Arauna bank
GraniteCave_B1F,LAYOUT_ARAUNA_GRUTA_VOZES_PAREDES_V1,gTileset_General,gTileset_AraunaGrutaVozesParedes,Arauna bank
GraniteCave_B2F,LAYOUT_ARAUNA_GRUTA_VOZES_PROFUNDEZAS_V1,gTileset_General,gTileset_AraunaGrutaVozesProfundezas,Arauna bank
GraniteCave_StevensRoom,LAYOUT_ARAUNA_GRUTA_VOZES_MEMORIA_V1,gTileset_General,gTileset_AraunaGrutaVozesMemoria,Arauna bank
InsideOfTruck,LAYOUT_ARAUNA_CAMPANHA_V2_INSIDE_OF_TRUCK,gTileset_General,gTileset_AraunaCampanhaCargaV2,Arauna bank
IslandCave,LAYOUT_ISLAND_CAVE,gTileset_General,gTileset_AraunaIslandCave03BV11,Arauna bank
JaggedPass,LAYOUT_ARAUNA_PASSO_CORTADO_V1,gTileset_AraunaPassoPedra,gTileset_AraunaPassoCortado,Arauna bank
LavaridgeTown,LAYOUT_LAVARIDGE_TOWN,gTileset_AraunaBorderLavaridgeTownBaseUivoV1,gTileset_AraunaBorderLavaridgeTownArtUivoV1,Arauna bank
LavaridgeTown_Gym_1F,LAYOUT_ARAUNA_QUATRO_INTERIORS_LAVARIDGETOWN_GYM_1F,gTileset_Building,gTileset_AraunaCinzaLavaridgeGym,Arauna bank
LavaridgeTown_Gym_B1F,LAYOUT_ARAUNA_QUATRO_INTERIORS_LAVARIDGETOWN_GYM_B1F,gTileset_Building,gTileset_AraunaCinzaLavaridgeGym,Arauna bank
LavaridgeTown_HerbShop,LAYOUT_ARAUNA_QUATRO_INTERIORS_LAVARIDGETOWN_HERBSHOP,gTileset_Building,gTileset_AraunaCinzaShop,Arauna bank
LavaridgeTown_House,LAYOUT_ARAUNA_QUATRO_INTERIORS_LAVARIDGETOWN_HOUSE,gTileset_Building,gTileset_AraunaCinzaGenericBuilding,Arauna bank
LavaridgeTown_Mart,LAYOUT_ARAUNA_QUATRO_INTERIORS_LAVARIDGETOWN_MART,gTileset_Building,gTileset_AraunaCinzaShop,Arauna bank
LavaridgeTown_PokemonCenter_1F,LAYOUT_ARAUNA_QUATRO_INTERIORS_LAVARIDGETOWN_POKEMONCENTER_1F,gTileset_Building,gTileset_AraunaCinzaPokemonCenter,Arauna bank
LavaridgeTown_PokemonCenter_2F,LAYOUT_ARAUNA_QUATRO_INTERIORS_LAVARIDGETOWN_POKEMONCENTER_2F,gTileset_Building,gTileset_AraunaCinzaPokemonCenter,Arauna bank
LilycoveCity,LAYOUT_LILYCOVE_CITY,gTileset_General,gTileset_AraunaBaiaLuzesV2,Arauna bank
LilycoveCity_ContestHall,LAYOUT_ARAUNA_QUATRO_INTERIORS_LILYCOVECITY_CONTESTHALL,gTileset_Building,gTileset_AraunaBaiaContest,Arauna bank
LilycoveCity_ContestLobby,LAYOUT_ARAUNA_QUATRO_INTERIORS_LILYCOVECITY_CONTESTLOBBY,gTileset_Building,gTileset_AraunaBaiaContest,Arauna bank
LilycoveCity_CoveLilyMotel_1F,LAYOUT_ARAUNA_QUATRO_INTERIORS_LILYCOVECITY_COVELILYMOTEL_1F,gTileset_Building,gTileset_AraunaBaiaGenericBuilding,Arauna bank
LilycoveCity_CoveLilyMotel_2F,LAYOUT_ARAUNA_QUATRO_INTERIORS_LILYCOVECITY_COVELILYMOTEL_2F,gTileset_Building,gTileset_AraunaBaiaGenericBuilding,Arauna bank
LilycoveCity_DepartmentStoreElevator,LAYOUT_ARAUNA_QUATRO_INTERIORS_LILYCOVECITY_DEPARTMENTSTOREELEVATOR,gTileset_Building,gTileset_AraunaBaiaBattleFrontier,Arauna bank
LilycoveCity_DepartmentStoreRooftop,LAYOUT_ARAUNA_QUATRO_INTERIORS_LILYCOVECITY_DEPARTMENTSTOREROOFTOP,gTileset_Building,gTileset_AraunaBaiaShop,Arauna bank
LilycoveCity_DepartmentStore_1F,LAYOUT_ARAUNA_QUATRO_INTERIORS_LILYCOVECITY_DEPARTMENTSTORE_1F,gTileset_Building,gTileset_AraunaBaiaShop,Arauna bank
LilycoveCity_DepartmentStore_2F,LAYOUT_ARAUNA_QUATRO_INTERIORS_LILYCOVECITY_DEPARTMENTSTORE_2F,gTileset_Building,gTileset_AraunaBaiaShop,Arauna bank
LilycoveCity_DepartmentStore_3F,LAYOUT_ARAUNA_QUATRO_INTERIORS_LILYCOVECITY_DEPARTMENTSTORE_3F,gTileset_Building,gTileset_AraunaBaiaShop,Arauna bank
LilycoveCity_DepartmentStore_4F,LAYOUT_ARAUNA_QUATRO_INTERIORS_LILYCOVECITY_DEPARTMENTSTORE_4F,gTileset_Building,gTileset_AraunaBaiaShop,Arauna bank
LilycoveCity_DepartmentStore_5F,LAYOUT_ARAUNA_QUATRO_INTERIORS_LILYCOVECITY_DEPARTMENTSTORE_5F,gTileset_Building,gTileset_AraunaBaiaShop,Arauna bank
LilycoveCity_Harbor,LAYOUT_ARAUNA_QUATRO_INTERIORS_LILYCOVECITY_HARBOR,gTileset_General,gTileset_AraunaBaiaFacility,Arauna bank
LilycoveCity_House1,LAYOUT_ARAUNA_QUATRO_INTERIORS_LILYCOVECITY_HOUSE1,gTileset_Building,gTileset_AraunaBaiaGenericBuilding,Arauna bank
LilycoveCity_House2,LAYOUT_ARAUNA_QUATRO_INTERIORS_LILYCOVECITY_HOUSE2,gTileset_Building,gTileset_AraunaBaiaGenericBuilding,Arauna bank
LilycoveCity_House3,LAYOUT_ARAUNA_QUATRO_INTERIORS_LILYCOVECITY_HOUSE3,gTileset_Building,gTileset_AraunaBaiaGenericBuilding,Arauna bank
LilycoveCity_House4,LAYOUT_ARAUNA_QUATRO_INTERIORS_LILYCOVECITY_HOUSE4,gTileset_Building,gTileset_AraunaBaiaGenericBuilding,Arauna bank
LilycoveCity_LilycoveMuseum_1F,LAYOUT_ARAUNA_QUATRO_INTERIORS_LILYCOVECITY_LILYCOVEMUSEUM_1F,gTileset_Building,gTileset_AraunaBaiaLilycoveMuseum,Arauna bank
LilycoveCity_LilycoveMuseum_2F,LAYOUT_ARAUNA_QUATRO_INTERIORS_LILYCOVECITY_LILYCOVEMUSEUM_2F,gTileset_Building,gTileset_AraunaBaiaLilycoveMuseum,Arauna bank
LilycoveCity_MoveDeletersHouse,LAYOUT_ARAUNA_QUATRO_INTERIORS_LILYCOVECITY_MOVEDELETERSHOUSE,gTileset_Building,gTileset_AraunaBaiaGenericBuilding,Arauna bank
LilycoveCity_PokemonCenter_1F,LAYOUT_ARAUNA_QUATRO_INTERIORS_LILYCOVECITY_POKEMONCENTER_1F,gTileset_Building,gTileset_AraunaBaiaPokemonCenter,Arauna bank
LilycoveCity_PokemonCenter_2F,LAYOUT_ARAUNA_QUATRO_INTERIORS_LILYCOVECITY_POKEMONCENTER_2F,gTileset_Building,gTileset_AraunaBaiaPokemonCenter,Arauna bank
LilycoveCity_PokemonTrainerFanClub,LAYOUT_ARAUNA_QUATRO_INTERIORS_LILYCOVECITY_POKEMONTRAINERFANCLUB,gTileset_Building,gTileset_AraunaBaiaGenericBuilding,Arauna bank
LilycoveCity_UnusedMart,LAYOUT_ARAUNA_QUATRO_INTERIORS_LILYCOVECITY_UNUSEDMART,gTileset_Building,gTileset_AraunaBaiaShop,Arauna bank
LittlerootTown,LAYOUT_ARAUNA_LITTLEROOT_TOWN_COMPOSICAO_V1,gTileset_AraunaInicioBaseV1,gTileset_AraunaInicioSulV1,Arauna bank
LittlerootTown_BrendansHouse_1F,LAYOUT_LITTLEROOT_TOWN_BRENDANS_HOUSE_1F,gTileset_Building,gTileset_AraunaCasaAmanhecer,Arauna bank
LittlerootTown_BrendansHouse_2F,LAYOUT_LITTLEROOT_TOWN_BRENDANS_HOUSE_2F,gTileset_Building,gTileset_AraunaCasaAmanhecer,Arauna bank
LittlerootTown_MaysHouse_1F,LAYOUT_LITTLEROOT_TOWN_MAYS_HOUSE_1F,gTileset_Building,gTileset_AraunaCasaAmanhecer,Arauna bank
LittlerootTown_MaysHouse_2F,LAYOUT_LITTLEROOT_TOWN_MAYS_HOUSE_2F,gTileset_Building,gTileset_AraunaCasaAmanhecer,Arauna bank
LittlerootTown_ProfessorBirchsLab,LAYOUT_LITTLEROOT_TOWN_PROFESSOR_BIRCHS_LAB,gTileset_Building,gTileset_AraunaAnahi,Arauna bank
MagmaHideout_1F,LAYOUT_ARAUNA_ESCONDERIJO_1F_V1,gTileset_General,gTileset_AraunaEsconderijoSerra,Arauna bank
MagmaHideout_2F_1R,LAYOUT_ARAUNA_ESCONDERIJO_2F_1R_V1,gTileset_General,gTileset_AraunaEsconderijoSerra,Arauna bank
MagmaHideout_2F_2R,LAYOUT_ARAUNA_ESCONDERIJO_2F_2R_V1,gTileset_General,gTileset_AraunaEsconderijoSerra,Arauna bank
MagmaHideout_2F_3R,LAYOUT_ARAUNA_ESCONDERIJO_2F_3R_V1,gTileset_General,gTileset_AraunaEsconderijoSerra,Arauna bank
MagmaHideout_3F_1R,LAYOUT_ARAUNA_ESCONDERIJO_3F_1R_V1,gTileset_General,gTileset_AraunaEsconderijoSerra,Arauna bank
MagmaHideout_3F_2R,LAYOUT_ARAUNA_ESCONDERIJO_3F_2R_V1,gTileset_General,gTileset_AraunaEsconderijoSerra,Arauna bank
MagmaHideout_3F_3R,LAYOUT_ARAUNA_ESCONDERIJO_3F_3R_V1,gTileset_General,gTileset_AraunaEsconderijoSerra,Arauna bank
MagmaHideout_4F,LAYOUT_ARAUNA_ESCONDERIJO_4F_V1,gTileset_General,gTileset_AraunaEsconderijoSerra,Arauna bank
MarineCave_End,LAYOUT_MARINE_CAVE_END,gTileset_General,gTileset_AraunaMarineCave03A,Arauna bank
MarineCave_Entrance,LAYOUT_MARINE_CAVE_ENTRANCE,gTileset_General,gTileset_AraunaMarineCave03A,Arauna bank
MauvilleCity,LAYOUT_MAUVILLE_CITY,gTileset_AraunaBorderMauvilleCityBaseUivoV1,gTileset_AraunaBorderMauvilleCityArtUivoV1,Arauna bank
MauvilleCity_BikeShop,LAYOUT_ARAUNA_ENCRUZ_INTERIORS_BIKESHOP,gTileset_General,gTileset_AraunaEncruzOficina,Arauna bank
MauvilleCity_GameCorner,LAYOUT_ARAUNA_ENCRUZ_INTERIORS_GAMECORNER,gTileset_Building,gTileset_AraunaEncruzJogos,Arauna bank
MauvilleCity_Gym,LAYOUT_ARAUNA_ENCRUZ_INTERIORS_GYM,gTileset_Building,gTileset_AraunaEncruzCasaEletrica,Arauna bank
MauvilleCity_House1,LAYOUT_ARAUNA_ENCRUZ_INTERIORS_HOUSE1,gTileset_Building,gTileset_AraunaEncruzCasas,Arauna bank
MauvilleCity_House2,LAYOUT_ARAUNA_ENCRUZ_INTERIORS_HOUSE2,gTileset_Building,gTileset_AraunaEncruzCasas,Arauna bank
MauvilleCity_Mart,LAYOUT_ARAUNA_ENCRUZ_INTERIORS_MART,gTileset_Building,gTileset_AraunaEncruzVenda,Arauna bank
MauvilleCity_PokemonCenter_1F,LAYOUT_ARAUNA_ENCRUZ_INTERIORS_POKEMONCENTER_1F,gTileset_Building,gTileset_AraunaEncruzCentro,Arauna bank
MauvilleCity_PokemonCenter_2F,LAYOUT_ARAUNA_ENCRUZ_INTERIORS_POKEMONCENTER_2F,gTileset_Building,gTileset_AraunaEncruzCentro,Arauna bank
MeteorFalls_1F_1R,LAYOUT_ARAUNA_RUINAS_QUEDA_SALAMAIOR_V1,gTileset_AraunaRochaQueda,gTileset_AraunaRuinasQueda,Arauna bank
MeteorFalls_1F_2R,LAYOUT_ARAUNA_RUINAS_QUEDA_CASCATAS_V1,gTileset_AraunaRochaQueda,gTileset_AraunaRuinasQueda,Arauna bank
MeteorFalls_B1F_1R,LAYOUT_ARAUNA_RUINAS_QUEDA_PONTEFUNDA_V1,gTileset_AraunaRochaQueda,gTileset_AraunaRuinasQueda,Arauna bank
MeteorFalls_B1F_2R,LAYOUT_ARAUNA_RUINAS_QUEDA_CAMARAANTIGA_V1,gTileset_AraunaRochaQueda,gTileset_AraunaRuinasQueda,Arauna bank
MeteorFalls_StevensCave,LAYOUT_ARAUNA_RUINAS_QUEDA_CAMINHOFINAL_V1,gTileset_AraunaRochaQueda,gTileset_AraunaRuinasQueda,Arauna bank
MirageTower_1F,LAYOUT_MIRAGE_TOWER_1F,gTileset_AraunaMirage08B3Primary,gTileset_AraunaMirage08B3,Arauna bank
MirageTower_2F,LAYOUT_MIRAGE_TOWER_2F,gTileset_AraunaMirage08B3Primary,gTileset_AraunaMirage08B3,Arauna bank
MirageTower_3F,LAYOUT_MIRAGE_TOWER_3F,gTileset_AraunaMirage08B3Primary,gTileset_AraunaMirage08B3,Arauna bank
MirageTower_4F,LAYOUT_MIRAGE_TOWER_4F,gTileset_AraunaMirage08B3Primary,gTileset_AraunaMirage08B3,Arauna bank
MossdeepCity,LAYOUT_MOSSDEEP_CITY,gTileset_General,gTileset_AraunaMissoesCeuCumulativeV3,Arauna bank
MossdeepCity_GameCorner_1F,LAYOUT_ARAUNA_MISSOES_CEU_GAME_CORNER_1F,gTileset_Building,gTileset_AraunaMissoesCeuGameCorner1FV1,Arauna bank
MossdeepCity_GameCorner_B1F,LAYOUT_ARAUNA_MISSOES_CEU_GAME_CORNER_B1F,gTileset_Building,gTileset_AraunaMissoesCeuGameCornerB1FV1,Arauna bank
MossdeepCity_Gym,LAYOUT_ARAUNA_MISSOES_CEU_GYM,gTileset_Building,gTileset_AraunaMissoesCeuGymV1,Arauna bank
MossdeepCity_House1,LAYOUT_ARAUNA_MISSOES_CEU_INTERIORS_HOUSE1,gTileset_Building,gTileset_AraunaMissoesCeuInteriorsV1,Arauna bank
MossdeepCity_House2,LAYOUT_ARAUNA_MISSOES_CEU_INTERIORS_HOUSE2,gTileset_Building,gTileset_AraunaMissoesCeuInteriorsV1,Arauna bank
MossdeepCity_House3,LAYOUT_ARAUNA_MISSOES_CEU_INTERIORS_HOUSE3,gTileset_Building,gTileset_AraunaMissoesCeuInteriorsV1,Arauna bank
MossdeepCity_House4,LAYOUT_ARAUNA_MISSOES_CEU_INTERIORS_HOUSE4,gTileset_Building,gTileset_AraunaMissoesCeuInteriorsV1,Arauna bank
MossdeepCity_Mart,LAYOUT_ARAUNA_MISSOES_CEU_INTERIORS_MART,gTileset_Building,gTileset_AraunaMissoesCeuInteriorsV1,Arauna bank
MossdeepCity_PokemonCenter_1F,LAYOUT_ARAUNA_MISSOES_CEU_INTERIORS_POKEMONCENTER_1F,gTileset_Building,gTileset_AraunaMissoesCeuInteriorsV1,Arauna bank
MossdeepCity_PokemonCenter_2F,LAYOUT_ARAUNA_MISSOES_CEU_INTERIORS_POKEMONCENTER_2F,gTileset_Building,gTileset_AraunaMissoesCeuInteriorsV1,Arauna bank
MossdeepCity_SpaceCenter_1F,LAYOUT_MOSSDEEP_CITY_SPACE_CENTER_1F,gTileset_General,gTileset_AraunaMissoesCeuSpaceCenterV1,Arauna bank
MossdeepCity_SpaceCenter_2F,LAYOUT_MOSSDEEP_CITY_SPACE_CENTER_2F,gTileset_General,gTileset_AraunaMissoesCeuSpaceCenterV1,Arauna bank
MossdeepCity_StevensHouse,LAYOUT_ARAUNA_MISSOES_CEU_BENTO_HOUSE,gTileset_Building,gTileset_AraunaMissoesCeuBentoHouseV1,Arauna bank
MtChimney,LAYOUT_ARAUNA_SERRA_CINZA_V1,gTileset_General,gTileset_AraunaSerraCinza,Arauna bank
MtChimney_CableCarStation,LAYOUT_ARAUNA_SERRA_CINZA_ESTACAO_V1,gTileset_General,gTileset_AraunaSerraCinzaEstacao,Arauna bank
MtPyre_1F,LAYOUT_ARAUNA_MEMORIAL_1F_V1,gTileset_AraunaMemorialExterior,gTileset_AraunaMemorialNomes,Arauna bank
MtPyre_2F,LAYOUT_ARAUNA_MEMORIAL_2F_V1,gTileset_AraunaMemorialExterior,gTileset_AraunaMemorialNomes,Arauna bank
MtPyre_3F,LAYOUT_ARAUNA_MEMORIAL_3F_V1,gTileset_AraunaMemorialExterior,gTileset_AraunaMemorialNomes,Arauna bank
MtPyre_4F,LAYOUT_ARAUNA_MEMORIAL_4F_V1,gTileset_AraunaMemorialExterior,gTileset_AraunaMemorialNomes,Arauna bank
MtPyre_5F,LAYOUT_ARAUNA_MEMORIAL_5F_V1,gTileset_AraunaMemorialExterior,gTileset_AraunaMemorialNomes,Arauna bank
MtPyre_6F,LAYOUT_ARAUNA_MEMORIAL_6F_V1,gTileset_AraunaMemorialExterior,gTileset_AraunaMemorialNomes,Arauna bank
MtPyre_Exterior,LAYOUT_ARAUNA_MEMORIAL_EXTERIOR_V1,gTileset_AraunaMemorialExterior,gTileset_AraunaMemorialNomes,Arauna bank
MtPyre_Summit,LAYOUT_ARAUNA_MEMORIAL_SUMMIT_V1,gTileset_AraunaMemorialExterior,gTileset_AraunaMemorialNomes,Arauna bank
NavelRock_B1F,LAYOUT_NAVEL_ROCK_B1F,gTileset_AraunaNavel06BGalleryBase,gTileset_AraunaNavel06BGalleryArt,Arauna bank
NavelRock_Bottom,LAYOUT_NAVEL_ROCK_BOTTOM,gTileset_AraunaNavel06BAbyssBase,gTileset_AraunaNavel06BAbyssArt,Arauna bank
NavelRock_Down01,LAYOUT_ARAUNA_NAVEL_06B_DEPTH1_LADDER1,gTileset_AraunaNavel06BDepth1Base,gTileset_AraunaNavel06BDepth1Art,Arauna bank
NavelRock_Down02,LAYOUT_ARAUNA_NAVEL_06B_DEPTH1_LADDER2,gTileset_AraunaNavel06BDepth1Base,gTileset_AraunaNavel06BDepth1Art,Arauna bank
NavelRock_Down03,LAYOUT_ARAUNA_NAVEL_06B_DEPTH1_LADDER1,gTileset_AraunaNavel06BDepth1Base,gTileset_AraunaNavel06BDepth1Art,Arauna bank
NavelRock_Down04,LAYOUT_ARAUNA_NAVEL_06B_DEPTH1_LADDER2,gTileset_AraunaNavel06BDepth1Base,gTileset_AraunaNavel06BDepth1Art,Arauna bank
NavelRock_Down05,LAYOUT_ARAUNA_NAVEL_06B_DEPTH2_LADDER1,gTileset_AraunaNavel06BDepth2Base,gTileset_AraunaNavel06BDepth2Art,Arauna bank
NavelRock_Down06,LAYOUT_ARAUNA_NAVEL_06B_DEPTH2_LADDER2,gTileset_AraunaNavel06BDepth2Base,gTileset_AraunaNavel06BDepth2Art,Arauna bank
NavelRock_Down07,LAYOUT_ARAUNA_NAVEL_06B_DEPTH2_LADDER1,gTileset_AraunaNavel06BDepth2Base,gTileset_AraunaNavel06BDepth2Art,Arauna bank
NavelRock_Down08,LAYOUT_ARAUNA_NAVEL_06B_DEPTH2_LADDER2,gTileset_AraunaNavel06BDepth2Base,gTileset_AraunaNavel06BDepth2Art,Arauna bank
NavelRock_Down09,LAYOUT_ARAUNA_NAVEL_06B_ABYSS_LADDER1,gTileset_AraunaNavel06BAbyssBase,gTileset_AraunaNavel06BAbyssArt,Arauna bank
NavelRock_Down10,LAYOUT_ARAUNA_NAVEL_06B_ABYSS_LADDER2,gTileset_AraunaNavel06BAbyssBase,gTileset_AraunaNavel06BAbyssArt,Arauna bank
NavelRock_Down11,LAYOUT_ARAUNA_NAVEL_06B_ABYSS_LADDER1,gTileset_AraunaNavel06BAbyssBase,gTileset_AraunaNavel06BAbyssArt,Arauna bank
NavelRock_Entrance,LAYOUT_NAVEL_ROCK_ENTRANCE,gTileset_AraunaNavel06BGalleryBase,gTileset_AraunaNavel06BGalleryArt,Arauna bank
NavelRock_Exterior,LAYOUT_NAVEL_ROCK_EXTERIOR,gTileset_AraunaNavel06BCoastBase,gTileset_AraunaNavel06BCoastArt,Arauna bank
NavelRock_Fork,LAYOUT_NAVEL_ROCK_FORK,gTileset_AraunaNavel06BGalleryBase,gTileset_AraunaNavel06BGalleryArt,Arauna bank
NavelRock_Harbor,LAYOUT_ARAUNA_NAVEL_06B_HARBOR,gTileset_AraunaNavel06BDockBase,gTileset_AraunaNavel06BDockArt,Arauna bank
NavelRock_Top,LAYOUT_NAVEL_ROCK_TOP,gTileset_AraunaNavel06BSummitBase,gTileset_AraunaNavel06BSummitArt,Arauna bank
NavelRock_Up1,LAYOUT_NAVEL_ROCK_LADDER_ROOM1,gTileset_AraunaNavel06BAscentBase,gTileset_AraunaNavel06BAscentArt,Arauna bank
NavelRock_Up2,LAYOUT_NAVEL_ROCK_LADDER_ROOM2,gTileset_AraunaNavel06BAscentBase,gTileset_AraunaNavel06BAscentArt,Arauna bank
NavelRock_Up3,LAYOUT_ARAUNA_NAVEL_06B_SUMMIT_LADDER1,gTileset_AraunaNavel06BSummitBase,gTileset_AraunaNavel06BSummitArt,Arauna bank
NavelRock_Up4,LAYOUT_ARAUNA_NAVEL_06B_SUMMIT_LADDER2,gTileset_AraunaNavel06BSummitBase,gTileset_AraunaNavel06BSummitArt,Arauna bank
NewMauville_Entrance,LAYOUT_ARAUNA_USINA_VELHA_ENTRADA_V1,gTileset_AraunaUsinaRocha,gTileset_Facility,Arauna bank
NewMauville_Inside,LAYOUT_ARAUNA_USINA_VELHA_INTERIOR_V1,gTileset_AraunaUsinaRocha,gTileset_AraunaUsinaMaquinas,Arauna bank
OldaleTown,LAYOUT_ARAUNA_OLDALE_TOWN_COMPOSICAO_V1,gTileset_AraunaBorderOldaleTownBaseUivoV1,gTileset_AraunaBorderOldaleTownArtUivoV1,Arauna bank
OldaleTown_House1,LAYOUT_ARAUNA_PASSAGEM_INTERIORS_HOUSE1,gTileset_Building,gTileset_AraunaPassagemInteriorsV1,Arauna bank
OldaleTown_House2,LAYOUT_ARAUNA_PASSAGEM_INTERIORS_HOUSE2,gTileset_Building,gTileset_AraunaPassagemInteriorsV1,Arauna bank
OldaleTown_Mart,LAYOUT_ARAUNA_PASSAGEM_INTERIORS_MART,gTileset_Building,gTileset_AraunaPassagemInteriorsV1,Arauna bank
OldaleTown_PokemonCenter_1F,LAYOUT_ARAUNA_PASSAGEM_INTERIORS_POKEMONCENTER_1F,gTileset_Building,gTileset_AraunaPassagemInteriorsV1,Arauna bank
OldaleTown_PokemonCenter_2F,LAYOUT_ARAUNA_PASSAGEM_INTERIORS_POKEMONCENTER_2F,gTileset_Building,gTileset_AraunaPassagemInteriorsV1,Arauna bank
PacifidlogTown,LAYOUT_PACIFIDLOG_TOWN,gTileset_General,gTileset_AraunaCasaFogueiraV2,Arauna bank
PacifidlogTown_House1,LAYOUT_ARAUNA_CASA_FOGUEIRA_HOUSE1,gTileset_Building,gTileset_AraunaCasaFogueiraInteriorsV2,Arauna bank
PacifidlogTown_House2,LAYOUT_ARAUNA_CASA_FOGUEIRA_HOUSE2,gTileset_Building,gTileset_AraunaCasaFogueiraInteriorsV2,Arauna bank
PacifidlogTown_House3,LAYOUT_ARAUNA_CASA_FOGUEIRA_HOUSE3,gTileset_Building,gTileset_AraunaCasaFogueiraInteriorsV2,Arauna bank
PacifidlogTown_House4,LAYOUT_ARAUNA_CASA_FOGUEIRA_HOUSE4,gTileset_Building,gTileset_AraunaCasaFogueiraInteriorsV2,Arauna bank
PacifidlogTown_House5,LAYOUT_ARAUNA_CASA_FOGUEIRA_HOUSE5,gTileset_Building,gTileset_AraunaCasaFogueiraInteriorsV2,Arauna bank
PacifidlogTown_PokemonCenter_1F,LAYOUT_ARAUNA_CASA_FOGUEIRA_CENTER_1F,gTileset_Building,gTileset_AraunaCasaFogueiraInteriorsV2,Arauna bank
PacifidlogTown_PokemonCenter_2F,LAYOUT_ARAUNA_CASA_FOGUEIRA_CENTER_2F,gTileset_Building,gTileset_AraunaCasaFogueiraInteriorsV2,Arauna bank
PetalburgCity,LAYOUT_ARAUNA_PETALBURG_CITY_SUL_PAMPA_V1,gTileset_AraunaBorderPetalburgCityBaseUivoV1,gTileset_AraunaBorderPetalburgCityArtUivoV1,Arauna bank
PetalburgCity_Gym,LAYOUT_ARAUNA_PAMPA_GYM,gTileset_Building,gTileset_AraunaPampaGalpao,Arauna bank
PetalburgCity_House1,LAYOUT_ARAUNA_PAMPA_HOUSE1,gTileset_Building,gTileset_AraunaPampaCasas,Arauna bank
PetalburgCity_House2,LAYOUT_ARAUNA_PAMPA_HOUSE2,gTileset_Building,gTileset_AraunaPampaCasas,Arauna bank
PetalburgCity_Mart,LAYOUT_ARAUNA_PAMPA_MART,gTileset_Building,gTileset_AraunaPampaVenda,Arauna bank
PetalburgCity_PokemonCenter_1F,LAYOUT_ARAUNA_PAMPA_POKEMONCENTER_1F,gTileset_Building,gTileset_AraunaPampaCentro,Arauna bank
PetalburgCity_PokemonCenter_2F,LAYOUT_ARAUNA_PAMPA_POKEMONCENTER_2F,gTileset_Building,gTileset_AraunaPampaCentro,Arauna bank
PetalburgCity_WallysHouse,LAYOUT_ARAUNA_PAMPA_WALLYSHOUSE,gTileset_Building,gTileset_AraunaPampaCasas,Arauna bank
PetalburgWoods,LAYOUT_ARAUNA_MATA_ESPERA_V1,gTileset_AraunaMataEspera,gTileset_AraunaMataEsperaV1,Arauna bank
RecordCorner,LAYOUT_RECORD_CORNER,gTileset_Building,gTileset_CableClub,native remaining
Route101,LAYOUT_ARAUNA_ROUTE101_COMPOSICAO_V1,gTileset_AraunaInicioBaseV1,gTileset_AraunaInicioSulV1,Arauna bank
Route102,LAYOUT_ARAUNA_ROUTE102_SUL_PAMPA_V1,gTileset_AraunaBorderRoute102BaseUivoV1,gTileset_AraunaBorderRoute102ArtUivoV1,Arauna bank
Route103,LAYOUT_ARAUNA_ROUTE103_SUL_PAMPA_V1,gTileset_AraunaBorderRoute103BaseUivoV1,gTileset_AraunaBorderRoute103ArtUivoV1,Arauna bank
Route104,LAYOUT_ARAUNA_ROUTE104_SUL_PAMPA_V1,gTileset_AraunaBorderRoute104BaseUivoV1,gTileset_AraunaBorderRoute104ArtUivoV1,Arauna bank
Route104_MrBrineysHouse,LAYOUT_ARAUNA_CAMPANHA_V2_ROUTE104_MR_BRINEYS_HOUSE,gTileset_AraunaCampanhaBaseV2,gTileset_AraunaCampanhaBrineyV2,Arauna bank
Route104_PrettyPetalFlowerShop,LAYOUT_ARAUNA_CAMPANHA_V2_ROUTE104_PRETTY_PETAL_FLOWER_SHOP,gTileset_AraunaCampanhaBaseV2,gTileset_AraunaCampanhaFloresV2,Arauna bank
Route104_Prototype,LAYOUT_ROUTE104_PROTOTYPE,gTileset_General,gTileset_Rustboro,inactive
Route104_PrototypePrettyPetalFlowerShop,LAYOUT_ROUTE104_PRETTY_PETAL_FLOWER_SHOP,gTileset_Building,gTileset_PrettyPetalFlowerShop,inactive
Route105,LAYOUT_ARAUNA_ROUTE105_ARCO_V1,gTileset_AraunaBorderRoute105BaseUivoV1,gTileset_AraunaBorderRoute105ArtUivoV1,Arauna bank
Route106,LAYOUT_ROUTE106,gTileset_General,gTileset_AraunaRedes,Arauna bank
Route107,LAYOUT_ROUTE107,gTileset_General,gTileset_AraunaRedes,Arauna bank
Route108,LAYOUT_ARAUNA_ROUTE108_WRECK_V1,gTileset_AraunaArcoCosteiro,gTileset_AraunaNaufragio,Arauna bank
Route109,LAYOUT_ARAUNA_ROUTE109_URBAN_BEACH_V1,gTileset_AraunaArcoCosteiro,gTileset_AraunaPraiaUrbana,Arauna bank
Route109_SeashoreHouse,LAYOUT_ROUTE109_SEASHORE_HOUSE,gTileset_AraunaRotaBaseV1,gTileset_AraunaRotaPraiaV1,Arauna bank
Route110,LAYOUT_ARAUNA_ROUTE110_MANGROVE_V1,gTileset_AraunaBorderRoute110BaseUivoV1,gTileset_AraunaBorderRoute110ArtUivoV1,Arauna bank
Route110_SeasideCyclingRoadNorthEntrance,LAYOUT_ROUTE110_SEASIDE_CYCLING_ROAD_ENTRANCE,gTileset_AraunaRotaBaseV1,gTileset_AraunaRotaCicloviaV1,Arauna bank
Route110_SeasideCyclingRoadSouthEntrance,LAYOUT_ROUTE110_SEASIDE_CYCLING_ROAD_ENTRANCE,gTileset_AraunaRotaBaseV1,gTileset_AraunaRotaCicloviaV1,Arauna bank
Route110_TrickHouseCorridor,LAYOUT_ROUTE110_TRICK_HOUSE_CORRIDOR,gTileset_AraunaRotaBaseV1,gTileset_AraunaRotaOficinaV1,Arauna bank
Route110_TrickHouseEnd,LAYOUT_ROUTE110_TRICK_HOUSE_END,gTileset_AraunaRotaBaseV1,gTileset_AraunaRotaOficinaV1,Arauna bank
Route110_TrickHouseEntrance,LAYOUT_ROUTE110_TRICK_HOUSE_ENTRANCE,gTileset_AraunaRotaBaseV1,gTileset_AraunaRotaOficinaV1,Arauna bank
Route110_TrickHousePuzzle1,LAYOUT_ROUTE110_TRICK_HOUSE_PUZZLE1,gTileset_AraunaRotaBaseV1,gTileset_AraunaRotaEnigmasV1,Arauna bank
Route110_TrickHousePuzzle2,LAYOUT_ROUTE110_TRICK_HOUSE_PUZZLE2,gTileset_AraunaRotaBaseV1,gTileset_AraunaRotaEnigmasV1,Arauna bank
Route110_TrickHousePuzzle3,LAYOUT_ROUTE110_TRICK_HOUSE_PUZZLE3,gTileset_AraunaRotaBaseV1,gTileset_AraunaRotaEnigmasV1,Arauna bank
Route110_TrickHousePuzzle4,LAYOUT_ROUTE110_TRICK_HOUSE_PUZZLE4,gTileset_AraunaRotaBaseV1,gTileset_AraunaRotaEnigmasV1,Arauna bank
Route110_TrickHousePuzzle5,LAYOUT_ROUTE110_TRICK_HOUSE_PUZZLE5,gTileset_AraunaRotaBaseV1,gTileset_AraunaRotaEnigmasV1,Arauna bank
Route110_TrickHousePuzzle6,LAYOUT_ROUTE110_TRICK_HOUSE_PUZZLE6,gTileset_AraunaRotaBaseV1,gTileset_AraunaRotaEnigmasV1,Arauna bank
Route110_TrickHousePuzzle7,LAYOUT_ROUTE110_TRICK_HOUSE_PUZZLE7,gTileset_AraunaRotaBaseV1,gTileset_AraunaRotaEnigmasV1,Arauna bank
Route110_TrickHousePuzzle8,LAYOUT_ROUTE110_TRICK_HOUSE_PUZZLE8,gTileset_AraunaRotaBaseV1,gTileset_AraunaRotaEnigmasV1,Arauna bank
Route111,LAYOUT_ARAUNA_ROUTE111_THREE_ACTS_V1,gTileset_AraunaBorderRoute111BaseUivoV1,gTileset_AraunaBorderRoute111ArtUivoV1,Arauna bank
Route111_OldLadysRestStop,LAYOUT_HOUSE3,gTileset_AraunaRotaBaseV1,gTileset_AraunaRotaPousoV1,Arauna bank
Route111_WinstrateFamilysHouse,LAYOUT_HOUSE2,gTileset_AraunaRotaBaseV1,gTileset_AraunaRotaFazendaV1,Arauna bank
Route112,LAYOUT_ARAUNA_ROUTE112_VOLCANIC_BASE_V1,gTileset_AraunaBorderRoute112BaseUivoV1,gTileset_AraunaBorderRoute112ArtUivoV1,Arauna bank
Route112_CableCarStation,LAYOUT_CABLE_CAR_STATION,gTileset_General,gTileset_AraunaRotaEstacaoV1,Arauna bank
Route113,LAYOUT_ARAUNA_ROUTE113_ASH_FIELD_V1,gTileset_AraunaCampoCinzas,gTileset_Arauna113CampoInterfaceV4,Arauna bank
Route113_GlassWorkshop,LAYOUT_HOUSE4,gTileset_AraunaRotaBaseV1,gTileset_AraunaRotaVidroV1,Arauna bank
Route114,LAYOUT_ARAUNA_ROUTE114_VALLEY_V1,gTileset_AraunaBorderRoute114BaseUivoV1,gTileset_AraunaBorderRoute114ArtUivoV1,Arauna bank
Route114_FossilManiacsHouse,LAYOUT_ROUTE114_FOSSIL_MANIACS_HOUSE,gTileset_AraunaRotaBaseV1,gTileset_AraunaRotaFosseisV1,Arauna bank
Route114_FossilManiacsTunnel,LAYOUT_ROUTE114_FOSSIL_MANIACS_TUNNEL,gTileset_General,gTileset_AraunaRotaTunelV1,Arauna bank
Route114_LanettesHouse,LAYOUT_ROUTE114_LANETTES_HOUSE,gTileset_AraunaRotaBaseV1,gTileset_AraunaRotaTecnicaV1,Arauna bank
Route115,LAYOUT_ARAUNA_UIVO_ROUTE115_V1,gTileset_AraunaBorderRoute115BaseUivoV1,gTileset_AraunaBorderRoute115ArtUivoV1,Arauna bank
Route116,LAYOUT_ARAUNA_UIVO_ROUTE116_V1,gTileset_AraunaBorderRoute116BaseUivoV1,gTileset_AraunaBorderRoute116ArtUivoV1,Arauna bank
Route116_TunnelersRestHouse,LAYOUT_ROUTE116_TUNNELERS_REST_HOUSE,gTileset_AraunaRotaBaseV1,gTileset_AraunaRotaMineirosV1,Arauna bank
Route117,LAYOUT_ARAUNA_ROUTE117_CULTIVATED_FIELDS_V1,gTileset_AraunaBorderRoute117BaseUivoV1,gTileset_AraunaBorderRoute117ArtUivoV1,Arauna bank
Route117_PokemonDayCare,LAYOUT_ARAUNA_CAMPANHA_V2_ROUTE117_POKEMON_DAY_CARE,gTileset_AraunaCampanhaBaseV2,gTileset_AraunaCampanhaDaycareV2,Arauna bank
Route118,LAYOUT_ARAUNA_ROUTE118_RIVER_CROSSING_V1,gTileset_AraunaBorderRoute118BaseUivoV1,gTileset_AraunaBorderRoute118ArtUivoV1,Arauna bank
Route119,LAYOUT_ROUTE119,gTileset_AraunaBorderRoute119BaseUivoV1,gTileset_AraunaBorderRoute119ArtUivoV1,Arauna bank
Route119_House,LAYOUT_ARAUNA_CAMPANHA_V2_ROUTE119_HOUSE,gTileset_AraunaCampanhaBaseV2,gTileset_AraunaCampanhaAbrigoV2,Arauna bank
Route119_WeatherInstitute_1F,LAYOUT_ARAUNA_CAMPANHA_V2_ROUTE119_WEATHER_INSTITUTE_1_F,gTileset_AraunaCampanhaBaseV2,gTileset_AraunaCampanhaClimaV2,Arauna bank
Route119_WeatherInstitute_2F,LAYOUT_ARAUNA_CAMPANHA_V2_ROUTE119_WEATHER_INSTITUTE_2_F,gTileset_AraunaCampanhaBaseV2,gTileset_AraunaCampanhaClimaV2,Arauna bank
Route120,LAYOUT_ROUTE120,gTileset_General,gTileset_AraunaMataMeioV3,Arauna bank
Route121,LAYOUT_ARAUNA_ROUTE121_URBAN_TRANSITION_V1,gTileset_AraunaTransicaoBaia,gTileset_Arauna121BaiaInterfaceV3,Arauna bank
Route121_SafariZoneEntrance,LAYOUT_ROUTE121_SAFARI_ZONE_ENTRANCE,gTileset_AraunaSafari05RecepcaoBase,gTileset_AraunaSafari05RecepcaoArt,Arauna bank
Route122,LAYOUT_ARAUNA_ROUTE122_MEMORIAL_WATER_V1,gTileset_AraunaRioMemorial,gTileset_Arauna122MarcosMemoria,Arauna bank
Route123,LAYOUT_ARAUNA_ROUTE123_COASTAL_FARMS_V1,gTileset_AraunaFazendasCosteiras,gTileset_Arauna123CostaLavoura,Arauna bank
Route123_BerryMastersHouse,LAYOUT_HOUSE2,gTileset_AraunaRotaBaseV1,gTileset_AraunaRotaFazendaV1,Arauna bank
Route124,LAYOUT_ARAUNA_ROUTE124_ARCHIPELAGO_V1,gTileset_AraunaBorderRoute124BaseUivoV1,gTileset_AraunaBorderRoute124ArtUivoV1,Arauna bank
Route124_DivingTreasureHuntersHouse,LAYOUT_ROUTE124_DIVING_TREASURE_HUNTERS_HOUSE,gTileset_AraunaRotaBaseV1,gTileset_AraunaRotaMergulhoV1,Arauna bank
Route125,LAYOUT_ARAUNA_ROUTE125_COLD_SEA_V1,gTileset_AraunaMarFrio,gTileset_Arauna125MissoesInterfaceV3,Arauna bank
Route126,LAYOUT_ARAUNA_ROUTE126_ANCESTRAL_WATERS_V1,gTileset_AraunaBorderRoute126BaseUivoV1,gTileset_AraunaBorderRoute126ArtUivoV1,Arauna bank
Route127,LAYOUT_ARAUNA_ROUTE127_DEEP_OCEAN_V1,gTileset_AraunaOceanoProfundo,gTileset_Arauna127MissoesInterfaceV3,Arauna bank
Route128,LAYOUT_ARAUNA_ROUTE128_DIVE_REEF_V1,gTileset_AraunaBorderRoute128BaseUivoV1,gTileset_AraunaBorderRoute128ArtUivoV1,Arauna bank
Route129,LAYOUT_ARAUNA_ROUTE129_ISLAND_LANDMARKS_V1,gTileset_AraunaIlhotas,gTileset_Arauna129Bosque,Arauna bank
Route130,LAYOUT_ARAUNA_ROUTE130_CROSS_CURRENTS_V1,gTileset_AraunaMarCorrente,gTileset_Arauna130Correntes,Arauna bank
Route131,LAYOUT_ARAUNA_ROUTE131_LAST_FREE_SEA_V1,gTileset_AraunaMarLivre,gTileset_Arauna131Vento,Arauna bank
Route132,LAYOUT_ARAUNA_ROUTE132_CURRENT_NODES_V1,gTileset_AraunaCorrentesFinais,gTileset_Arauna132134Balizas,Arauna bank
Route133,LAYOUT_ARAUNA_ROUTE133_CURRENT_NODES_V1,gTileset_AraunaCorrentesFinais,gTileset_Arauna132134Balizas,Arauna bank
Route134,LAYOUT_ARAUNA_ROUTE134_CURRENT_NODES_V1,gTileset_AraunaCorrentesFinais,gTileset_Arauna132134Balizas,Arauna bank
RustboroCity,LAYOUT_ARAUNA_UIVO_RUSTBORO_CITY_V1,gTileset_AraunaBorderRustboroCityBaseUivoV1,gTileset_AraunaBorderRustboroCityArtUivoV1,Arauna bank
RustboroCity_CuttersHouse,LAYOUT_ARAUNA_SERRA_INTERIORS_CUTTERSHOUSE,gTileset_Building,gTileset_AraunaSerraCasas,Arauna bank
RustboroCity_DevonCorp_1F,LAYOUT_ARAUNA_SERRA_INTERIORS_DEVONCORP_1F,gTileset_Building,gTileset_AraunaSerraTecnica,Arauna bank
RustboroCity_DevonCorp_2F,LAYOUT_ARAUNA_SERRA_INTERIORS_DEVONCORP_2F,gTileset_General,gTileset_AraunaSerraTecnica,Arauna bank
RustboroCity_DevonCorp_3F,LAYOUT_ARAUNA_SERRA_INTERIORS_DEVONCORP_3F,gTileset_Building,gTileset_AraunaSerraTecnica,Arauna bank
RustboroCity_Flat1_1F,LAYOUT_ARAUNA_SERRA_INTERIORS_FLAT1_1F,gTileset_Building,gTileset_AraunaSerraCasas,Arauna bank
RustboroCity_Flat1_2F,LAYOUT_ARAUNA_SERRA_INTERIORS_FLAT1_2F,gTileset_Building,gTileset_AraunaSerraCasas,Arauna bank
RustboroCity_Flat2_1F,LAYOUT_ARAUNA_SERRA_INTERIORS_FLAT2_1F,gTileset_Building,gTileset_AraunaSerraCasas,Arauna bank
RustboroCity_Flat2_2F,LAYOUT_ARAUNA_SERRA_INTERIORS_FLAT2_2F,gTileset_Building,gTileset_AraunaSerraCasas,Arauna bank
RustboroCity_Flat2_3F,LAYOUT_ARAUNA_SERRA_INTERIORS_FLAT2_3F,gTileset_Building,gTileset_AraunaSerraCasas,Arauna bank
RustboroCity_Gym,LAYOUT_RUSTBORO_CITY_GYM,gTileset_Building,gTileset_AraunaTerra,Arauna bank
RustboroCity_House1,LAYOUT_ARAUNA_SERRA_INTERIORS_HOUSE1,gTileset_Building,gTileset_AraunaSerraCasas,Arauna bank
RustboroCity_House2,LAYOUT_ARAUNA_SERRA_INTERIORS_HOUSE2,gTileset_Building,gTileset_AraunaSerraCasas,Arauna bank
RustboroCity_House3,LAYOUT_ARAUNA_SERRA_INTERIORS_HOUSE3,gTileset_Building,gTileset_AraunaSerraCasas,Arauna bank
RustboroCity_Mart,LAYOUT_ARAUNA_SERRA_INTERIORS_MART,gTileset_Building,gTileset_AraunaSerraVenda,Arauna bank
RustboroCity_PokemonCenter_1F,LAYOUT_ARAUNA_SERRA_INTERIORS_POKEMONCENTER_1F,gTileset_Building,gTileset_AraunaSerraCentro,Arauna bank
RustboroCity_PokemonCenter_2F,LAYOUT_ARAUNA_SERRA_INTERIORS_POKEMONCENTER_2F,gTileset_Building,gTileset_AraunaSerraCentro,Arauna bank
RustboroCity_PokemonSchool,LAYOUT_ARAUNA_SERRA_INTERIORS_POKEMONSCHOOL,gTileset_Building,gTileset_AraunaSerraEscola,Arauna bank
RusturfTunnel,LAYOUT_ARAUNA_GALERIAS_SERRA_V1,gTileset_AraunaRochaMina,gTileset_AraunaGaleriasSerra,Arauna bank
SSTidalCorridor,LAYOUT_SS_TIDAL_CORRIDOR,gTileset_General,gTileset_InsideShip,native remaining
SSTidalLowerDeck,LAYOUT_SS_TIDAL_LOWER_DECK,gTileset_General,gTileset_InsideShip,native remaining
SSTidalRooms,LAYOUT_SS_TIDAL_ROOMS,gTileset_General,gTileset_InsideShip,native remaining
SafariZone_North,LAYOUT_SAFARI_ZONE_NORTH,gTileset_AraunaSafari05MataBase,gTileset_AraunaSafari05MataArt,Arauna bank
SafariZone_Northeast,LAYOUT_SAFARI_ZONE_NORTHEAST,gTileset_AraunaSafari05MataBase,gTileset_AraunaSafari05MataArt,Arauna bank
SafariZone_Northwest,LAYOUT_SAFARI_ZONE_NORTHWEST,gTileset_AraunaSafari05MataBase,gTileset_AraunaSafari05MataArt,Arauna bank
SafariZone_RestHouse,LAYOUT_SAFARI_ZONE_REST_HOUSE,gTileset_AraunaSafari05PousoBase,gTileset_AraunaSafari05PousoArt,Arauna bank
SafariZone_South,LAYOUT_SAFARI_ZONE_SOUTH,gTileset_AraunaSafari05MataBase,gTileset_AraunaSafari05MataArt,Arauna bank
SafariZone_Southeast,LAYOUT_SAFARI_ZONE_SOUTHEAST,gTileset_AraunaSafari05MataBase,gTileset_AraunaSafari05MataArt,Arauna bank
SafariZone_Southwest,LAYOUT_SAFARI_ZONE_SOUTHWEST,gTileset_AraunaSafari05MataBase,gTileset_AraunaSafari05MataArt,Arauna bank
ScorchedSlab,LAYOUT_SCORCHED_SLAB,gTileset_AraunaScorched08B2Primary,gTileset_AraunaScorched08B2,Arauna bank
SeafloorCavern_Entrance,LAYOUT_SEAFLOOR_CAVERN_ENTRANCE,gTileset_AraunaGrutasSeafloorBaseV1,gTileset_AraunaGrutasSeafloorRochaV1,Arauna bank
SeafloorCavern_Room1,LAYOUT_SEAFLOOR_CAVERN_ROOM1,gTileset_AraunaGrutasSeafloorBaseV1,gTileset_AraunaGrutasSeafloorRochaV1,Arauna bank
SeafloorCavern_Room2,LAYOUT_SEAFLOOR_CAVERN_ROOM2,gTileset_AraunaGrutasSeafloorBaseV1,gTileset_AraunaGrutasSeafloorRochaV1,Arauna bank
SeafloorCavern_Room3,LAYOUT_SEAFLOOR_CAVERN_ROOM3,gTileset_AraunaGrutasSeafloorBaseV1,gTileset_AraunaGrutasSeafloorRochaV1,Arauna bank
SeafloorCavern_Room4,LAYOUT_SEAFLOOR_CAVERN_ROOM4,gTileset_AraunaGrutasSeafloorBaseV1,gTileset_AraunaGrutasSeafloorRochaV1,Arauna bank
SeafloorCavern_Room5,LAYOUT_SEAFLOOR_CAVERN_ROOM5,gTileset_AraunaGrutasSeafloorBaseV1,gTileset_AraunaGrutasSeafloorRochaV1,Arauna bank
SeafloorCavern_Room6,LAYOUT_SEAFLOOR_CAVERN_ROOM6,gTileset_AraunaGrutasSeafloorBaseV1,gTileset_AraunaGrutasSeafloorCorrentesV1,Arauna bank
SeafloorCavern_Room7,LAYOUT_SEAFLOOR_CAVERN_ROOM7,gTileset_AraunaGrutasSeafloorBaseV1,gTileset_AraunaGrutasSeafloorCorrentesV1,Arauna bank
SeafloorCavern_Room8,LAYOUT_SEAFLOOR_CAVERN_ROOM8,gTileset_AraunaGrutasSeafloorBaseV1,gTileset_AraunaGrutasSeafloorRochaV1,Arauna bank
SeafloorCavern_Room9,LAYOUT_SEAFLOOR_CAVERN_ROOM9,gTileset_AraunaGrutasSeafloorBaseV1,gTileset_AraunaGrutasSeafloorRochaV1,Arauna bank
SealedChamber_InnerRoom,LAYOUT_SEALED_CHAMBER_INNER_ROOM,gTileset_General,gTileset_AraunaSealedChamber03BV11,Arauna bank
SealedChamber_OuterRoom,LAYOUT_SEALED_CHAMBER_OUTER_ROOM,gTileset_General,gTileset_AraunaSealedChamber03BV11,Arauna bank
SecretBase_BlueCave1,LAYOUT_SECRET_BASE_BLUE_CAVE1,gTileset_SecretBase,gTileset_AraunaSecret06C1Blue,Arauna bank
SecretBase_BlueCave2,LAYOUT_SECRET_BASE_BLUE_CAVE2,gTileset_SecretBase,gTileset_AraunaSecret06C1Blue,Arauna bank
SecretBase_BlueCave3,LAYOUT_SECRET_BASE_BLUE_CAVE3,gTileset_SecretBase,gTileset_AraunaSecret06C1Blue,Arauna bank
SecretBase_BlueCave4,LAYOUT_SECRET_BASE_BLUE_CAVE4,gTileset_SecretBase,gTileset_AraunaSecret06C1Blue,Arauna bank
SecretBase_BrownCave1,LAYOUT_SECRET_BASE_BROWN_CAVE1,gTileset_SecretBase,gTileset_AraunaSecret06C1Brown,Arauna bank
SecretBase_BrownCave2,LAYOUT_SECRET_BASE_BROWN_CAVE2,gTileset_SecretBase,gTileset_AraunaSecret06C1Brown,Arauna bank
SecretBase_BrownCave3,LAYOUT_SECRET_BASE_BROWN_CAVE3,gTileset_SecretBase,gTileset_AraunaSecret06C1Brown,Arauna bank
SecretBase_BrownCave4,LAYOUT_SECRET_BASE_BROWN_CAVE4,gTileset_SecretBase,gTileset_AraunaSecret06C1Brown,Arauna bank
SecretBase_RedCave1,LAYOUT_SECRET_BASE_RED_CAVE1,gTileset_SecretBase,gTileset_AraunaSecret06C1Red,Arauna bank
SecretBase_RedCave2,LAYOUT_SECRET_BASE_RED_CAVE2,gTileset_SecretBase,gTileset_AraunaSecret06C1Red,Arauna bank
SecretBase_RedCave3,LAYOUT_SECRET_BASE_RED_CAVE3,gTileset_SecretBase,gTileset_AraunaSecret06C1Red,Arauna bank
SecretBase_RedCave4,LAYOUT_SECRET_BASE_RED_CAVE4,gTileset_SecretBase,gTileset_AraunaSecret06C1Red,Arauna bank
SecretBase_Shrub1,LAYOUT_SECRET_BASE_SHRUB1,gTileset_SecretBase,gTileset_AraunaSecret06C2Shrub,Arauna bank
SecretBase_Shrub2,LAYOUT_SECRET_BASE_SHRUB2,gTileset_SecretBase,gTileset_AraunaSecret06C2Shrub,Arauna bank
SecretBase_Shrub3,LAYOUT_SECRET_BASE_SHRUB3,gTileset_SecretBase,gTileset_AraunaSecret06C2Shrub,Arauna bank
SecretBase_Shrub4,LAYOUT_SECRET_BASE_SHRUB4,gTileset_SecretBase,gTileset_AraunaSecret06C2Shrub,Arauna bank
SecretBase_Tree1,LAYOUT_SECRET_BASE_TREE1,gTileset_SecretBase,gTileset_AraunaSecret06C2Tree,Arauna bank
SecretBase_Tree2,LAYOUT_SECRET_BASE_TREE2,gTileset_SecretBase,gTileset_AraunaSecret06C2Tree,Arauna bank
SecretBase_Tree3,LAYOUT_SECRET_BASE_TREE3,gTileset_SecretBase,gTileset_AraunaSecret06C2Tree,Arauna bank
SecretBase_Tree4,LAYOUT_SECRET_BASE_TREE4,gTileset_SecretBase,gTileset_AraunaSecret06C2Tree,Arauna bank
SecretBase_YellowCave1,LAYOUT_SECRET_BASE_YELLOW_CAVE1,gTileset_SecretBase,gTileset_AraunaSecret06C1Yellow,Arauna bank
SecretBase_YellowCave2,LAYOUT_SECRET_BASE_YELLOW_CAVE2,gTileset_SecretBase,gTileset_AraunaSecret06C1Yellow,Arauna bank
SecretBase_YellowCave3,LAYOUT_SECRET_BASE_YELLOW_CAVE3,gTileset_SecretBase,gTileset_AraunaSecret06C1Yellow,Arauna bank
SecretBase_YellowCave4,LAYOUT_SECRET_BASE_YELLOW_CAVE4,gTileset_SecretBase,gTileset_AraunaSecret06C1Yellow,Arauna bank
ShoalCave_HighTideEntranceRoom,LAYOUT_ARAUNA_MARE_HIGHTIDEENTRANCEROOM_V1,gTileset_AraunaMareAlta,gTileset_AraunaMareRochaAlta,Arauna bank
ShoalCave_HighTideInnerRoom,LAYOUT_ARAUNA_MARE_HIGHTIDEINNERROOM_V1,gTileset_AraunaMareAlta,gTileset_AraunaMareRochaAlta,Arauna bank
ShoalCave_LowTideEntranceRoom,LAYOUT_ARAUNA_MARE_LOWTIDEENTRANCEROOM_V1,gTileset_AraunaMareBaixa,gTileset_AraunaMareRochaBaixa,Arauna bank
ShoalCave_LowTideIceRoom,LAYOUT_ARAUNA_MARE_LOWTIDEICEROOM_V1,gTileset_AraunaMareAlta,gTileset_AraunaMareGelo,Arauna bank
ShoalCave_LowTideInnerRoom,LAYOUT_ARAUNA_MARE_LOWTIDEINNERROOM_V1,gTileset_AraunaMareBaixa,gTileset_AraunaMareRochaBaixa,Arauna bank
ShoalCave_LowTideLowerRoom,LAYOUT_ARAUNA_MARE_LOWTIDELOWERROOM_V1,gTileset_AraunaMareBaixa,gTileset_AraunaMareRochaBaixa,Arauna bank
ShoalCave_LowTideStairsRoom,LAYOUT_ARAUNA_MARE_LOWTIDESTAIRSROOM_V1,gTileset_AraunaMareBaixa,gTileset_AraunaMareRochaBaixa,Arauna bank
SkyPillar_1F,LAYOUT_ARAUNA_TORRE_1F_V1,gTileset_AraunaTorreMar,gTileset_AraunaTorrePisosBaixos,Arauna bank
SkyPillar_2F,LAYOUT_ARAUNA_TORRE_2F_V1,gTileset_AraunaTorreMar,gTileset_AraunaTorrePisosBaixos,Arauna bank
SkyPillar_3F,LAYOUT_ARAUNA_TORRE_3F_V1,gTileset_AraunaTorreMar,gTileset_AraunaTorrePisosBaixos,Arauna bank
SkyPillar_4F,LAYOUT_ARAUNA_TORRE_4F_V1,gTileset_AraunaTorreMar,gTileset_AraunaTorrePisosAltos,Arauna bank
SkyPillar_5F,LAYOUT_ARAUNA_TORRE_5F_V1,gTileset_AraunaTorreMar,gTileset_AraunaTorrePisosAltos,Arauna bank
SkyPillar_Entrance,LAYOUT_ARAUNA_TORRE_ENTRANCE_V1,gTileset_AraunaTorreMar,gTileset_AraunaTorreEntrada,Arauna bank
SkyPillar_Outside,LAYOUT_ARAUNA_TORRE_OUTSIDE_V1,gTileset_AraunaTorreMar,gTileset_AraunaTorreCosta,Arauna bank
SkyPillar_Top,LAYOUT_ARAUNA_TORRE_TOP_V1,gTileset_AraunaTorreMar,gTileset_AraunaTorreTopo,Arauna bank
SlateportCity,LAYOUT_SLATEPORT_CITY,gTileset_AraunaBorderSlateportCityBaseUivoV1,gTileset_AraunaBorderSlateportCityArtUivoV1,Arauna bank
SlateportCity_BattleTentBattleRoom,LAYOUT_ARAUNA_PORTO_INTERIORS_BATTLETENTBATTLEROOM,gTileset_Building,gTileset_AraunaPortoPavilhao,Arauna bank
SlateportCity_BattleTentCorridor,LAYOUT_ARAUNA_PORTO_INTERIORS_BATTLETENTCORRIDOR,gTileset_Building,gTileset_AraunaPortoPavilhao,Arauna bank
SlateportCity_BattleTentLobby,LAYOUT_ARAUNA_PORTO_INTERIORS_BATTLETENTLOBBY,gTileset_Building,gTileset_AraunaPortoPavilhao,Arauna bank
SlateportCity_Harbor,LAYOUT_ARAUNA_PORTO_INTERIORS_HARBOR,gTileset_General,gTileset_AraunaPortoEstaleiro,Arauna bank
SlateportCity_House,LAYOUT_ARAUNA_PORTO_INTERIORS_HOUSE,gTileset_Building,gTileset_AraunaPortoCasas,Arauna bank
SlateportCity_Mart,LAYOUT_ARAUNA_PORTO_INTERIORS_MART,gTileset_Building,gTileset_AraunaPortoVenda,Arauna bank
SlateportCity_NameRatersHouse,LAYOUT_ARAUNA_PORTO_INTERIORS_NAMERATERSHOUSE,gTileset_Building,gTileset_AraunaPortoCasas,Arauna bank
SlateportCity_OceanicMuseum_1F,LAYOUT_ARAUNA_PORTO_INTERIORS_OCEANICMUSEUM_1F,gTileset_Building,gTileset_AraunaPortoMuseu,Arauna bank
SlateportCity_OceanicMuseum_2F,LAYOUT_ARAUNA_PORTO_INTERIORS_OCEANICMUSEUM_2F,gTileset_Building,gTileset_AraunaPortoMuseu,Arauna bank
SlateportCity_PokemonCenter_1F,LAYOUT_ARAUNA_PORTO_INTERIORS_POKEMONCENTER_1F,gTileset_Building,gTileset_AraunaPortoCentro,Arauna bank
SlateportCity_PokemonCenter_2F,LAYOUT_ARAUNA_PORTO_INTERIORS_POKEMONCENTER_2F,gTileset_Building,gTileset_AraunaPortoCentro,Arauna bank
SlateportCity_PokemonFanClub,LAYOUT_ARAUNA_PORTO_INTERIORS_POKEMONFANCLUB,gTileset_Building,gTileset_AraunaPortoClube,Arauna bank
SlateportCity_SternsShipyard_1F,LAYOUT_ARAUNA_PORTO_INTERIORS_STERNSSHIPYARD_1F,gTileset_General,gTileset_AraunaPortoEstaleiro,Arauna bank
SlateportCity_SternsShipyard_2F,LAYOUT_ARAUNA_PORTO_INTERIORS_STERNSSHIPYARD_2F,gTileset_General,gTileset_AraunaPortoEstaleiro,Arauna bank
SootopolisCity,LAYOUT_SOOTOPOLIS_CITY,gTileset_General,gTileset_AraunaAguasMBoiV2,Arauna bank
SootopolisCity_Gym_1F,LAYOUT_SOOTOPOLIS_CITY_GYM_1F,gTileset_Building,gTileset_AraunaAguasMboiSpecialV1,Arauna bank
SootopolisCity_Gym_B1F,LAYOUT_SOOTOPOLIS_CITY_GYM_B1F,gTileset_Building,gTileset_AraunaAguasMboiSpecialV1,Arauna bank
SootopolisCity_House1,LAYOUT_ARAUNA_AGUAS_MBOI_INTERIORS_HOUSE1,gTileset_Building,gTileset_AraunaAguasMboiInteriorsV1,Arauna bank
SootopolisCity_House2,LAYOUT_ARAUNA_AGUAS_MBOI_INTERIORS_HOUSE2,gTileset_Building,gTileset_AraunaAguasMboiInteriorsV1,Arauna bank
SootopolisCity_House3,LAYOUT_ARAUNA_AGUAS_MBOI_INTERIORS_HOUSE3,gTileset_Building,gTileset_AraunaAguasMboiInteriorsV1,Arauna bank
SootopolisCity_House4,LAYOUT_ARAUNA_AGUAS_MBOI_INTERIORS_HOUSE4,gTileset_Building,gTileset_AraunaAguasMboiInteriorsV1,Arauna bank
SootopolisCity_House5,LAYOUT_ARAUNA_AGUAS_MBOI_INTERIORS_HOUSE5,gTileset_Building,gTileset_AraunaAguasMboiInteriorsV1,Arauna bank
SootopolisCity_House6,LAYOUT_ARAUNA_AGUAS_MBOI_INTERIORS_HOUSE6,gTileset_Building,gTileset_AraunaAguasMboiInteriorsV1,Arauna bank
SootopolisCity_House7,LAYOUT_ARAUNA_AGUAS_MBOI_INTERIORS_HOUSE7,gTileset_Building,gTileset_AraunaAguasMboiInteriorsV1,Arauna bank
SootopolisCity_LotadAndSeedotHouse,LAYOUT_ARAUNA_AGUAS_MBOI_INTERIORS_LOTADANDSEEDOTHOUSE,gTileset_Building,gTileset_AraunaAguasMboiInteriorsV1,Arauna bank
SootopolisCity_Mart,LAYOUT_ARAUNA_AGUAS_MBOI_INTERIORS_MART,gTileset_Building,gTileset_AraunaAguasMboiInteriorsV1,Arauna bank
SootopolisCity_MysteryEventsHouse_1F,LAYOUT_SOOTOPOLIS_CITY_MYSTERY_EVENTS_HOUSE_1F,gTileset_Building,gTileset_AraunaAguasMboiSpecialV1,Arauna bank
SootopolisCity_MysteryEventsHouse_B1F,LAYOUT_SOOTOPOLIS_CITY_MYSTERY_EVENTS_HOUSE_B1F,gTileset_Building,gTileset_AraunaAguasMboiSpecialV1,Arauna bank
SootopolisCity_PokemonCenter_1F,LAYOUT_ARAUNA_AGUAS_MBOI_INTERIORS_POKEMONCENTER_1F,gTileset_Building,gTileset_AraunaAguasMboiInteriorsV1,Arauna bank
SootopolisCity_PokemonCenter_2F,LAYOUT_ARAUNA_AGUAS_MBOI_INTERIORS_POKEMONCENTER_2F,gTileset_Building,gTileset_AraunaAguasMboiInteriorsV1,Arauna bank
SouthernIsland_Exterior,LAYOUT_SOUTHERN_ISLAND_EXTERIOR,gTileset_General,gTileset_Rustboro,native remaining
SouthernIsland_Interior,LAYOUT_SOUTHERN_ISLAND_INTERIOR,gTileset_General,gTileset_Rustboro,native remaining
TerraCave_End,LAYOUT_TERRA_CAVE_END,gTileset_General,gTileset_AraunaTerraCave03A,Arauna bank
TerraCave_Entrance,LAYOUT_TERRA_CAVE_ENTRANCE,gTileset_General,gTileset_AraunaTerraCave03A,Arauna bank
TradeCenter,LAYOUT_TRADE_CENTER,gTileset_Building,gTileset_CableClub,native remaining
TrainerHill_1F,LAYOUT_TRAINER_HILL_1F,gTileset_AraunaTrainerHill06APavilionBase,gTileset_AraunaTrainerHill06APavilionArt,Arauna bank
TrainerHill_2F,LAYOUT_TRAINER_HILL_2F,gTileset_AraunaTrainerHill06APavilionBase,gTileset_AraunaTrainerHill06APavilionArt,Arauna bank
TrainerHill_3F,LAYOUT_TRAINER_HILL_3F,gTileset_AraunaTrainerHill06APavilionBase,gTileset_AraunaTrainerHill06APavilionArt,Arauna bank
TrainerHill_4F,LAYOUT_TRAINER_HILL_4F,gTileset_AraunaTrainerHill06APavilionBase,gTileset_AraunaTrainerHill06APavilionArt,Arauna bank
TrainerHill_Elevator,LAYOUT_ARAUNA_TRAINER_HILL_06A_ELEVATOR,gTileset_AraunaTrainerHill06AElevatorBase,gTileset_AraunaTrainerHill06AElevatorArt,Arauna bank
TrainerHill_Entrance,LAYOUT_TRAINER_HILL_ENTRANCE,gTileset_AraunaTrainerHill06APavilionBase,gTileset_AraunaTrainerHill06APavilionArt,Arauna bank
TrainerHill_Roof,LAYOUT_TRAINER_HILL_ROOF,gTileset_AraunaTrainerHill06APavilionBase,gTileset_AraunaTrainerHill06APavilionArt,Arauna bank
Underwater_MarineCave,LAYOUT_UNDERWATER_MARINE_CAVE,gTileset_General,gTileset_AraunaDive04Mare,Arauna bank
Underwater_Route105,LAYOUT_UNDERWATER_ROUTE105,gTileset_General,gTileset_AraunaDive04Costa,Arauna bank
Underwater_Route124,LAYOUT_UNDERWATER_ROUTE124,gTileset_General,gTileset_AraunaDive04Arquipelago,Arauna bank
Underwater_Route125,LAYOUT_UNDERWATER_ROUTE125,gTileset_General,gTileset_AraunaDive04Mare,Arauna bank
Underwater_Route126,LAYOUT_UNDERWATER_ROUTE126,gTileset_General,gTileset_AraunaDive04Arquipelago,Arauna bank
Underwater_Route127,LAYOUT_UNDERWATER_ROUTE127,gTileset_General,gTileset_AraunaDive04Oceano,Arauna bank
Underwater_Route128,LAYOUT_UNDERWATER_ROUTE128,gTileset_General,gTileset_AraunaDive04Oceano,Arauna bank
Underwater_Route129,LAYOUT_UNDERWATER_ROUTE129,gTileset_General,gTileset_AraunaDive04Oceano,Arauna bank
Underwater_Route134,LAYOUT_UNDERWATER_ROUTE134,gTileset_General,gTileset_AraunaDive04Arquivo,Arauna bank
Underwater_SeafloorCavern,LAYOUT_UNDERWATER_SEAFLOOR_CAVERN,gTileset_General,gTileset_AraunaDive04Horizonte,Arauna bank
Underwater_SealedChamber,LAYOUT_UNDERWATER_SEALED_CHAMBER,gTileset_General,gTileset_AraunaDive04Arquivo,Arauna bank
Underwater_SootopolisCity,LAYOUT_UNDERWATER_SOOTOPOLIS_CITY,gTileset_General,gTileset_AraunaDive04Arquipelago,Arauna bank
UnionRoom,LAYOUT_UNION_ROOM,gTileset_Building,gTileset_UnionRoom,native remaining
UnusedContestHall1,LAYOUT_UNUSED_CONTEST_HALL1,gTileset_Building,gTileset_Contest,inactive
UnusedContestHall2,LAYOUT_UNUSED_CONTEST_HALL2,gTileset_Building,gTileset_Contest,inactive
UnusedContestHall3,LAYOUT_UNUSED_CONTEST_HALL3,gTileset_Building,gTileset_Contest,inactive
UnusedContestHall4,LAYOUT_UNUSED_CONTEST_HALL4,gTileset_Building,gTileset_Contest,inactive
UnusedContestHall5,LAYOUT_UNUSED_CONTEST_HALL5,gTileset_Building,gTileset_Contest,inactive
UnusedContestHall6,LAYOUT_UNUSED_CONTEST_HALL6,gTileset_Building,gTileset_Contest,inactive
VerdanturfTown,LAYOUT_VERDANTURF_TOWN,gTileset_AraunaBorderVerdanturfTownBaseUivoV1,gTileset_AraunaBorderVerdanturfTownArtUivoV1,Arauna bank
VerdanturfTown_BattleTentBattleRoom,LAYOUT_ARAUNA_VALE_INTERIORS_BATTLETENTBATTLEROOM,gTileset_General,gTileset_AraunaValePavilhao,Arauna bank
VerdanturfTown_BattleTentCorridor,LAYOUT_ARAUNA_VALE_INTERIORS_BATTLETENTCORRIDOR,gTileset_Building,gTileset_AraunaValePavilhao,Arauna bank
VerdanturfTown_BattleTentLobby,LAYOUT_ARAUNA_VALE_INTERIORS_BATTLETENTLOBBY,gTileset_Building,gTileset_AraunaValePavilhao,Arauna bank
VerdanturfTown_FriendshipRatersHouse,LAYOUT_ARAUNA_VALE_INTERIORS_FRIENDSHIPRATERSHOUSE,gTileset_Building,gTileset_AraunaValeInteriorsV1,Arauna bank
VerdanturfTown_House,LAYOUT_ARAUNA_VALE_INTERIORS_HOUSE,gTileset_Building,gTileset_AraunaValeInteriorsV1,Arauna bank
VerdanturfTown_Mart,LAYOUT_ARAUNA_VALE_INTERIORS_MART,gTileset_Building,gTileset_AraunaValeInteriorsV1,Arauna bank
VerdanturfTown_PokemonCenter_1F,LAYOUT_ARAUNA_VALE_INTERIORS_POKEMONCENTER_1F,gTileset_Building,gTileset_AraunaValeInteriorsV1,Arauna bank
VerdanturfTown_PokemonCenter_2F,LAYOUT_ARAUNA_VALE_INTERIORS_POKEMONCENTER_2F,gTileset_Building,gTileset_AraunaValeInteriorsV1,Arauna bank
VerdanturfTown_WandasHouse,LAYOUT_ARAUNA_VALE_INTERIORS_WANDASHOUSE,gTileset_Building,gTileset_AraunaValeInteriorsV1,Arauna bank
VictoryRoad_1F,LAYOUT_VICTORY_ROAD_1F,gTileset_AraunaGrutasVictoryBaseV1,gTileset_AraunaGrutasVictoryRochaV1,Arauna bank
VictoryRoad_B1F,LAYOUT_VICTORY_ROAD_B1F,gTileset_AraunaGrutasVictoryBaseV1,gTileset_AraunaGrutasVictoryRochaV1,Arauna bank
VictoryRoad_B2F,LAYOUT_VICTORY_ROAD_B2F,gTileset_AraunaGrutasVictoryBaseV1,gTileset_AraunaGrutasVictoryRochaV1,Arauna bank
