slot,family_id,stage,codename,primary_biome,type_1,type_2,battle_role,obtain_phase,batch,concept_status,sprite_status,integration_status,notes
001,ARA-001-PICA,1/3,Projeto Pica-pau I,Mata das Araucárias,Grass,,physical-control,starter,0,confirmed,not-started,not-started,Forma inicial; silhueta pendente
002,ARA-001-PICA,2/3,Projeto Pica-pau II,Mata das Araucárias,Grass,,physical-control,evolution,0,confirmed,not-started,not-started,Tipo secundário intermediário em teste
003,ARA-001-PICA,3/3,Projeto Pica-pau III,Mata das Araucárias,Grass,Rock,physical-control,evolution,0,confirmed,not-started,not-started,Forma final confirmada Grass/Rock
004,ARA-002-CARAMELO,1/3,Projeto Caramelo I,Mata das Araucárias,Fire,,balanced-offense,starter,0,confirmed,silhouette-b-approved,not-started,Proposta B escolhida; folha refinada aguarda aprovação
005,ARA-002-CARAMELO,2/3,Projeto Caramelo II,Mata das Araucárias,Fire,,balanced-offense,evolution,0,confirmed,not-started,not-started,Forma intermediária ainda sem arte
006,ARA-002-CARAMELO,3/3,Projeto Caramelo III,Mata das Araucárias,Fire,Dragon,balanced-offense,evolution,0,confirmed,not-started,not-started,Forma final confirmada Fire/Dragon
007,ARA-003-QUERO,1/3,Projeto Quero-quero I,Áreas alagáveis,Water,,speed-utility,starter,0,confirmed,not-started,not-started,Forma inicial; silhueta pendente
008,ARA-003-QUERO,2/3,Projeto Quero-quero II,Áreas alagáveis,Water,,speed-utility,evolution,0,confirmed,not-started,not-started,Tipo secundário intermediário em teste
009,ARA-003-QUERO,3/3,Projeto Quero-quero III,Áreas alagáveis,Water,Bug,speed-utility,evolution,0,confirmed,not-started,not-started,Forma final confirmada Water/Bug
010,ARA-004-CUTIA,1/2,Projeto Cutia,Mata das Araucárias,Normal,,fast-physical,early-route-day,1,draft-for-review,not-started,not-started,Mamífero comum; coleta sementes e berries
011,ARA-004-CUTIA,2/2,Projeto Paca,Mata das Araucárias,Normal,Ground,physical-utility,evolution,1,draft-for-review,not-started,not-started,Escava depósitos e abre rotas de sementes
012,ARA-005-MARIPOSA,1/3,Projeto Casulo de Névoa,Mata Atlântica,Bug,,status-support,early-route-night,1,draft-for-review,not-started,not-started,Larva escondida em líquens úmidos
013,ARA-005-MARIPOSA,2/3,Projeto Crisálida Nebulosa,Mata Atlântica,Bug,,defensive-status,evolution,1,draft-for-review,not-started,not-started,Casulo defensivo ligado à neblina
014,ARA-005-MARIPOSA,3/3,Projeto Mariposa-bruxa,Mata Atlântica,Bug,Ghost,special-status,evolution-night,1,draft-for-review,not-started,not-started,Espécie noturna; encontro raro depois da ruína
015,ARA-006-GRALHA,1/2,Projeto Gralha-azul,Mata das Araucárias,Flying,,support-pivot,early-route-day,1,draft-for-review,not-started,not-started,Dispersa pinhões e marca caminhos seguros
016,ARA-006-GRALHA,2/2,Projeto Guardiã do Pinhão,Mata das Araucárias,Flying,Grass,support-pivot,rare-evolution,1,draft-for-review,not-started,not-started,Encontro raro; suporte e controle climático
017,ARA-007-CASCUDO,1/2,Projeto Cascudinho,Rios serranos,Water,,physical-defense,early-water,1,draft-for-review,not-started,not-started,Peixe aderente das pedras frias
018,ARA-007-CASCUDO,2/2,Projeto Cascudo de Basalto,Rios serranos,Water,Rock,physical-defense,evolution,1,draft-for-review,not-started,not-started,Parede física; protege leitos de rio
019,TBD-019,,RESERVED,TBD,,,,TBD,TBD,reserved,not-started,not-started,Slot reservado para planejamento posterior
020,TBD-020,,RESERVED,TBD,,,,TBD,TBD,reserved,not-started,not-started,Slot reservado para planejamento posterior
021,TBD-021,,RESERVED,TBD,,,,TBD,TBD,reserved,not-started,not-started,Slot reservado para planejamento posterior
022,TBD-022,,RESERVED,TBD,,,,TBD,TBD,reserved,not-started,not-started,Slot reservado para planejamento posterior
023,TBD-023,,RESERVED,TBD,,,,TBD,TBD,reserved,not-started,not-started,Slot reservado para planejamento posterior
024,TBD-024,,RESERVED,TBD,,,,TBD,TBD,reserved,not-started,not-started,Slot reservado para planejamento posterior
025,TBD-025,,RESERVED,TBD,,,,TBD,TBD,reserved,not-started,not-started,Slot reservado para planejamento posterior
026,TBD-026,,RESERVED,TBD,,,,TBD,TBD,reserved,not-started,not-started,Slot reservado para planejamento posterior
027,TBD-027,,RESERVED,TBD,,,,TBD,TBD,reserved,not-started,not-started,Slot reservado para planejamento posterior
028,TBD-028,,RESERVED,TBD,,,,TBD,TBD,reserved,not-started,not-started,Slot reservado para planejamento posterior
029,TBD-029,,RESERVED,TBD,,,,TBD,TBD,reserved,not-started,not-started,Slot reservado para planejamento posterior
030,TBD-030,,RESERVED,TBD,,,,TBD,TBD,reserved,not-started,not-started,Slot reservado para planejamento posterior
031,TBD-031,,RESERVED,TBD,,,,TBD,TBD,reserved,not-started,not-started,Slot reservado para planejamento posterior
032,TBD-032,,RESERVED,TBD,,,,TBD,TBD,reserved,not-started,not-started,Slot reservado para planejamento posterior
033,TBD-033,,RESERVED,TBD,,,,TBD,TBD,reserved,not-started,not-started,Slot reservado para planejamento posterior
034,TBD-034,,RESERVED,TBD,,,,TBD,TBD,reserved,not-started,not-started,Slot reservado para planejamento posterior
035,TBD-035,,RESERVED,TBD,,,,TBD,TBD,reserved,not-started,not-started,Slot reservado para planejamento posterior
036,TBD-036,,RESERVED,TBD,,,,TBD,TBD,reserved,not-started,not-started,Slot reservado para planejamento posterior
037,TBD-037,,RESERVED,TBD,,,,TBD,TBD,reserved,not-started,not-started,Slot reservado para planejamento posterior
038,TBD-038,,RESERVED,TBD,,,,TBD,TBD,reserved,not-started,not-started,Slot reservado para planejamento posterior
039,TBD-039,,RESERVED,TBD,,,,TBD,TBD,reserved,not-started,not-started,Slot reservado para planejamento posterior
040,TBD-040,,RESERVED,TBD,,,,TBD,TBD,reserved,not-started,not-started,Slot reservado para planejamento posterior
041,TBD-041,,RESERVED,TBD,,,,TBD,TBD,reserved,not-started,not-started,Slot reservado para planejamento posterior
042,TBD-042,,RESERVED,TBD,,,,TBD,TBD,reserved,not-started,not-started,Slot reservado para planejamento posterior
043,TBD-043,,RESERVED,TBD,,,,TBD,TBD,reserved,not-started,not-started,Slot reservado para planejamento posterior
044,TBD-044,,RESERVED,TBD,,,,TBD,TBD,reserved,not-started,not-started,Slot reservado para planejamento posterior
045,TBD-045,,RESERVED,TBD,,,,TBD,TBD,reserved,not-started,not-started,Slot reservado para planejamento posterior
046,TBD-046,,RESERVED,TBD,,,,TBD,TBD,reserved,not-started,not-started,Slot reservado para planejamento posterior
047,TBD-047,,RESERVED,TBD,,,,TBD,TBD,reserved,not-started,not-started,Slot reservado para planejamento posterior
048,TBD-048,,RESERVED,TBD,,,,TBD,TBD,reserved,not-started,not-started,Slot reservado para planejamento posterior
049,TBD-049,,RESERVED,TBD,,,,TBD,TBD,reserved,not-started,not-started,Slot reservado para planejamento posterior
050,TBD-050,,RESERVED,TBD,,,,TBD,TBD,reserved,not-started,not-started,Slot reservado para planejamento posterior
051,TBD-051,,RESERVED,TBD,,,,TBD,TBD,reserved,not-started,not-started,Slot reservado para planejamento posterior
052,TBD-052,,RESERVED,TBD,,,,TBD,TBD,reserved,not-started,not-started,Slot reservado para planejamento posterior
053,TBD-053,,RESERVED,TBD,,,,TBD,TBD,reserved,not-started,not-started,Slot reservado para planejamento posterior
054,TBD-054,,RESERVED,TBD,,,,TBD,TBD,reserved,not-started,not-started,Slot reservado para planejamento posterior
055,TBD-055,,RESERVED,TBD,,,,TBD,TBD,reserved,not-started,not-started,Slot reservado para planejamento posterior
056,TBD-056,,RESERVED,TBD,,,,TBD,TBD,reserved,not-started,not-started,Slot reservado para planejamento posterior
057,TBD-057,,RESERVED,TBD,,,,TBD,TBD,reserved,not-started,not-started,Slot reservado para planejamento posterior
058,TBD-058,,RESERVED,TBD,,,,TBD,TBD,reserved,not-started,not-started,Slot reservado para planejamento posterior
059,TBD-059,,RESERVED,TBD,,,,TBD,TBD,reserved,not-started,not-started,Slot reservado para planejamento posterior
060,TBD-060,,RESERVED,TBD,,,,TBD,TBD,reserved,not-started,not-started,Slot reservado para planejamento posterior
061,TBD-061,,RESERVED,TBD,,,,TBD,TBD,reserved,not-started,not-started,Slot reservado para planejamento posterior
062,TBD-062,,RESERVED,TBD,,,,TBD,TBD,reserved,not-started,not-started,Slot reservado para planejamento posterior
063,TBD-063,,RESERVED,TBD,,,,TBD,TBD,reserved,not-started,not-started,Slot reservado para planejamento posterior
064,TBD-064,,RESERVED,TBD,,,,TBD,TBD,reserved,not-started,not-started,Slot reservado para planejamento posterior
065,TBD-065,,RESERVED,TBD,,,,TBD,TBD,reserved,not-started,not-started,Slot reservado para planejamento posterior
066,TBD-066,,RESERVED,TBD,,,,TBD,TBD,reserved,not-started,not-started,Slot reservado para planejamento posterior
067,TBD-067,,RESERVED,TBD,,,,TBD,TBD,reserved,not-started,not-started,Slot reservado para planejamento posterior
068,TBD-068,,RESERVED,TBD,,,,TBD,TBD,reserved,not-started,not-started,Slot reservado para planejamento posterior
069,TBD-069,,RESERVED,TBD,,,,TBD,TBD,reserved,not-started,not-started,Slot reservado para planejamento posterior
070,TBD-070,,RESERVED,TBD,,,,TBD,TBD,reserved,not-started,not-started,Slot reservado para planejamento posterior
071,TBD-071,,RESERVED,TBD,,,,TBD,TBD,reserved,not-started,not-started,Slot reservado para planejamento posterior
072,TBD-072,,RESERVED,TBD,,,,TBD,TBD,reserved,not-started,not-started,Slot reservado para planejamento posterior
073,TBD-073,,RESERVED,TBD,,,,TBD,TBD,reserved,not-started,not-started,Slot reservado para planejamento posterior
074,TBD-074,,RESERVED,TBD,,,,TBD,TBD,reserved,not-started,not-started,Slot reservado para planejamento posterior
075,TBD-075,,RESERVED,TBD,,,,TBD,TBD,reserved,not-started,not-started,Slot reservado para planejamento posterior
076,TBD-076,,RESERVED,TBD,,,,TBD,TBD,reserved,not-started,not-started,Slot reservado para planejamento posterior
077,TBD-077,,RESERVED,TBD,,,,TBD,TBD,reserved,not-started,not-started,Slot reservado para planejamento posterior
078,TBD-078,,RESERVED,TBD,,,,TBD,TBD,reserved,not-started,not-started,Slot reservado para planejamento posterior
079,TBD-079,,RESERVED,TBD,,,,TBD,TBD,reserved,not-started,not-started,Slot reservado para planejamento posterior
080,TBD-080,,RESERVED,TBD,,,,TBD,TBD,reserved,not-started,not-started,Slot reservado para planejamento posterior
081,TBD-081,,RESERVED,TBD,,,,TBD,TBD,reserved,not-started,not-started,Slot reservado para planejamento posterior
082,TBD-082,,RESERVED,TBD,,,,TBD,TBD,reserved,not-started,not-started,Slot reservado para planejamento posterior
083,TBD-083,,RESERVED,TBD,,,,TBD,TBD,reserved,not-started,not-started,Slot reservado para planejamento posterior
084,TBD-084,,RESERVED,TBD,,,,TBD,TBD,reserved,not-started,not-started,Slot reservado para planejamento posterior
085,TBD-085,,RESERVED,TBD,,,,TBD,TBD,reserved,not-started,not-started,Slot reservado para planejamento posterior
086,TBD-086,,RESERVED,TBD,,,,TBD,TBD,reserved,not-started,not-started,Slot reservado para planejamento posterior
087,TBD-087,,RESERVED,TBD,,,,TBD,TBD,reserved,not-started,not-started,Slot reservado para planejamento posterior
088,TBD-088,,RESERVED,TBD,,,,TBD,TBD,reserved,not-started,not-started,Slot reservado para planejamento posterior
089,TBD-089,,RESERVED,TBD,,,,TBD,TBD,reserved,not-started,not-started,Slot reservado para planejamento posterior
090,TBD-090,,RESERVED,TBD,,,,TBD,TBD,reserved,not-started,not-started,Slot reservado para planejamento posterior
091,TBD-091,,RESERVED,TBD,,,,TBD,TBD,reserved,not-started,not-started,Slot reservado para planejamento posterior
092,TBD-092,,RESERVED,TBD,,,,TBD,TBD,reserved,not-started,not-started,Slot reservado para planejamento posterior
093,TBD-093,,RESERVED,TBD,,,,TBD,TBD,reserved,not-started,not-started,Slot reservado para planejamento posterior
094,TBD-094,,RESERVED,TBD,,,,TBD,TBD,reserved,not-started,not-started,Slot reservado para planejamento posterior
095,TBD-095,,RESERVED,TBD,,,,TBD,TBD,reserved,not-started,not-started,Slot reservado para planejamento posterior
096,TBD-096,,RESERVED,TBD,,,,TBD,TBD,reserved,not-started,not-started,Slot reservado para planejamento posterior
097,TBD-097,,RESERVED,TBD,,,,TBD,TBD,reserved,not-started,not-started,Slot reservado para planejamento posterior
098,TBD-098,,RESERVED,TBD,,,,TBD,TBD,reserved,not-started,not-started,Slot reservado para planejamento posterior
099,TBD-099,,RESERVED,TBD,,,,TBD,TBD,reserved,not-started,not-started,Slot reservado para planejamento posterior
100,TBD-100,,RESERVED,TBD,,,,TBD,TBD,reserved,not-started,not-started,Slot reservado para planejamento posterior
101,TBD-101,,RESERVED,TBD,,,,TBD,TBD,reserved,not-started,not-started,Slot reservado para planejamento posterior
102,TBD-102,,RESERVED,TBD,,,,TBD,TBD,reserved,not-started,not-started,Slot reservado para planejamento posterior
103,TBD-103,,RESERVED,TBD,,,,TBD,TBD,reserved,not-started,not-started,Slot reservado para planejamento posterior
104,TBD-104,,RESERVED,TBD,,,,TBD,TBD,reserved,not-started,not-started,Slot reservado para planejamento posterior
105,TBD-105,,RESERVED,TBD,,,,TBD,TBD,reserved,not-started,not-started,Slot reservado para planejamento posterior
106,TBD-106,,RESERVED,TBD,,,,TBD,TBD,reserved,not-started,not-started,Slot reservado para planejamento posterior
107,TBD-107,,RESERVED,TBD,,,,TBD,TBD,reserved,not-started,not-started,Slot reservado para planejamento posterior
108,TBD-108,,RESERVED,TBD,,,,TBD,TBD,reserved,not-started,not-started,Slot reservado para planejamento posterior
109,TBD-109,,RESERVED,TBD,,,,TBD,TBD,reserved,not-started,not-started,Slot reservado para planejamento posterior
110,TBD-110,,RESERVED,TBD,,,,TBD,TBD,reserved,not-started,not-started,Slot reservado para planejamento posterior
111,TBD-111,,RESERVED,TBD,,,,TBD,TBD,reserved,not-started,not-started,Slot reservado para planejamento posterior
112,TBD-112,,RESERVED,TBD,,,,TBD,TBD,reserved,not-started,not-started,Slot reservado para planejamento posterior
113,TBD-113,,RESERVED,TBD,,,,TBD,TBD,reserved,not-started,not-started,Slot reservado para planejamento posterior
114,TBD-114,,RESERVED,TBD,,,,TBD,TBD,reserved,not-started,not-started,Slot reservado para planejamento posterior
115,TBD-115,,RESERVED,TBD,,,,TBD,TBD,reserved,not-started,not-started,Slot reservado para planejamento posterior
116,TBD-116,,RESERVED,TBD,,,,TBD,TBD,reserved,not-started,not-started,Slot reservado para planejamento posterior
117,TBD-117,,RESERVED,TBD,,,,TBD,TBD,reserved,not-started,not-started,Slot reservado para planejamento posterior
118,TBD-118,,RESERVED,TBD,,,,TBD,TBD,reserved,not-started,not-started,Slot reservado para planejamento posterior
119,TBD-119,,RESERVED,TBD,,,,TBD,TBD,reserved,not-started,not-started,Slot reservado para planejamento posterior
120,TBD-120,,RESERVED,TBD,,,,TBD,TBD,reserved,not-started,not-started,Slot reservado para planejamento posterior
121,TBD-121,,RESERVED,TBD,,,,TBD,TBD,reserved,not-started,not-started,Slot reservado para planejamento posterior
122,TBD-122,,RESERVED,TBD,,,,TBD,TBD,reserved,not-started,not-started,Slot reservado para planejamento posterior
123,TBD-123,,RESERVED,TBD,,,,TBD,TBD,reserved,not-started,not-started,Slot reservado para planejamento posterior
124,TBD-124,,RESERVED,TBD,,,,TBD,TBD,reserved,not-started,not-started,Slot reservado para planejamento posterior
125,TBD-125,,RESERVED,TBD,,,,TBD,TBD,reserved,not-started,not-started,Slot reservado para planejamento posterior
126,TBD-126,,RESERVED,TBD,,,,TBD,TBD,reserved,not-started,not-started,Slot reservado para planejamento posterior
127,TBD-127,,RESERVED,TBD,,,,TBD,TBD,reserved,not-started,not-started,Slot reservado para planejamento posterior
128,TBD-128,,RESERVED,TBD,,,,TBD,TBD,reserved,not-started,not-started,Slot reservado para planejamento posterior
129,TBD-129,,RESERVED,TBD,,,,TBD,TBD,reserved,not-started,not-started,Slot reservado para planejamento posterior
130,TBD-130,,RESERVED,TBD,,,,TBD,TBD,reserved,not-started,not-started,Slot reservado para planejamento posterior
131,TBD-131,,RESERVED,TBD,,,,TBD,TBD,reserved,not-started,not-started,Slot reservado para planejamento posterior
132,TBD-132,,RESERVED,TBD,,,,TBD,TBD,reserved,not-started,not-started,Slot reservado para planejamento posterior
133,TBD-133,,RESERVED,TBD,,,,TBD,TBD,reserved,not-started,not-started,Slot reservado para planejamento posterior
134,TBD-134,,RESERVED,TBD,,,,TBD,TBD,reserved,not-started,not-started,Slot reservado para planejamento posterior
135,TBD-135,,RESERVED,TBD,,,,TBD,TBD,reserved,not-started,not-started,Slot reservado para planejamento posterior
136,TBD-136,,RESERVED,TBD,,,,TBD,TBD,reserved,not-started,not-started,Slot reservado para planejamento posterior
137,TBD-137,,RESERVED,TBD,,,,TBD,TBD,reserved,not-started,not-started,Slot reservado para planejamento posterior
138,TBD-138,,RESERVED,TBD,,,,TBD,TBD,reserved,not-started,not-started,Slot reservado para planejamento posterior
139,TBD-139,,RESERVED,TBD,,,,TBD,TBD,reserved,not-started,not-started,Slot reservado para planejamento posterior
140,TBD-140,,RESERVED,TBD,,,,TBD,TBD,reserved,not-started,not-started,Slot reservado para planejamento posterior
141,TBD-141,,RESERVED,TBD,,,,TBD,TBD,reserved,not-started,not-started,Slot reservado para planejamento posterior
142,TBD-142,,RESERVED,TBD,,,,TBD,TBD,reserved,not-started,not-started,Slot reservado para planejamento posterior
143,TBD-143,,RESERVED,TBD,,,,TBD,TBD,reserved,not-started,not-started,Slot reservado para planejamento posterior
144,TBD-144,,RESERVED,TBD,,,,TBD,TBD,reserved,not-started,not-started,Slot reservado para planejamento posterior
145,TBD-145,,RESERVED,TBD,,,,TBD,TBD,reserved,not-started,not-started,Slot reservado para planejamento posterior
146,TBD-146,,RESERVED,TBD,,,,TBD,TBD,reserved,not-started,not-started,Slot reservado para planejamento posterior
147,TBD-147,,RESERVED,TBD,,,,TBD,TBD,reserved,not-started,not-started,Slot reservado para planejamento posterior
148,TBD-148,,RESERVED,TBD,,,,TBD,TBD,reserved,not-started,not-started,Slot reservado para planejamento posterior
149,TBD-149,,RESERVED,TBD,,,,TBD,TBD,reserved,not-started,not-started,Slot reservado para planejamento posterior
150,TBD-150,,RESERVED,TBD,,,,TBD,TBD,reserved,not-started,not-started,Slot reservado para planejamento posterior
151,TBD-151,,RESERVED,TBD,,,,TBD,TBD,reserved,not-started,not-started,Slot reservado para planejamento posterior
152,TBD-152,,RESERVED,TBD,,,,TBD,TBD,reserved,not-started,not-started,Slot reservado para planejamento posterior
153,TBD-153,,RESERVED,TBD,,,,TBD,TBD,reserved,not-started,not-started,Slot reservado para planejamento posterior
154,TBD-154,,RESERVED,TBD,,,,TBD,TBD,reserved,not-started,not-started,Slot reservado para planejamento posterior
155,TBD-155,,RESERVED,TBD,,,,TBD,TBD,reserved,not-started,not-started,Slot reservado para planejamento posterior
156,TBD-156,,RESERVED,TBD,,,,TBD,TBD,reserved,not-started,not-started,Slot reservado para planejamento posterior
157,TBD-157,,RESERVED,TBD,,,,TBD,TBD,reserved,not-started,not-started,Slot reservado para planejamento posterior
158,TBD-158,,RESERVED,TBD,,,,TBD,TBD,reserved,not-started,not-started,Slot reservado para planejamento posterior
159,TBD-159,,RESERVED,TBD,,,,TBD,TBD,reserved,not-started,not-started,Slot reservado para planejamento posterior
160,TBD-160,,RESERVED,TBD,,,,TBD,TBD,reserved,not-started,not-started,Slot reservado para planejamento posterior
161,TBD-161,,RESERVED,TBD,,,,TBD,TBD,reserved,not-started,not-started,Slot reservado para planejamento posterior
162,TBD-162,,RESERVED,TBD,,,,TBD,TBD,reserved,not-started,not-started,Slot reservado para planejamento posterior
163,TBD-163,,RESERVED,TBD,,,,TBD,TBD,reserved,not-started,not-started,Slot reservado para planejamento posterior
164,TBD-164,,RESERVED,TBD,,,,TBD,TBD,reserved,not-started,not-started,Slot reservado para planejamento posterior
165,TBD-165,,RESERVED,TBD,,,,TBD,TBD,reserved,not-started,not-started,Slot reservado para planejamento posterior
166,TBD-166,,RESERVED,TBD,,,,TBD,TBD,reserved,not-started,not-started,Slot reservado para planejamento posterior
167,TBD-167,,RESERVED,TBD,,,,TBD,TBD,reserved,not-started,not-started,Slot reservado para planejamento posterior
168,TBD-168,,RESERVED,TBD,,,,TBD,TBD,reserved,not-started,not-started,Slot reservado para planejamento posterior
169,TBD-169,,RESERVED,TBD,,,,TBD,TBD,reserved,not-started,not-started,Slot reservado para planejamento posterior
170,TBD-170,,RESERVED,TBD,,,,TBD,TBD,reserved,not-started,not-started,Slot reservado para planejamento posterior
171,TBD-171,,RESERVED,TBD,,,,TBD,TBD,reserved,not-started,not-started,Slot reservado para planejamento posterior
172,TBD-172,,RESERVED,TBD,,,,TBD,TBD,reserved,not-started,not-started,Slot reservado para planejamento posterior
173,TBD-173,,RESERVED,TBD,,,,TBD,TBD,reserved,not-started,not-started,Slot reservado para planejamento posterior
174,TBD-174,,RESERVED,TBD,,,,TBD,TBD,reserved,not-started,not-started,Slot reservado para planejamento posterior
175,TBD-175,,RESERVED,TBD,,,,TBD,TBD,reserved,not-started,not-started,Slot reservado para planejamento posterior
176,TBD-176,,RESERVED,TBD,,,,TBD,TBD,reserved,not-started,not-started,Slot reservado para planejamento posterior
177,TBD-177,,RESERVED,TBD,,,,TBD,TBD,reserved,not-started,not-started,Slot reservado para planejamento posterior
178,TBD-178,,RESERVED,TBD,,,,TBD,TBD,reserved,not-started,not-started,Slot reservado para planejamento posterior
179,TBD-179,,RESERVED,TBD,,,,TBD,TBD,reserved,not-started,not-started,Slot reservado para planejamento posterior
180,TBD-180,,RESERVED,TBD,,,,TBD,TBD,reserved,not-started,not-started,Slot reservado para planejamento posterior
181,TBD-181,,RESERVED,TBD,,,,TBD,TBD,reserved,not-started,not-started,Slot reservado para planejamento posterior
182,TBD-182,,RESERVED,TBD,,,,TBD,TBD,reserved,not-started,not-started,Slot reservado para planejamento posterior
183,TBD-183,,RESERVED,TBD,,,,TBD,TBD,reserved,not-started,not-started,Slot reservado para planejamento posterior
184,TBD-184,,RESERVED,TBD,,,,TBD,TBD,reserved,not-started,not-started,Slot reservado para planejamento posterior
185,TBD-185,,RESERVED,TBD,,,,TBD,TBD,reserved,not-started,not-started,Slot reservado para planejamento posterior
186,TBD-186,,RESERVED,TBD,,,,TBD,TBD,reserved,not-started,not-started,Slot reservado para planejamento posterior
187,TBD-187,,RESERVED,TBD,,,,TBD,TBD,reserved,not-started,not-started,Slot reservado para planejamento posterior
188,TBD-188,,RESERVED,TBD,,,,TBD,TBD,reserved,not-started,not-started,Slot reservado para planejamento posterior
189,TBD-189,,RESERVED,TBD,,,,TBD,TBD,reserved,not-started,not-started,Slot reservado para planejamento posterior
190,TBD-190,,RESERVED,TBD,,,,TBD,TBD,reserved,not-started,not-started,Slot reservado para planejamento posterior
191,TBD-191,,RESERVED,TBD,,,,TBD,TBD,reserved,not-started,not-started,Slot reservado para planejamento posterior
192,TBD-192,,RESERVED,TBD,,,,TBD,TBD,reserved,not-started,not-started,Slot reservado para planejamento posterior
193,TBD-193,,RESERVED,TBD,,,,TBD,TBD,reserved,not-started,not-started,Slot reservado para planejamento posterior
194,TBD-194,,RESERVED,TBD,,,,TBD,TBD,reserved,not-started,not-started,Slot reservado para planejamento posterior
195,TBD-195,,RESERVED,TBD,,,,TBD,TBD,reserved,not-started,not-started,Slot reservado para planejamento posterior
196,TBD-196,,RESERVED,TBD,,,,TBD,TBD,reserved,not-started,not-started,Slot reservado para planejamento posterior
197,TBD-197,,RESERVED,TBD,,,,TBD,TBD,reserved,not-started,not-started,Slot reservado para planejamento posterior
198,TBD-198,,RESERVED,TBD,,,,TBD,TBD,reserved,not-started,not-started,Slot reservado para planejamento posterior
199,TBD-199,,RESERVED,TBD,,,,TBD,TBD,reserved,not-started,not-started,Slot reservado para planejamento posterior
200,TBD-200,,RESERVED,TBD,,,,TBD,TBD,reserved,not-started,not-started,Slot reservado para planejamento posterior
201,TBD-201,,RESERVED,TBD,,,,TBD,TBD,reserved,not-started,not-started,Slot reservado para planejamento posterior
202,TBD-202,,RESERVED,TBD,,,,TBD,TBD,reserved,not-started,not-started,Slot reservado para planejamento posterior
203,TBD-203,,RESERVED,TBD,,,,TBD,TBD,reserved,not-started,not-started,Slot reservado para planejamento posterior
204,TBD-204,,RESERVED,TBD,,,,TBD,TBD,reserved,not-started,not-started,Slot reservado para planejamento posterior
205,TBD-205,,RESERVED,TBD,,,,TBD,TBD,reserved,not-started,not-started,Slot reservado para planejamento posterior
206,TBD-206,,RESERVED,TBD,,,,TBD,TBD,reserved,not-started,not-started,Slot reservado para planejamento posterior
207,TBD-207,,RESERVED,TBD,,,,TBD,TBD,reserved,not-started,not-started,Slot reservado para planejamento posterior
208,TBD-208,,RESERVED,TBD,,,,TBD,TBD,reserved,not-started,not-started,Slot reservado para planejamento posterior
209,TBD-209,,RESERVED,TBD,,,,TBD,TBD,reserved,not-started,not-started,Slot reservado para planejamento posterior
210,TBD-210,,RESERVED,TBD,,,,TBD,TBD,reserved,not-started,not-started,Slot reservado para planejamento posterior
211,TBD-211,,RESERVED,TBD,,,,TBD,TBD,reserved,not-started,not-started,Slot reservado para planejamento posterior
212,TBD-212,,RESERVED,TBD,,,,TBD,TBD,reserved,not-started,not-started,Slot reservado para planejamento posterior
213,TBD-213,,RESERVED,TBD,,,,TBD,TBD,reserved,not-started,not-started,Slot reservado para planejamento posterior
214,TBD-214,,RESERVED,TBD,,,,TBD,TBD,reserved,not-started,not-started,Slot reservado para planejamento posterior
215,TBD-215,,RESERVED,TBD,,,,TBD,TBD,reserved,not-started,not-started,Slot reservado para planejamento posterior
216,TBD-216,,RESERVED,TBD,,,,TBD,TBD,reserved,not-started,not-started,Slot reservado para planejamento posterior
217,TBD-217,,RESERVED,TBD,,,,TBD,TBD,reserved,not-started,not-started,Slot reservado para planejamento posterior
218,TBD-218,,RESERVED,TBD,,,,TBD,TBD,reserved,not-started,not-started,Slot reservado para planejamento posterior
219,TBD-219,,RESERVED,TBD,,,,TBD,TBD,reserved,not-started,not-started,Slot reservado para planejamento posterior
220,TBD-220,,RESERVED,TBD,,,,TBD,TBD,reserved,not-started,not-started,Slot reservado para planejamento posterior
221,TBD-221,,RESERVED,TBD,,,,TBD,TBD,reserved,not-started,not-started,Slot reservado para planejamento posterior
222,TBD-222,,RESERVED,TBD,,,,TBD,TBD,reserved,not-started,not-started,Slot reservado para planejamento posterior
223,TBD-223,,RESERVED,TBD,,,,TBD,TBD,reserved,not-started,not-started,Slot reservado para planejamento posterior
224,TBD-224,,RESERVED,TBD,,,,TBD,TBD,reserved,not-started,not-started,Slot reservado para planejamento posterior
225,TBD-225,,RESERVED,TBD,,,,TBD,TBD,reserved,not-started,not-started,Slot reservado para planejamento posterior
226,TBD-226,,RESERVED,TBD,,,,TBD,TBD,reserved,not-started,not-started,Slot reservado para planejamento posterior
227,TBD-227,,RESERVED,TBD,,,,TBD,TBD,reserved,not-started,not-started,Slot reservado para planejamento posterior
228,TBD-228,,RESERVED,TBD,,,,TBD,TBD,reserved,not-started,not-started,Slot reservado para planejamento posterior
229,TBD-229,,RESERVED,TBD,,,,TBD,TBD,reserved,not-started,not-started,Slot reservado para planejamento posterior
230,TBD-230,,RESERVED,TBD,,,,TBD,TBD,reserved,not-started,not-started,Slot reservado para planejamento posterior
231,TBD-231,,RESERVED,TBD,,,,TBD,TBD,reserved,not-started,not-started,Slot reservado para planejamento posterior
232,TBD-232,,RESERVED,TBD,,,,TBD,TBD,reserved,not-started,not-started,Slot reservado para planejamento posterior
233,TBD-233,,RESERVED,TBD,,,,TBD,TBD,reserved,not-started,not-started,Slot reservado para planejamento posterior
234,TBD-234,,RESERVED,TBD,,,,TBD,TBD,reserved,not-started,not-started,Slot reservado para planejamento posterior
235,TBD-235,,RESERVED,TBD,,,,TBD,TBD,reserved,not-started,not-started,Slot reservado para planejamento posterior
236,TBD-236,,RESERVED,TBD,,,,TBD,TBD,reserved,not-started,not-started,Slot reservado para planejamento posterior
237,TBD-237,,RESERVED,TBD,,,,TBD,TBD,reserved,not-started,not-started,Slot reservado para planejamento posterior
238,TBD-238,,RESERVED,TBD,,,,TBD,TBD,reserved,not-started,not-started,Slot reservado para planejamento posterior
239,TBD-239,,RESERVED,TBD,,,,TBD,TBD,reserved,not-started,not-started,Slot reservado para planejamento posterior
240,TBD-240,,RESERVED,TBD,,,,TBD,TBD,reserved,not-started,not-started,Slot reservado para planejamento posterior
241,TBD-241,,RESERVED,TBD,,,,TBD,TBD,reserved,not-started,not-started,Slot reservado para planejamento posterior
242,TBD-242,,RESERVED,TBD,,,,TBD,TBD,reserved,not-started,not-started,Slot reservado para planejamento posterior
243,TBD-243,,RESERVED,TBD,,,,TBD,TBD,reserved,not-started,not-started,Slot reservado para planejamento posterior
244,TBD-244,,RESERVED,TBD,,,,TBD,TBD,reserved,not-started,not-started,Slot reservado para planejamento posterior
245,TBD-245,,RESERVED,TBD,,,,TBD,TBD,reserved,not-started,not-started,Slot reservado para planejamento posterior
246,TBD-246,,RESERVED,TBD,,,,TBD,TBD,reserved,not-started,not-started,Slot reservado para planejamento posterior
247,TBD-247,,RESERVED,TBD,,,,TBD,TBD,reserved,not-started,not-started,Slot reservado para planejamento posterior
248,TBD-248,,RESERVED,TBD,,,,TBD,TBD,reserved,not-started,not-started,Slot reservado para planejamento posterior
249,TBD-249,,RESERVED,TBD,,,,TBD,TBD,reserved,not-started,not-started,Slot reservado para planejamento posterior
250,TBD-250,,RESERVED,TBD,,,,TBD,TBD,reserved,not-started,not-started,Slot reservado para planejamento posterior
251,TBD-251,,RESERVED,TBD,,,,TBD,TBD,reserved,not-started,not-started,Slot reservado para planejamento posterior
252,TBD-252,,RESERVED,TBD,,,,TBD,TBD,reserved,not-started,not-started,Slot reservado para planejamento posterior
253,TBD-253,,RESERVED,TBD,,,,TBD,TBD,reserved,not-started,not-started,Slot reservado para planejamento posterior
254,TBD-254,,RESERVED,TBD,,,,TBD,TBD,reserved,not-started,not-started,Slot reservado para planejamento posterior
255,TBD-255,,RESERVED,TBD,,,,TBD,TBD,reserved,not-started,not-started,Slot reservado para planejamento posterior
256,TBD-256,,RESERVED,TBD,,,,TBD,TBD,reserved,not-started,not-started,Slot reservado para planejamento posterior
257,TBD-257,,RESERVED,TBD,,,,TBD,TBD,reserved,not-started,not-started,Slot reservado para planejamento posterior
258,TBD-258,,RESERVED,TBD,,,,TBD,TBD,reserved,not-started,not-started,Slot reservado para planejamento posterior
259,TBD-259,,RESERVED,TBD,,,,TBD,TBD,reserved,not-started,not-started,Slot reservado para planejamento posterior
260,TBD-260,,RESERVED,TBD,,,,TBD,TBD,reserved,not-started,not-started,Slot reservado para planejamento posterior
261,TBD-261,,RESERVED,TBD,,,,TBD,TBD,reserved,not-started,not-started,Slot reservado para planejamento posterior
262,TBD-262,,RESERVED,TBD,,,,TBD,TBD,reserved,not-started,not-started,Slot reservado para planejamento posterior
263,TBD-263,,RESERVED,TBD,,,,TBD,TBD,reserved,not-started,not-started,Slot reservado para planejamento posterior
264,TBD-264,,RESERVED,TBD,,,,TBD,TBD,reserved,not-started,not-started,Slot reservado para planejamento posterior
265,TBD-265,,RESERVED,TBD,,,,TBD,TBD,reserved,not-started,not-started,Slot reservado para planejamento posterior
266,TBD-266,,RESERVED,TBD,,,,TBD,TBD,reserved,not-started,not-started,Slot reservado para planejamento posterior
267,TBD-267,,RESERVED,TBD,,,,TBD,TBD,reserved,not-started,not-started,Slot reservado para planejamento posterior
268,TBD-268,,RESERVED,TBD,,,,TBD,TBD,reserved,not-started,not-started,Slot reservado para planejamento posterior
269,TBD-269,,RESERVED,TBD,,,,TBD,TBD,reserved,not-started,not-started,Slot reservado para planejamento posterior
270,TBD-270,,RESERVED,TBD,,,,TBD,TBD,reserved,not-started,not-started,Slot reservado para planejamento posterior
271,TBD-271,,RESERVED,TBD,,,,TBD,TBD,reserved,not-started,not-started,Slot reservado para planejamento posterior
272,TBD-272,,RESERVED,TBD,,,,TBD,TBD,reserved,not-started,not-started,Slot reservado para planejamento posterior
273,TBD-273,,RESERVED,TBD,,,,TBD,TBD,reserved,not-started,not-started,Slot reservado para planejamento posterior
274,TBD-274,,RESERVED,TBD,,,,TBD,TBD,reserved,not-started,not-started,Slot reservado para planejamento posterior
275,TBD-275,,RESERVED,TBD,,,,TBD,TBD,reserved,not-started,not-started,Slot reservado para planejamento posterior
276,TBD-276,,RESERVED,TBD,,,,TBD,TBD,reserved,not-started,not-started,Slot reservado para planejamento posterior
277,TBD-277,,RESERVED,TBD,,,,TBD,TBD,reserved,not-started,not-started,Slot reservado para planejamento posterior
278,TBD-278,,RESERVED,TBD,,,,TBD,TBD,reserved,not-started,not-started,Slot reservado para planejamento posterior
279,TBD-279,,RESERVED,TBD,,,,TBD,TBD,reserved,not-started,not-started,Slot reservado para planejamento posterior
280,TBD-280,,RESERVED,TBD,,,,TBD,TBD,reserved,not-started,not-started,Slot reservado para planejamento posterior
281,TBD-281,,RESERVED,TBD,,,,TBD,TBD,reserved,not-started,not-started,Slot reservado para planejamento posterior
282,TBD-282,,RESERVED,TBD,,,,TBD,TBD,reserved,not-started,not-started,Slot reservado para planejamento posterior
283,TBD-283,,RESERVED,TBD,,,,TBD,TBD,reserved,not-started,not-started,Slot reservado para planejamento posterior
284,TBD-284,,RESERVED,TBD,,,,TBD,TBD,reserved,not-started,not-started,Slot reservado para planejamento posterior
285,TBD-285,,RESERVED,TBD,,,,TBD,TBD,reserved,not-started,not-started,Slot reservado para planejamento posterior
286,TBD-286,,RESERVED,TBD,,,,TBD,TBD,reserved,not-started,not-started,Slot reservado para planejamento posterior
287,TBD-287,,RESERVED,TBD,,,,TBD,TBD,reserved,not-started,not-started,Slot reservado para planejamento posterior
288,TBD-288,,RESERVED,TBD,,,,TBD,TBD,reserved,not-started,not-started,Slot reservado para planejamento posterior
289,TBD-289,,RESERVED,TBD,,,,TBD,TBD,reserved,not-started,not-started,Slot reservado para planejamento posterior
290,TBD-290,,RESERVED,TBD,,,,TBD,TBD,reserved,not-started,not-started,Slot reservado para planejamento posterior
291,TBD-291,,RESERVED,TBD,,,,TBD,TBD,reserved,not-started,not-started,Slot reservado para planejamento posterior
292,TBD-292,,RESERVED,TBD,,,,TBD,TBD,reserved,not-started,not-started,Slot reservado para planejamento posterior
293,TBD-293,,RESERVED,TBD,,,,TBD,TBD,reserved,not-started,not-started,Slot reservado para planejamento posterior
294,TBD-294,,RESERVED,TBD,,,,TBD,TBD,reserved,not-started,not-started,Slot reservado para planejamento posterior
295,TBD-295,,RESERVED,TBD,,,,TBD,TBD,reserved,not-started,not-started,Slot reservado para planejamento posterior
296,TBD-296,,RESERVED,TBD,,,,TBD,TBD,reserved,not-started,not-started,Slot reservado para planejamento posterior
297,TBD-297,,RESERVED,TBD,,,,TBD,TBD,reserved,not-started,not-started,Slot reservado para planejamento posterior
298,TBD-298,,RESERVED,TBD,,,,TBD,TBD,reserved,not-started,not-started,Slot reservado para planejamento posterior
299,TBD-299,,RESERVED,TBD,,,,TBD,TBD,reserved,not-started,not-started,Slot reservado para planejamento posterior
300,TBD-300,,RESERVED,TBD,,,,TBD,TBD,reserved,not-started,not-started,Slot reservado para planejamento posterior
301,TBD-301,,RESERVED,TBD,,,,TBD,TBD,reserved,not-started,not-started,Slot reservado para planejamento posterior
302,TBD-302,,RESERVED,TBD,,,,TBD,TBD,reserved,not-started,not-started,Slot reservado para planejamento posterior
303,TBD-303,,RESERVED,TBD,,,,TBD,TBD,reserved,not-started,not-started,Slot reservado para planejamento posterior
304,TBD-304,,RESERVED,TBD,,,,TBD,TBD,reserved,not-started,not-started,Slot reservado para planejamento posterior
305,TBD-305,,RESERVED,TBD,,,,TBD,TBD,reserved,not-started,not-started,Slot reservado para planejamento posterior
306,TBD-306,,RESERVED,TBD,,,,TBD,TBD,reserved,not-started,not-started,Slot reservado para planejamento posterior
307,TBD-307,,RESERVED,TBD,,,,TBD,TBD,reserved,not-started,not-started,Slot reservado para planejamento posterior
308,TBD-308,,RESERVED,TBD,,,,TBD,TBD,reserved,not-started,not-started,Slot reservado para planejamento posterior
309,TBD-309,,RESERVED,TBD,,,,TBD,TBD,reserved,not-started,not-started,Slot reservado para planejamento posterior
310,TBD-310,,RESERVED,TBD,,,,TBD,TBD,reserved,not-started,not-started,Slot reservado para planejamento posterior
311,TBD-311,,RESERVED,TBD,,,,TBD,TBD,reserved,not-started,not-started,Slot reservado para planejamento posterior
312,TBD-312,,RESERVED,TBD,,,,TBD,TBD,reserved,not-started,not-started,Slot reservado para planejamento posterior
313,TBD-313,,RESERVED,TBD,,,,TBD,TBD,reserved,not-started,not-started,Slot reservado para planejamento posterior
314,TBD-314,,RESERVED,TBD,,,,TBD,TBD,reserved,not-started,not-started,Slot reservado para planejamento posterior
315,TBD-315,,RESERVED,TBD,,,,TBD,TBD,reserved,not-started,not-started,Slot reservado para planejamento posterior
316,TBD-316,,RESERVED,TBD,,,,TBD,TBD,reserved,not-started,not-started,Slot reservado para planejamento posterior
317,TBD-317,,RESERVED,TBD,,,,TBD,TBD,reserved,not-started,not-started,Slot reservado para planejamento posterior
318,TBD-318,,RESERVED,TBD,,,,TBD,TBD,reserved,not-started,not-started,Slot reservado para planejamento posterior
319,TBD-319,,RESERVED,TBD,,,,TBD,TBD,reserved,not-started,not-started,Slot reservado para planejamento posterior
320,TBD-320,,RESERVED,TBD,,,,TBD,TBD,reserved,not-started,not-started,Slot reservado para planejamento posterior
321,TBD-321,,RESERVED,TBD,,,,TBD,TBD,reserved,not-started,not-started,Slot reservado para planejamento posterior
322,TBD-322,,RESERVED,TBD,,,,TBD,TBD,reserved,not-started,not-started,Slot reservado para planejamento posterior
323,TBD-323,,RESERVED,TBD,,,,TBD,TBD,reserved,not-started,not-started,Slot reservado para planejamento posterior
324,TBD-324,,RESERVED,TBD,,,,TBD,TBD,reserved,not-started,not-started,Slot reservado para planejamento posterior
325,TBD-325,,RESERVED,TBD,,,,TBD,TBD,reserved,not-started,not-started,Slot reservado para planejamento posterior
326,TBD-326,,RESERVED,TBD,,,,TBD,TBD,reserved,not-started,not-started,Slot reservado para planejamento posterior
327,TBD-327,,RESERVED,TBD,,,,TBD,TBD,reserved,not-started,not-started,Slot reservado para planejamento posterior
328,TBD-328,,RESERVED,TBD,,,,TBD,TBD,reserved,not-started,not-started,Slot reservado para planejamento posterior
329,TBD-329,,RESERVED,TBD,,,,TBD,TBD,reserved,not-started,not-started,Slot reservado para planejamento posterior
330,TBD-330,,RESERVED,TBD,,,,TBD,TBD,reserved,not-started,not-started,Slot reservado para planejamento posterior
331,TBD-331,,RESERVED,TBD,,,,TBD,TBD,reserved,not-started,not-started,Slot reservado para planejamento posterior
332,TBD-332,,RESERVED,TBD,,,,TBD,TBD,reserved,not-started,not-started,Slot reservado para planejamento posterior
333,TBD-333,,RESERVED,TBD,,,,TBD,TBD,reserved,not-started,not-started,Slot reservado para planejamento posterior
334,TBD-334,,RESERVED,TBD,,,,TBD,TBD,reserved,not-started,not-started,Slot reservado para planejamento posterior
335,TBD-335,,RESERVED,TBD,,,,TBD,TBD,reserved,not-started,not-started,Slot reservado para planejamento posterior
336,TBD-336,,RESERVED,TBD,,,,TBD,TBD,reserved,not-started,not-started,Slot reservado para planejamento posterior
337,TBD-337,,RESERVED,TBD,,,,TBD,TBD,reserved,not-started,not-started,Slot reservado para planejamento posterior
338,TBD-338,,RESERVED,TBD,,,,TBD,TBD,reserved,not-started,not-started,Slot reservado para planejamento posterior
339,TBD-339,,RESERVED,TBD,,,,TBD,TBD,reserved,not-started,not-started,Slot reservado para planejamento posterior
340,TBD-340,,RESERVED,TBD,,,,TBD,TBD,reserved,not-started,not-started,Slot reservado para planejamento posterior
341,TBD-341,,RESERVED,TBD,,,,TBD,TBD,reserved,not-started,not-started,Slot reservado para planejamento posterior
342,TBD-342,,RESERVED,TBD,,,,TBD,TBD,reserved,not-started,not-started,Slot reservado para planejamento posterior
343,TBD-343,,RESERVED,TBD,,,,TBD,TBD,reserved,not-started,not-started,Slot reservado para planejamento posterior
344,TBD-344,,RESERVED,TBD,,,,TBD,TBD,reserved,not-started,not-started,Slot reservado para planejamento posterior
345,TBD-345,,RESERVED,TBD,,,,TBD,TBD,reserved,not-started,not-started,Slot reservado para planejamento posterior
346,TBD-346,,RESERVED,TBD,,,,TBD,TBD,reserved,not-started,not-started,Slot reservado para planejamento posterior
347,TBD-347,,RESERVED,TBD,,,,TBD,TBD,reserved,not-started,not-started,Slot reservado para planejamento posterior
348,TBD-348,,RESERVED,TBD,,,,TBD,TBD,reserved,not-started,not-started,Slot reservado para planejamento posterior
349,TBD-349,,RESERVED,TBD,,,,TBD,TBD,reserved,not-started,not-started,Slot reservado para planejamento posterior
350,TBD-350,,RESERVED,TBD,,,,TBD,TBD,reserved,not-started,not-started,Slot reservado para planejamento posterior
351,TBD-351,,RESERVED,TBD,,,,TBD,TBD,reserved,not-started,not-started,Slot reservado para planejamento posterior
352,TBD-352,,RESERVED,TBD,,,,TBD,TBD,reserved,not-started,not-started,Slot reservado para planejamento posterior
353,TBD-353,,RESERVED,TBD,,,,TBD,TBD,reserved,not-started,not-started,Slot reservado para planejamento posterior
354,TBD-354,,RESERVED,TBD,,,,TBD,TBD,reserved,not-started,not-started,Slot reservado para planejamento posterior
355,TBD-355,,RESERVED,TBD,,,,TBD,TBD,reserved,not-started,not-started,Slot reservado para planejamento posterior
356,TBD-356,,RESERVED,TBD,,,,TBD,TBD,reserved,not-started,not-started,Slot reservado para planejamento posterior
357,TBD-357,,RESERVED,TBD,,,,TBD,TBD,reserved,not-started,not-started,Slot reservado para planejamento posterior
358,TBD-358,,RESERVED,TBD,,,,TBD,TBD,reserved,not-started,not-started,Slot reservado para planejamento posterior
359,TBD-359,,RESERVED,TBD,,,,TBD,TBD,reserved,not-started,not-started,Slot reservado para planejamento posterior
360,TBD-360,,RESERVED,TBD,,,,TBD,TBD,reserved,not-started,not-started,Slot reservado para planejamento posterior
361,TBD-361,,RESERVED,TBD,,,,TBD,TBD,reserved,not-started,not-started,Slot reservado para planejamento posterior
362,TBD-362,,RESERVED,TBD,,,,TBD,TBD,reserved,not-started,not-started,Slot reservado para planejamento posterior
363,TBD-363,,RESERVED,TBD,,,,TBD,TBD,reserved,not-started,not-started,Slot reservado para planejamento posterior
364,TBD-364,,RESERVED,TBD,,,,TBD,TBD,reserved,not-started,not-started,Slot reservado para planejamento posterior
365,TBD-365,,RESERVED,TBD,,,,TBD,TBD,reserved,not-started,not-started,Slot reservado para planejamento posterior
366,TBD-366,,RESERVED,TBD,,,,TBD,TBD,reserved,not-started,not-started,Slot reservado para planejamento posterior
367,TBD-367,,RESERVED,TBD,,,,TBD,TBD,reserved,not-started,not-started,Slot reservado para planejamento posterior
368,TBD-368,,RESERVED,TBD,,,,TBD,TBD,reserved,not-started,not-started,Slot reservado para planejamento posterior
369,TBD-369,,RESERVED,TBD,,,,TBD,TBD,reserved,not-started,not-started,Slot reservado para planejamento posterior
370,TBD-370,,RESERVED,TBD,,,,TBD,TBD,reserved,not-started,not-started,Slot reservado para planejamento posterior
371,TBD-371,,RESERVED,TBD,,,,TBD,TBD,reserved,not-started,not-started,Slot reservado para planejamento posterior
372,TBD-372,,RESERVED,TBD,,,,TBD,TBD,reserved,not-started,not-started,Slot reservado para planejamento posterior
373,TBD-373,,RESERVED,TBD,,,,TBD,TBD,reserved,not-started,not-started,Slot reservado para planejamento posterior
374,TBD-374,,RESERVED,TBD,,,,TBD,TBD,reserved,not-started,not-started,Slot reservado para planejamento posterior
375,TBD-375,,RESERVED,TBD,,,,TBD,TBD,reserved,not-started,not-started,Slot reservado para planejamento posterior
376,TBD-376,,RESERVED,TBD,,,,TBD,TBD,reserved,not-started,not-started,Slot reservado para planejamento posterior
377,TBD-377,,RESERVED,TBD,,,,TBD,TBD,reserved,not-started,not-started,Slot reservado para planejamento posterior
378,TBD-378,,RESERVED,TBD,,,,TBD,TBD,reserved,not-started,not-started,Slot reservado para planejamento posterior
379,TBD-379,,RESERVED,TBD,,,,TBD,TBD,reserved,not-started,not-started,Slot reservado para planejamento posterior
380,TBD-380,,RESERVED,TBD,,,,TBD,TBD,reserved,not-started,not-started,Slot reservado para planejamento posterior
381,TBD-381,,RESERVED,TBD,,,,TBD,TBD,reserved,not-started,not-started,Slot reservado para planejamento posterior
382,TBD-382,,RESERVED,TBD,,,,TBD,TBD,reserved,not-started,not-started,Slot reservado para planejamento posterior
383,TBD-383,,RESERVED,TBD,,,,TBD,TBD,reserved,not-started,not-started,Slot reservado para planejamento posterior
384,TBD-384,,RESERVED,TBD,,,,TBD,TBD,reserved,not-started,not-started,Slot reservado para planejamento posterior
385,TBD-385,,RESERVED,TBD,,,,TBD,TBD,reserved,not-started,not-started,Slot reservado para planejamento posterior
386,TBD-386,,RESERVED,TBD,,,,TBD,TBD,reserved,not-started,not-started,Slot reservado para planejamento posterior
